level,pcode,year,spi
zone,NE,2026,-0.12025804181285447
zone,NE,2025,0.3597055590985352
zone,NE,2024,1.2544299981277158
zone,NE,2023,-0.36186017750159566
zone,NE,2022,-0.7906606379701132
zone,NE,2021,0.25040068165895624
zone,NE,2020,0.07186778207182822
zone,NE,2019,-0.46348331404366055
zone,NE,2018,0.25386713681760736
zone,NE,2017,0.5160142409221368
zone,NE,2016,0.7207210593611201
zone,NE,2015,-0.6374096975945087
zone,NE,2014,-0.303439419352867
zone,NE,2013,-0.7082525803771452
zone,NE,2012,0.6253047950586643
zone,NE,2011,-0.28211373225809583
zone,NE,2010,0.9811818439140864
zone,NE,2009,-0.5758559192962519
zone,NE,2008,0.25735801127520064
zone,NE,2007,0.1991136652637044
zone,NE,2006,-1.1968877602911958
zone,NE,2005,0.9998533358199941
zone,NE,2004,-0.7121781712906919
zone,NE,2003,1.2174885466975436
zone,NE,2002,-0.06036194212203041
zone,NE,2001,0.38062098044191095
zone,NE,2000,0.2639182630751468
zone,NE,1999,0.19580083088559433
zone,NE,1998,0.3535867153026458
zone,NE,1997,-0.47581721180274583
zone,NE,1996,-0.8313754101921231
zone,NE,1995,-0.5955310939078758
zone,NE,1994,0.41833082133696514
zone,NE,1993,-0.8787734558470535
zone,NE,1992,-0.08786189554437517
zone,NE,1991,-0.1613439917899574
1,NE006,2026,0.40660245760934743
1,NE006,2025,-0.25140159148122293
1,NE006,2024,1.1936590831286722
1,NE006,2023,-1.580535850455514
1,NE006,2022,-2.2322549828934903
1,NE006,2021,-0.2091193526249023
1,NE006,2020,0.37527348728348864
1,NE006,2019,-0.7384885800094241
1,NE006,2018,-0.5041328213023575
1,NE006,2017,0.8643316524733378
1,NE006,2016,0.39419892545770213
1,NE006,2015,0.4113665895688627
1,NE006,2014,0.23274463807677448
1,NE006,2013,-0.5765759928208011
1,NE006,2012,-0.012612660478817846
1,NE006,2011,-0.5744913568037313
1,NE006,2010,0.34337784441326663
1,NE006,2009,-0.17464702370698712
1,NE006,2008,0.22306423828127855
1,NE006,2007,0.37264284565402367
1,NE006,2006,-0.40747464164048
1,NE006,2005,1.0112552934045609
1,NE006,2004,-0.3818415744121865
1,NE006,2003,1.0486358062409618
1,NE006,2002,-0.1519300223525117
1,NE006,2001,1.096618207454849
1,NE006,2000,0.8679719570095016
1,NE006,1999,0.44090706481037223
1,NE006,1998,1.02402884517274
1,NE006,1997,-0.6031603475607785
1,NE006,1996,-0.5728958918715732
1,NE006,1995,-0.7429937705577095
1,NE006,1994,-0.05671111339920709
1,NE006,1993,-0.7137330053875609
1,NE006,1992,0.31695684287772447
1,NE006,1991,-0.22025354157908253
1,NE003,2026,0.28745762756073606
1,NE003,2025,-0.30219350995125266
1,NE003,2024,0.9563933855895559
1,NE003,2023,-1.5771490761671347
1,NE003,2022,-1.838594004764538
1,NE003,2021,-0.3193115510150801
1,NE003,2020,0.48983755632619636
1,NE003,2019,0.14305184606030455
1,NE003,2018,-0.1362841698026241
1,NE003,2017,0.11368722760575847
1,NE003,2016,-0.26414291252057187
1,NE003,2015,-0.5392746816160963
1,NE003,2014,0.3539777076338463
1,NE003,2013,-0.16904482171062138
1,NE003,2012,-0.38052449818423684
1,NE003,2011,-0.9031012557341046
1,NE003,2010,0.3119049557384381
1,NE003,2009,0.2475328803770404
1,NE003,2008,0.2984931470914949
1,NE003,2007,-0.022412922419962806
1,NE003,2006,-0.17949782350940055
1,NE003,2005,1.5512477580805637
1,NE003,2004,-0.4096999711732399
1,NE003,2003,0.812442448298323
1,NE003,2002,0.48224976622052035
1,NE003,2001,0.9278229085218048
1,NE003,2000,0.9612727360594948
1,NE003,1999,-0.6129148081190642
1,NE003,1998,-0.14442946587126293
1,NE003,1997,0.3623909301628907
1,NE003,1996,-0.49306293753425146
1,NE003,1995,-0.9474237721296312
1,NE003,1994,1.135855833449549
1,NE003,1993,-0.24082553935570372
1,NE003,1992,-0.15753803652427115
1,NE003,1991,0.2193158653817418
1,NE004,2026,1.033839767790537
1,NE004,2025,0.33950707914722766
1,NE004,2024,1.5571865264695028
1,NE004,2023,0.4038673409997588
1,NE004,2022,-0.5323635217558612
1,NE004,2021,0.47153362287347483
1,NE004,2020,0.49916095901903446
1,NE004,2019,-1.2799853504442928
1,NE004,2018,-0.008331083911782744
1,NE004,2017,0.6414017802243398
1,NE004,2016,0.7383186377809163
1,NE004,2015,-0.6035324318486792
1,NE004,2014,0.0835252653511031
1,NE004,2013,-0.5807363445087919
1,NE004,2012,0.9994262156022965
1,NE004,2011,-0.2715475390539864
1,NE004,2010,0.8857245146384833
1,NE004,2009,-0.9590646791235438
1,NE004,2008,-0.1035848650034309
1,NE004,2007,-0.6742563679489024
1,NE004,2006,-1.2429423341203336
1,NE004,2005,0.8402717920360656
1,NE004,2004,-1.426702886416157
1,NE004,2003,0.6511162913049912
1,NE004,2002,-0.169971195876289
1,NE004,2001,1.5641730504543647
1,NE004,2000,0.5793222846227858
1,NE004,1999,0.1827376361859362
1,NE004,1998,0.25634274131946383
1,NE004,1997,-0.03696887401501066
1,NE004,1996,-0.6913617486112509
1,NE004,1995,-0.832515618091344
1,NE004,1994,-0.12859183513814412
1,NE004,1993,-1.9238039331662429
1,NE004,1992,-0.4308485602311543
1,NE004,1991,0.13987468699708178
1,NE007,2026,-0.3360461387396707
1,NE007,2025,0.6248123104670263
1,NE007,2024,1.3865115646691013
1,NE007,2023,0.10506140032831929
1,NE007,2022,-0.19176867997987365
1,NE007,2021,0.366327164466086
1,NE007,2020,-0.09411412170487443
1,NE007,2019,-0.386412810144168
1,NE007,2018,0.8298417065711536
1,NE007,2017,0.37686104096479073
1,NE007,2016,0.8917772727529764
1,NE007,2015,-0.9360100307150246
1,NE007,2014,-0.651583269902948
1,NE007,2013,-0.6476172883028658
1,NE007,2012,0.8100099266040244
1,NE007,2011,-0.17205640482727177
1,NE007,2010,1.4245601858604415
1,NE007,2009,-1.012869537119501
1,NE007,2008,0.1299475446688044
1,NE007,2007,0.3308436171481582
1,NE007,2006,-1.9562237824172912
1,NE007,2005,1.0716681427528472
1,NE007,2004,-0.5705375273444195
1,NE007,2003,1.5008189954659739
1,NE007,2002,0.08859743615779543
1,NE007,2001,0.1538441709636556
1,NE007,2000,-0.014373409159732462
1,NE007,1999,-0.023412206014374208
1,NE007,1998,-0.13356603814055248
1,NE007,1997,-0.5759206395926121
1,NE007,1996,-1.1786618150652273
1,NE007,1995,-0.18369077197885197
1,NE007,1994,0.3429436672586413
1,NE007,1993,-0.7652342290616768
1,NE007,1992,-0.41691123783873596
1,NE007,1991,-0.07279221118012925
1,NE008,2026,0.4522283780291477
1,NE008,2025,0.5051851821808506
1,NE008,2024,0.9724705109034703
1,NE008,2023,-1.6662619149618438
1,NE008,2022,-3.09709902211993
1,NE008,2021,-0.16652077720062702
1,NE008,2020,0.516363386188697
1,NE008,2019,-0.06241102669169114
1,NE008,2018,-1.6056455317588458
1,NE008,2017,1.8569901160844406
1,NE008,2016,-1.0609152529794101
1,NE008,2015,0.2539920137070526
1,NE008,2014,0.7413441684696267
1,NE008,2013,-1.2264819018805937
1,NE008,2012,-0.4755453135043339
1,NE008,2011,-0.7518997609050452
1,NE008,2010,-0.3016110929756019
1,NE008,2009,-0.27036083503868164
1,NE008,2008,0.7941690048904296
1,NE008,2007,-0.3513961285420224
1,NE008,2006,-0.45661807936727816
1,NE008,2005,1.624327690981403
1,NE008,2004,-0.6947258789405103
1,NE008,2003,-0.03443903388566839
1,NE008,2002,0.4372109193783795
1,NE008,2001,1.3852226901059037
1,NE008,2000,0.19477084402773376
1,NE008,1999,0.08217206442272758
1,NE008,1998,1.6489259614197964
1,NE008,1997,-0.3198750366002383
1,NE008,1996,-0.2014515580146979
1,NE008,1995,-0.35157035860036584
1,NE008,1994,0.5768451729694409
1,NE008,1993,0.18674166934103717
1,NE008,1992,1.4604827183038436
1,NE008,1991,-0.7564263634561572
1,NE001,2026,-0.5762996055934398
1,NE001,2025,0.9402659929180013
1,NE001,2024,0.8802779116891668
1,NE001,2023,-0.564710989956858
1,NE001,2022,-0.7919089378844069
1,NE001,2021,-0.22298704222767668
1,NE001,2020,-0.770385885586497
1,NE001,2019,0.08808047492237542
1,NE001,2018,0.3918983457162959
1,NE001,2017,0.4905032635200576
1,NE001,2016,1.5321650182079636
1,NE001,2015,-0.44728730423336527
1,NE001,2014,-0.46037009357198355
1,NE001,2013,-0.686439161424652
1,NE001,2012,0.9065754861142858
1,NE001,2011,0.3181543601082012
1,NE001,2010,1.9006393349491075
1,NE001,2009,-0.8724514189174508
1,NE001,2008,0.8291177627073847
1,NE001,2007,0.34731336601584967
1,NE001,2006,-1.7630863690640595
1,NE001,2005,0.8989216420248475
1,NE001,2004,-0.43023554020335525
1,NE001,2003,1.1846361125361717
1,NE001,2002,-0.05021296703816807
1,NE001,2001,0.1448695549677175
1,NE001,2000,-0.07436226019318616
1,NE001,1999,0.20779221283827148
1,NE001,1998,0.6825689802231382
1,NE001,1997,-0.5329232784517095
1,NE001,1996,-1.1700736606731206
1,NE001,1995,-0.9240459409039482
1,NE001,1994,-0.1094233952768652
1,NE001,1993,-1.1657900453643495
1,NE001,1992,0.1254841035428276
1,NE001,1991,-0.06864890709636974
1,NE005,2026,0.15351309239143704
1,NE005,2025,-0.18218685182764086
1,NE005,2024,0.8782025172862755
1,NE005,2023,0.10906325316348839
1,NE005,2022,-1.1632918639880716
1,NE005,2021,-0.11893005754982193
1,NE005,2020,0.1424915289452017
1,NE005,2019,-0.8135526703322286
1,NE005,2018,-0.5940473840858415
1,NE005,2017,1.3025175802767124
1,NE005,2016,0.8591759218210573
1,NE005,2015,0.10408053707228364
1,NE005,2014,-0.23225360305905565
1,NE005,2013,-0.9802472488715493
1,NE005,2012,1.0154744554299455
1,NE005,2011,-0.0358444336264007
1,NE005,2010,0.8322581674159663
1,NE005,2009,-0.1332076323072894
1,NE005,2008,0.4126645868013491
1,NE005,2007,-0.28856782734459685
1,NE005,2006,-0.4403387044501179
1,NE005,2005,1.2678318670454474
1,NE005,2004,-1.1852945037849607
1,NE005,2003,0.9355803508267002
1,NE005,2002,0.18492053877916867
1,NE005,2001,0.3390039896032961
1,NE005,2000,0.21245980515021962
1,NE005,1999,-0.3063178125962548
1,NE005,1998,1.1985360353453491
1,NE005,1997,-0.6486414166369849
1,NE005,1996,-0.5613639517124777
1,NE005,1995,-1.4899048256189549
1,NE005,1994,0.7117348661440371
1,NE005,1993,-1.2464989631665462
1,NE005,1992,0.014010613202127835
1,NE005,1991,-0.20088900145710048
1,NE002,2026,-0.8011538339876955
1,NE002,2025,0.8629595163380167
1,NE002,2024,1.6102943566208334
1,NE002,2023,-0.18716781078128264
1,NE002,2022,0.13934109041351808
1,NE002,2021,1.1481105731619266
1,NE002,2020,0.1350066219038744
1,NE002,2019,-0.1770543934221669
1,NE002,2018,0.9470309610480283
1,NE002,2017,-0.17753321526729338
1,NE002,2016,0.5064975196721588
1,NE002,2015,-1.9197591701010774
1,NE002,2014,-0.5675440725834179
1,NE002,2013,-0.8841078567469465
1,NE002,2012,0.6022694736694678
1,NE002,2011,-0.5336844439308223
1,NE002,2010,0.8045788017807419
1,NE002,2009,-0.640766024605155
1,NE002,2008,0.15374479678441985
1,NE002,2007,0.5860559806613163
1,NE002,2006,-1.4600606947354742
1,NE002,2005,0.6357764312999423
1,NE002,2004,-0.7879138319922462
1,NE002,2003,1.5561161826383492
1,NE002,2002,-0.5090717997847037
1,NE002,2001,-0.32992079949723463
1,NE002,2000,0.017808136580466732
1,NE002,1999,0.9679771841249476
1,NE002,1998,-0.27586701075034814
1,NE002,1997,-0.4600120789011957
1,NE002,1996,-0.7512234539639883
1,NE002,1995,0.08666189510858961
1,NE002,1994,0.9738659432836962
1,NE002,1993,-0.5556397444306288
1,NE002,1992,-0.061699250702724494
1,NE002,1991,-0.47768083922845533
2,NE001005,2026,-0.47499831299524853
2,NE001005,2025,0.16799733107891976
2,NE001005,2024,0.6613101431607243
2,NE001005,2023,-0.5106039572289727
2,NE001005,2022,-1.1662943654226077
2,NE001005,2021,-0.00030370637482315336
2,NE001005,2020,-0.6047025240571697
2,NE001005,2019,0.30116369654477215
2,NE001005,2018,0.012854992676841552
2,NE001005,2017,0.7562998434159156
2,NE001005,2016,1.7601704581504185
2,NE001005,2015,-0.455251771292925
2,NE001005,2014,-0.6262573722732614
2,NE001005,2013,-0.5981757569795039
2,NE001005,2012,0.9953006249703301
2,NE001005,2011,0.32808630740291245
2,NE001005,2010,1.8157524869673705
2,NE001005,2009,-0.5237467834972116
2,NE001005,2008,0.969099098170839
2,NE001005,2007,-0.14821875398349427
2,NE001005,2006,-1.2582934392527578
2,NE001005,2005,1.0834787237626027
2,NE001005,2004,-0.7671829639424569
2,NE001005,2003,0.9397826876866823
2,NE001005,2002,-0.3443441495807262
2,NE001005,2001,0.6083099678774515
2,NE001005,2000,-0.26214808834755843
2,NE001005,1999,0.4873177314649065
2,NE001005,1998,1.451809549812772
2,NE001005,1997,-0.8986502553265062
2,NE001005,1996,-1.0236646484829768
2,NE001005,1995,-1.112652495230333
2,NE001005,1994,-0.17997987083583178
2,NE001005,1993,-1.1285178222102032
2,NE001005,1992,0.2548646967140174
2,NE001005,1991,-0.3619132959001556
2,NE008001,2026,0.4522283780291477
2,NE008001,2025,0.5051851821808506
2,NE008001,2024,0.9724705109034703
2,NE008001,2023,-1.6662619149618438
2,NE008001,2022,-3.09709902211993
2,NE008001,2021,-0.16652077720062702
2,NE008001,2020,0.516363386188697
2,NE008001,2019,-0.06241102669169114
2,NE008001,2018,-1.6056455317588458
2,NE008001,2017,1.8569901160844406
2,NE008001,2016,-1.0609152529794101
2,NE008001,2015,0.2539920137070526
2,NE008001,2014,0.7413441684696267
2,NE008001,2013,-1.2264819018805937
2,NE008001,2012,-0.4755453135043339
2,NE008001,2011,-0.7518997609050452
2,NE008001,2010,-0.3016110929756019
2,NE008001,2009,-0.27036083503868164
2,NE008001,2008,0.7941690048904296
2,NE008001,2007,-0.3513961285420224
2,NE008001,2006,-0.45661807936727816
2,NE008001,2005,1.624327690981403
2,NE008001,2004,-0.6947258789405103
2,NE008001,2003,-0.03443903388566839
2,NE008001,2002,0.4372109193783795
2,NE008001,2001,1.3852226901059037
2,NE008001,2000,0.19477084402773376
2,NE008001,1999,0.08217206442272758
2,NE008001,1998,1.6489259614197964
2,NE008001,1997,-0.3198750366002383
2,NE008001,1996,-0.2014515580146979
2,NE008001,1995,-0.35157035860036584
2,NE008001,1994,0.5768451729694409
2,NE008001,1993,0.18674166934103717
2,NE008001,1992,1.4604827183038436
2,NE008001,1991,-0.7564263634561572
2,NE004003,2026,0.8225065973339676
2,NE004003,2025,0.43897729228671745
2,NE004003,2024,1.6027893010588798
2,NE004003,2023,0.562627019224325
2,NE004003,2022,-0.6947281374990963
2,NE004003,2021,0.6346299079323765
2,NE004003,2020,0.45494302299826417
2,NE004003,2019,-0.9580264510258292
2,NE004003,2018,0.1364626758826219
2,NE004003,2017,0.9151282960793387
2,NE004003,2016,0.9821826430500511
2,NE004003,2015,-0.34360849023989803
2,NE004003,2014,0.06809029830482578
2,NE004003,2013,-0.7762212390684269
2,NE004003,2012,1.1459844568525843
2,NE004003,2011,-0.19470113265140251
2,NE004003,2010,0.764895447451815
2,NE004003,2009,-1.0799381061154523
2,NE004003,2008,0.07332353632221343
2,NE004003,2007,-0.3950243763224279
2,NE004003,2006,-1.2013990763534736
2,NE004003,2005,0.9673114058292767
2,NE004003,2004,-1.6474302761522206
2,NE004003,2003,0.48317719526057124
2,NE004003,2002,-0.4475440279207688
2,NE004003,2001,1.4724881271626755
2,NE004003,2000,0.43478273814469226
2,NE004003,1999,0.22492605986395284
2,NE004003,1998,0.521543608158438
2,NE004003,1997,-0.30827003862690755
2,NE004003,1996,-0.41492656945191525
2,NE004003,1995,-1.0950635373116822
2,NE004003,1994,-0.4742378135800261
2,NE004003,1993,-2.642646058821098
2,NE004003,1992,-0.16937680538113367
2,NE004003,1991,0.028165998373804273
2,NE003004,2026,0.11701029791442695
2,NE003004,2025,-0.4957768942621959
2,NE003004,2024,1.0939268240437967
2,NE003004,2023,-1.5151831961730826
2,NE003004,2022,-2.5052878948512887
2,NE003004,2021,-0.1771887300851467
2,NE003004,2020,0.3825879927743097
2,NE003004,2019,0.3959818047882726
2,NE003004,2018,0.09534034228664014
2,NE003004,2017,0.4989188016689808
2,NE003004,2016,-0.8765155209102578
2,NE003004,2015,-0.5163785693521175
2,NE003004,2014,0.14133283289745233
2,NE003004,2013,-0.21270744603511169
2,NE003004,2012,-0.19476692815960167
2,NE003004,2011,-1.0429219895216268
2,NE003004,2010,0.46656671511478204
2,NE003004,2009,0.10692383986426639
2,NE003004,2008,0.7367032570405843
2,NE003004,2007,0.03360453283883183
2,NE003004,2006,-1.4806210678821441e-05
2,NE003004,2005,1.3235595210742457
2,NE003004,2004,-0.31685162984429743
2,NE003004,2003,0.6381110103444869
2,NE003004,2002,0.7734784090936119
2,NE003004,2001,1.1445082343715942
2,NE003004,2000,1.0123257921344153
2,NE003004,1999,-0.9267504043426066
2,NE003004,1998,0.2528798148932591
2,NE003004,1997,0.2842691402701285
2,NE003004,1996,-1.0634227055213747
2,NE003004,1995,-1.273444109952277
2,NE003004,1994,1.2640967197436135
2,NE003004,1993,0.12094270575169808
2,NE003004,1992,-0.09980787608671009
2,NE003004,1991,0.3088098516713725
2,NE003002,2026,-1.3196305958865497
2,NE003002,2025,-0.337547543308363
2,NE003002,2024,1.140922984711408
2,NE003002,2023,-2.1387971376689303
2,NE003002,2022,-2.213552339720631
2,NE003002,2021,-0.9801736428409797
2,NE003002,2020,-0.03346077535972718
2,NE003002,2019,0.67163714002711
2,NE003002,2018,0.8981073253351394
2,NE003002,2017,-0.3858028859432916
2,NE003002,2016,-0.6930079860795085
2,NE003002,2015,-0.7431936144629293
2,NE003002,2014,0.09947985941594953
2,NE003002,2013,-0.32980590533853177
2,NE003002,2012,0.1368057746970994
2,NE003002,2011,-1.3367191537659222
2,NE003002,2010,0.667954421154817
2,NE003002,2009,0.31270820851208986
2,NE003002,2008,0.20365792089065538
2,NE003002,2007,-0.13762754574535416
2,NE003002,2006,-0.7017364586301201
2,NE003002,2005,1.574323802091564
2,NE003002,2004,0.033586243279573234
2,NE003002,2003,0.8987872925755777
2,NE003002,2002,1.001281106146787
2,NE003002,2001,0.351083927883419
2,NE003002,2000,0.8724248769491376
2,NE003002,1999,-0.6222797258176596
2,NE003002,1998,1.0495377585860755
2,NE003002,1997,-0.22496607267424257
2,NE003002,1996,0.01841825746710545
2,NE003002,1995,-0.5560656307911653
2,NE003002,1994,1.2800028264262087
2,NE003002,1993,0.6468544253635778
2,NE003002,1992,0.5814796595936107
2,NE003002,1991,0.163215557346414
2,NE007004,2026,0.011336067899856946
2,NE007004,2025,-0.0808679260206393
2,NE007004,2024,1.3228362131313038
2,NE007004,2023,0.24500661201195395
2,NE007004,2022,-0.22448279630170145
2,NE007004,2021,1.0710115118288577
2,NE007004,2020,0.3537289724358061
2,NE007004,2019,0.09820556459369394
2,NE007004,2018,0.7727173344423434
2,NE007004,2017,0.15297896145363515
2,NE007004,2016,1.2838386506866228
2,NE007004,2015,-1.3919045479657735
2,NE007004,2014,-0.8385733787622945
2,NE007004,2013,-0.517105584085378
2,NE007004,2012,0.5318614822359391
2,NE007004,2011,-0.12735562990379543
2,NE007004,2010,1.6592695041051586
2,NE007004,2009,-1.1536982696323892
2,NE007004,2008,-0.4935152840479848
2,NE007004,2007,-0.2843614142743416
2,NE007004,2006,-1.9150582840597834
2,NE007004,2005,1.1894837385173325
2,NE007004,2004,-0.27040583234580656
2,NE007004,2003,1.8872734169615801
2,NE007004,2002,-0.18448012888267118
2,NE007004,2001,-0.14796778360146107
2,NE007004,2000,-0.621352447498161
2,NE007004,1999,-0.5863989034510318
2,NE007004,1998,-0.4028124772047984
2,NE007004,1997,-0.5917307583216038
2,NE007004,1996,-1.0133884241467288
2,NE007004,1995,0.08889635376964511
2,NE007004,1994,0.7133555111603984
2,NE007004,1993,-0.6341266926307723
2,NE007004,1992,-0.18750791100780242
2,NE007004,1991,0.42602935697339117
2,NE007009,2026,-0.3362678884162895
2,NE007009,2025,0.8805513774410151
2,NE007009,2024,1.7842627268790954
2,NE007009,2023,0.09070822604157061
2,NE007009,2022,-0.3371262192411714
2,NE007009,2021,0.33504091790448415
2,NE007009,2020,-0.35650228888452795
2,NE007009,2019,-0.4426483624236106
2,NE007009,2018,0.812898717095804
2,NE007009,2017,0.4912561564109624
2,NE007009,2016,0.9631069159478756
2,NE007009,2015,0.026531366211048787
2,NE007009,2014,-0.12259551485436997
2,NE007009,2013,-0.8864128206967165
2,NE007009,2012,0.9039722932028426
2,NE007009,2011,0.012187947306922254
2,NE007009,2010,1.462921313139979
2,NE007009,2009,-1.3884478656013222
2,NE007009,2008,0.5588440252031396
2,NE007009,2007,-0.10681801989363983
2,NE007009,2006,-2.7106619119506736
2,NE007009,2005,0.7858228566326287
2,NE007009,2004,-0.8337289624749789
2,NE007009,2003,1.3921303499149773
2,NE007009,2002,0.019349722304163684
2,NE007009,2001,0.6043635986572029
2,NE007009,2000,0.17490360725645263
2,NE007009,1999,0.019968608673066983
2,NE007009,1998,-0.011848007953330684
2,NE007009,1997,-0.8041962035989518
2,NE007009,1996,-0.9308348205617664
2,NE007009,1995,-0.6633380532916585
2,NE007009,1994,-0.4747850902525897
2,NE007009,1993,-0.9465849375091333
2,NE007009,1992,-0.3876204248899383
2,NE007009,1991,0.36465180059363206
2,NE003001,2026,0.759036848914032
2,NE003001,2025,-0.6327885403382527
2,NE003001,2024,1.451207198025517
2,NE003001,2023,-1.9348524341809088
2,NE003001,2022,-2.235445328647603
2,NE003001,2021,0.47531413153291907
2,NE003001,2020,0.21882938758221251
2,NE003001,2019,0.8971042645807261
2,NE003001,2018,-0.5628686497979727
2,NE003001,2017,0.44085542623342533
2,NE003001,2016,-1.097325281591927
2,NE003001,2015,-0.9460543285796602
2,NE003001,2014,0.3648962450280283
2,NE003001,2013,-0.012763793047827411
2,NE003001,2012,0.41257961243960173
2,NE003001,2011,-0.9248030597534287
2,NE003001,2010,0.08873342792105235
2,NE003001,2009,0.42520689551938085
2,NE003001,2008,0.457946764971844
2,NE003001,2007,0.07006645452242555
2,NE003001,2006,0.026615941618315906
2,NE003001,2005,1.5496358364757263
2,NE003001,2004,0.18911854552909765
2,NE003001,2003,0.1308007734145143
2,NE003001,2002,0.45750933120043424
2,NE003001,2001,1.4436985187057099
2,NE003001,2000,1.2864867651744112
2,NE003001,1999,-0.46853424517976133
2,NE003001,1998,-0.0006616660780155546
2,NE003001,1997,-0.031516309533724175
2,NE003001,1996,-1.5904858656926704
2,NE003001,1995,-0.7588048494090966
2,NE003001,1994,0.7414404877984955
2,NE003001,1993,-0.08398504314144771
2,NE003001,1992,-0.8988593032421038
2,NE003001,1991,0.2189341200293885
2,NE004008,2026,1.5480667085582993
2,NE004008,2025,0.5152979007442633
2,NE004008,2024,1.758662134953607
2,NE004008,2023,0.5363904273152773
2,NE004008,2022,-0.009489429850576117
2,NE004008,2021,0.8337190358649301
2,NE004008,2020,0.33674755493531794
2,NE004008,2019,-1.7955585603974173
2,NE004008,2018,0.21741105521581386
2,NE004008,2017,0.42717334434755044
2,NE004008,2016,1.0229438454975033
2,NE004008,2015,-0.23422076303023776
2,NE004008,2014,0.08815587077223826
2,NE004008,2013,-0.2628532959254915
2,NE004008,2012,0.7719772487140703
2,NE004008,2011,-0.45505136943070795
2,NE004008,2010,0.14425366145182733
2,NE004008,2009,-1.2634330438024637
2,NE004008,2008,-0.6605651833685353
2,NE004008,2007,-0.6946448406341138
2,NE004008,2006,-1.8026797678156161
2,NE004008,2005,0.6301208356083616
2,NE004008,2004,-1.1748685233772729
2,NE004008,2003,0.8260468231162144
2,NE004008,2002,-0.14784194139306212
2,NE004008,2001,1.925570346338876
2,NE004008,2000,0.29774669493530875
2,NE004008,1999,0.17526892187563753
2,NE004008,1998,-0.235807787401236
2,NE004008,1997,0.43411446460605896
2,NE004008,1996,-1.0153909141375916
2,NE004008,1995,-0.1215636690420498
2,NE004008,1994,-0.6926169603825835
2,NE004008,1993,-1.4082571660973084
2,NE004008,1992,-0.7630889023310039
2,NE004008,1991,0.34852419108110166
2,NE003007,2026,0.06169799158915992
2,NE003007,2025,-0.23782435869685672
2,NE003007,2024,1.0931822231917936
2,NE003007,2023,-1.6194183369786277
2,NE003007,2022,-2.607144541764249
2,NE003007,2021,-0.5665588617776371
2,NE003007,2020,0.8554181496176284
2,NE003007,2019,-0.3894156796410449
2,NE003007,2018,-0.9859362228669838
2,NE003007,2017,-0.4411270669798418
2,NE003007,2016,-0.3350387757463521
2,NE003007,2015,-0.04974975470958105
2,NE003007,2014,0.29173006356846704
2,NE003007,2013,0.1480942992483656
2,NE003007,2012,-0.9069404913864438
2,NE003007,2011,-0.1590513470100411
2,NE003007,2010,0.7459406306180667
2,NE003007,2009,-0.040464530680358726
2,NE003007,2008,0.6858165770077324
2,NE003007,2007,-0.33727076881581164
2,NE003007,2006,0.2830607198623292
2,NE003007,2005,1.19567973836676
2,NE003007,2004,-1.206511574392484
2,NE003007,2003,0.9385051646790823
2,NE003007,2002,0.24507260279869153
2,NE003007,2001,1.6867938054524785
2,NE003007,2000,1.5691693402406246
2,NE003007,1999,-0.9745696834122619
2,NE003007,1998,-0.15208257356314053
2,NE003007,1997,1.1650800531583816
2,NE003007,1996,-0.6120632063318201
2,NE003007,1995,-0.34302719786230096
2,NE003007,1994,1.333610365336567
2,NE003007,1993,-0.49334487029887486
2,NE003007,1992,0.057750852249225965
2,NE003007,1991,0.03521013478667732
2,NE002003,2026,-0.3377746946569476
2,NE002003,2025,0.30158014154876583
2,NE002003,2024,0.5714072526654206
2,NE002003,2023,-0.24627955069809673
2,NE002003,2022,-0.5153903050129128
2,NE002003,2021,1.227696303045895
2,NE002003,2020,-0.10551889913177004
2,NE002003,2019,1.4706914459134632
2,NE002003,2018,1.7665430330603251
2,NE002003,2017,-0.5011050782019536
2,NE002003,2016,0.9006459091226195
2,NE002003,2015,-1.9220376094037426
2,NE002003,2014,-1.4219143332353752
2,NE002003,2013,-0.8051344876400166
2,NE002003,2012,0.49356973462491216
2,NE002003,2011,-0.5925244823748875
2,NE002003,2010,1.453473056380063
2,NE002003,2009,-0.6032283588418188
2,NE002003,2008,-0.3140656394087291
2,NE002003,2007,0.0029235152877837064
2,NE002003,2006,-0.7548496269623053
2,NE002003,2005,0.8318769321656234
2,NE002003,2004,-0.4016374093880742
2,NE002003,2003,1.3084280273890658
2,NE002003,2002,-0.13813382575012723
2,NE002003,2001,-0.3906184608430016
2,NE002003,2000,-0.7832441795575751
2,NE002003,1999,0.24883685227492963
2,NE002003,1998,-0.5230509435676926
2,NE002003,1997,-0.4521465548243046
2,NE002003,1996,-0.0277905597611144
2,NE002003,1995,0.12463657120825566
2,NE002003,1994,1.7385765981455508
2,NE002003,1993,-1.5792453306788092
2,NE002003,1992,-0.4315180282022336
2,NE002003,1991,0.7250683542058767
2,NE005010,2026,-0.12583912924836976
2,NE005010,2025,1.0646552979510449
2,NE005010,2024,0.7186913319344181
2,NE005010,2023,0.4453542727485479
2,NE005010,2022,-1.1587480993294799
2,NE005010,2021,0.4053439191907594
2,NE005010,2020,-0.07898252106345502
2,NE005010,2019,0.06008299073451423
2,NE005010,2018,0.2253813509496603
2,NE005010,2017,1.5450938271526653
2,NE005010,2016,0.42877484116649794
2,NE005010,2015,0.5002697005021397
2,NE005010,2014,-0.9375793816459692
2,NE005010,2013,-0.9777250328526064
2,NE005010,2012,1.986116627441084
2,NE005010,2011,0.05320679828930063
2,NE005010,2010,0.9245756443463901
2,NE005010,2009,-0.031115422470081113
2,NE005010,2008,0.7016410523050055
2,NE005010,2007,-0.3537413351471834
2,NE005010,2006,-1.292810510803658
2,NE005010,2005,1.1238470178142304
2,NE005010,2004,-0.8416016363799615
2,NE005010,2003,0.2416478810325822
2,NE005010,2002,0.18133996929541227
2,NE005010,2001,0.1850477845057336
2,NE005010,2000,-0.18358212373858107
2,NE005010,1999,-0.18290743671995385
2,NE005010,1998,1.465693663726527
2,NE005010,1997,-0.7441652325465324
2,NE005010,1996,-1.4484225273768045
2,NE005010,1995,-2.236486194898634
2,NE005010,1994,-0.15818365504612553
2,NE005010,1993,-0.5348539187127553
2,NE005010,1992,0.20206992880309702
2,NE005010,1991,-1.1720728900348307
2,NE005008,2026,-0.06013205028137102
2,NE005008,2025,-1.3290422080231024
2,NE005008,2024,1.3352101911728644
2,NE005008,2023,-0.5427667091076938
2,NE005008,2022,-2.048663402212337
2,NE005008,2021,-1.1841125830001336
2,NE005008,2020,-0.13136882581978848
2,NE005008,2019,-0.8111647676230203
2,NE005008,2018,-0.368398677728595
2,NE005008,2017,-0.8614162285668006
2,NE005008,2016,2.0754704442476934
2,NE005008,2015,0.8021448123351316
2,NE005008,2014,0.8438794199414618
2,NE005008,2013,-0.20241063912403454
2,NE005008,2012,1.6290310059465019
2,NE005008,2011,-1.0617341132141516
2,NE005008,2010,0.7842541658979533
2,NE005008,2009,-0.7210416578778669
2,NE005008,2008,0.35491277412972666
2,NE005008,2007,-0.8183857399172156
2,NE005008,2006,0.22988280743931003
2,NE005008,2005,1.6930167246696048
2,NE005008,2004,-0.7345014206648031
2,NE005008,2003,0.6453393257678594
2,NE005008,2002,0.595939253207711
2,NE005008,2001,0.13003378153557896
2,NE005008,2000,-0.2707217896448639
2,NE005008,1999,0.29194880499052084
2,NE005008,1998,0.5767173934755543
2,NE005008,1997,-0.18588616729092575
2,NE005008,1996,0.23966135209236328
2,NE005008,1995,-0.15873595382944916
2,NE005008,1994,0.5515740660942764
2,NE005008,1993,-1.1776846964967658
2,NE005008,1992,-0.3202123215973261
2,NE005008,1991,0.3972599460444619
2,NE001001,2026,-0.6180749874565195
2,NE001001,2025,1.1805994557030348
2,NE001001,2024,0.9433919209635737
2,NE001001,2023,-0.5484059947245696
2,NE001001,2022,-0.711552313468231
2,NE001001,2021,-0.2868721833020795
2,NE001001,2020,-0.8640674657621991
2,NE001001,2019,0.04432009567368444
2,NE001001,2018,0.4917354624721947
2,NE001001,2017,0.4335549891130007
2,NE001001,2016,1.470054179640955
2,NE001001,2015,-0.4838944706322874
2,NE001001,2014,-0.3563259224744208
2,NE001001,2013,-0.7174855334171067
2,NE001001,2012,0.891216125194321
2,NE001001,2011,0.3331519121705037
2,NE001001,2010,1.9187694240694644
2,NE001001,2009,-0.9441704353860388
2,NE001001,2008,0.7977556566220895
2,NE001001,2007,0.5103729536492697
2,NE001001,2006,-1.9266062407277142
2,NE001001,2005,0.8635744926982767
2,NE001001,2004,-0.40178915987768343
2,NE001001,2003,1.2977238407784448
2,NE001001,2002,0.054587429688033345
2,NE001001,2001,0.0463510444214764
2,NE001001,2000,-0.02170212602347459
2,NE001001,1999,0.09572960046141724
2,NE001001,1998,0.4592438953181398
2,NE001001,1997,-0.48116808396805155
2,NE001001,1996,-1.1704527852205253
2,NE001001,1995,-0.875747287693454
2,NE001001,1994,-0.08300900457502403
2,NE001001,1993,-1.2103117415056128
2,NE001001,1992,0.05569583491597643
2,NE001001,1991,0.020355111291125456
2,NE003008,2026,0.23438504919381115
2,NE003008,2025,0.8370288487635981
2,NE003008,2024,0.5361780928144281
2,NE003008,2023,-2.138653130759027
2,NE003008,2022,-0.9200872290214854
2,NE003008,2021,0.6908870039253762
2,NE003008,2020,1.232466843279068
2,NE003008,2019,0.32007644290667653
2,NE003008,2018,0.7881345041600422
2,NE003008,2017,-0.19854561812058105
2,NE003008,2016,-0.33436486900189405
2,NE003008,2015,-1.810567735581997
2,NE003008,2014,-0.021130967247715727
2,NE003008,2013,-0.12062719604823918
2,NE003008,2012,-0.3940545329246402
2,NE003008,2011,-1.3616644365208475
2,NE003008,2010,0.1828137827182501
2,NE003008,2009,-0.28146223026145045
2,NE003008,2008,-0.23848971849592815
2,NE003008,2007,-0.33051382381100625
2,NE003008,2006,-0.43712003696625945
2,NE003008,2005,2.4307699026525973
2,NE003008,2004,-0.6138213249961477
2,NE003008,2003,0.8298313417354604
2,NE003008,2002,0.5104718041446132
2,NE003008,2001,0.5137520622944148
2,NE003008,2000,0.9516535062061523
2,NE003008,1999,-0.8332246182559124
2,NE003008,1998,-0.038973669606489736
2,NE003008,1997,0.52928264901795
2,NE003008,1996,-0.3639835026554176
2,NE003008,1995,-0.8523388677885398
2,NE003008,1994,0.6582327915385344
2,NE003008,1993,-0.4304382460396806
2,NE003008,1992,0.32616620047176237
2,NE003008,1991,0.2422765896180763
2,NE006010,2026,0.4697031477315629
2,NE006010,2025,-0.9113893886427805
2,NE006010,2024,1.2470767501827675
2,NE006010,2023,-1.822769785741341
2,NE006010,2022,-2.020389911618973
2,NE006010,2021,-0.07526461596282104
2,NE006010,2020,0.9571176906761817
2,NE006010,2019,0.9833494988545132
2,NE006010,2018,-0.5718367431708673
2,NE006010,2017,1.6850513853865217
2,NE006010,2016,0.15959558052715306
2,NE006010,2015,-0.6025072354271118
2,NE006010,2014,0.21045595844419354
2,NE006010,2013,-0.3023673272819897
2,NE006010,2012,-0.11733585772393684
2,NE006010,2011,-0.9375645272167237
2,NE006010,2010,-0.3965023183516587
2,NE006010,2009,-0.07409547251719387
2,NE006010,2008,-0.23557390161252048
2,NE006010,2007,-0.17261020234636779
2,NE006010,2006,-0.13670134904417613
2,NE006010,2005,1.8150276313638525
2,NE006010,2004,0.7917446508741919
2,NE006010,2003,0.27208928927690557
2,NE006010,2002,0.18998289396267334
2,NE006010,2001,1.2971786385718087
2,NE006010,2000,0.6775511529676967
2,NE006010,1999,0.44454882878929386
2,NE006010,1998,0.15320322995854463
2,NE006010,1997,-0.8987984594660415
2,NE006010,1996,-1.4006404485691326
2,NE006010,1995,-0.6961007662995965
2,NE006010,1994,0.3308393250702165
2,NE006010,1993,0.312119751621239
2,NE006010,1992,-0.3905553703112763
2,NE006010,1991,-0.2406059233367449
2,NE003003,2026,0.7354564866982647
2,NE003003,2025,-0.03332378224611406
2,NE003003,2024,0.8259383280871749
2,NE003003,2023,-1.2863136792749315
2,NE003003,2022,-0.948793028137649
2,NE003003,2021,-0.5998574478863778
2,NE003003,2020,0.6900188077516254
2,NE003003,2019,-0.5266434940682617
2,NE003003,2018,-0.5906556093112357
2,NE003003,2017,-0.5630099669980957
2,NE003003,2016,0.8723940577607732
2,NE003003,2015,-0.16756388663741173
2,NE003003,2014,1.2773107396455738
2,NE003003,2013,-0.281015222476139
2,NE003003,2012,-1.241325460663364
2,NE003003,2011,-0.518482454030399
2,NE003003,2010,0.012160881557256817
2,NE003003,2009,0.1979516812553868
2,NE003003,2008,-0.2399605171173922
2,NE003003,2007,-0.05280543125238393
2,NE003003,2006,-0.3548328128816909
2,NE003003,2005,1.9218358957662842
2,NE003003,2004,-1.0250085619900466
2,NE003003,2003,1.3376802609038032
2,NE003003,2002,-0.02070233893758921
2,NE003003,2001,0.4879884401934878
2,NE003003,2000,0.8529102847564761
2,NE003003,1999,-0.17323068111367376
2,NE003003,1998,-1.1327475948793488
2,NE003003,1997,0.7727692311601613
2,NE003003,1996,0.5397965678293476
2,NE003003,1995,-1.0075585545273507
2,NE003003,1994,1.4073387375075466
2,NE003003,1993,-1.0132033317699707
2,NE003003,1992,-0.20122578328563376
2,NE003003,1991,0.22816759767999448
2,NE005011,2026,0.27076420260215517
2,NE005011,2025,0.34019222010607697
2,NE005011,2024,0.5991536809057677
2,NE005011,2023,0.3565643080037064
2,NE005011,2022,-1.405258003693637
2,NE005011,2021,0.1712856889999067
2,NE005011,2020,-0.19068476700049183
2,NE005011,2019,-0.30833355885101565
2,NE005011,2018,-0.8501787255073664
2,NE005011,2017,2.067584825952376
2,NE005011,2016,0.8136056239611906
2,NE005011,2015,-0.09662438657061788
2,NE005011,2014,-1.097112981708765
2,NE005011,2013,-1.0237269427460658
2,NE005011,2012,0.9921530708375813
2,NE005011,2011,0.47354512059986
2,NE005011,2010,1.31286572609192
2,NE005011,2009,0.14357493754489759
2,NE005011,2008,0.3845128410849152
2,NE005011,2007,-0.3401500554819609
2,NE005011,2006,-0.05612394038190375
2,NE005011,2005,0.9422391015791894
2,NE005011,2004,-1.7047528269829308
2,NE005011,2003,0.799091865212114
2,NE005011,2002,-0.19541718172072342
2,NE005011,2001,0.17593123294703433
2,NE005011,2000,0.47123382496210026
2,NE005011,1999,-0.5233733966930202
2,NE005011,1998,1.6333363951953481
2,NE005011,1997,-0.2049620352250029
2,NE005011,1996,-1.5900620286557805
2,NE005011,1995,-1.1341768637650238
2,NE005011,1994,0.7350741420423417
2,NE005011,1993,-1.1992854956137031
2,NE005011,1992,-0.020110043219490715
2,NE005011,1991,-0.7053256070576649
2,NE004009,2026,1.2550267247051488
2,NE004009,2025,0.2967766515187283
2,NE004009,2024,2.050022571371978
2,NE004009,2023,0.4087921770684539
2,NE004009,2022,-0.6812024047330367
2,NE004009,2021,0.3940349062523908
2,NE004009,2020,0.9640260345531736
2,NE004009,2019,-1.372340237583422
2,NE004009,2018,0.31254208617585955
2,NE004009,2017,0.5641275562082716
2,NE004009,2016,0.2430126793952809
2,NE004009,2015,-0.9676044063739637
2,NE004009,2014,0.03387249660215944
2,NE004009,2013,-0.5475046809677222
2,NE004009,2012,0.9661791460334621
2,NE004009,2011,-0.23085824162378632
2,NE004009,2010,0.8452542211488531
2,NE004009,2009,-1.0954230878970506
2,NE004009,2008,-0.13521759748427084
2,NE004009,2007,-1.3461674346734267
2,NE004009,2006,-1.630986073438332
2,NE004009,2005,0.798033512330878
2,NE004009,2004,-1.5269031169807044
2,NE004009,2003,0.7751036903490991
2,NE004009,2002,0.4095991565046279
2,NE004009,2001,1.6239863218646817
2,NE004009,2000,0.7085628331933984
2,NE004009,1999,-0.11341212921855781
2,NE004009,1998,-0.5702710516666327
2,NE004009,1997,0.43421188916315673
2,NE004009,1996,-0.9920681485434907
2,NE004009,1995,-0.05109226691200159
2,NE004009,1994,-0.07896831175525044
2,NE004009,1993,-0.968256797767334
2,NE004009,1992,-0.5371464736503023
2,NE004009,1991,-0.13308911125518677
2,NE004005,2026,1.4517188352055914
2,NE004005,2025,0.1746211225487085
2,NE004005,2024,1.212316371382348
2,NE004005,2023,0.28930007135377106
2,NE004005,2022,-0.40301955268332684
2,NE004005,2021,0.26510602952504225
2,NE004005,2020,1.436442886421556
2,NE004005,2019,-1.9527126072402918
2,NE004005,2018,0.07789425901053777
2,NE004005,2017,1.16125863698188
2,NE004005,2016,0.17063954286471092
2,NE004005,2015,-0.7374536690510055
2,NE004005,2014,-0.4274005199993001
2,NE004005,2013,-1.120657415168491
2,NE004005,2012,0.9037115651284857
2,NE004005,2011,-0.570656085646005
2,NE004005,2010,1.120789414503641
2,NE004005,2009,-1.0967218791213549
2,NE004005,2008,-0.612058787439312
2,NE004005,2007,-0.7964425588503024
2,NE004005,2006,-0.8561716412616549
2,NE004005,2005,0.7771245534843495
2,NE004005,2004,-0.796672374659895
2,NE004005,2003,0.4370206360687674
2,NE004005,2002,-0.620772572871331
2,NE004005,2001,1.6849741911208207
2,NE004005,2000,0.8564236802579012
2,NE004005,1999,0.21318396369357395
2,NE004005,1998,0.5054426257335957
2,NE004005,1997,-0.08350356042576969
2,NE004005,1996,-0.9383802180775621
2,NE004005,1995,-0.5078247243555819
2,NE004005,1994,0.3647571748237254
2,NE004005,1993,-1.4684792509240128
2,NE004005,1992,-0.21805375097979
2,NE004005,1991,0.15833375821823034
2,NE005002,2026,0.22169009749395485
2,NE005002,2025,-0.7112971057189418
2,NE005002,2024,1.1613733115471432
2,NE005002,2023,-0.5614343747558931
2,NE005002,2022,-0.9813213199943954
2,NE005002,2021,-0.9689665831090465
2,NE005002,2020,0.7856168276799654
2,NE005002,2019,-1.7621914429674896
2,NE005002,2018,-0.6444353974336618
2,NE005002,2017,-0.10571778856553356
2,NE005002,2016,1.2478698330377
2,NE005002,2015,0.07513350478531183
2,NE005002,2014,1.1852794421810755
2,NE005002,2013,-0.5293946990283958
2,NE005002,2012,-0.17909010547585127
2,NE005002,2011,-0.6902751495551718
2,NE005002,2010,0.2532900116632022
2,NE005002,2009,0.16698826236603753
2,NE005002,2008,-0.1241020620053909
2,NE005002,2007,0.24693396517043653
2,NE005002,2006,-0.2996009104840239
2,NE005002,2005,2.3781052379788292
2,NE005002,2004,-1.478263809888928
2,NE005002,2003,1.4985273655172202
2,NE005002,2002,0.2039696523236005
2,NE005002,2001,0.25074229712106816
2,NE005002,2000,-0.12744136659969904
2,NE005002,1999,0.49345985973517004
2,NE005002,1998,0.13566172086881267
2,NE005002,1997,-0.786260016869323
2,NE005002,1996,0.4283504696554938
2,NE005002,1995,-1.193910850294257
2,NE005002,1994,1.7085544903792582
2,NE005002,1993,-1.1089115859328444
2,NE005002,1992,0.04669275851451144
2,NE005002,1991,-0.12677051478614595
2,NE005003,2026,-0.0520256557339281
2,NE005003,2025,-0.6912037530344625
2,NE005003,2024,1.4090192476191497
2,NE005003,2023,-0.8111252127457369
2,NE005003,2022,-1.0728458406846033
2,NE005003,2021,-0.9179435551444503
2,NE005003,2020,0.937600554707951
2,NE005003,2019,-1.550968632047555
2,NE005003,2018,-0.39938736772730643
2,NE005003,2017,-0.8806872723911671
2,NE005003,2016,1.3635247596526117
2,NE005003,2015,0.38089171034424696
2,NE005003,2014,1.0664405162085178
2,NE005003,2013,-0.09633515326584359
2,NE005003,2012,0.023925421258601993
2,NE005003,2011,-1.1647130527817806
2,NE005003,2010,0.4004173727131059
2,NE005003,2009,-0.20844401999809636
2,NE005003,2008,0.034106930857437046
2,NE005003,2007,-0.6556473339516518
2,NE005003,2006,-0.04364216722225146
2,NE005003,2005,2.24711991663047
2,NE005003,2004,-1.1070344176797413
2,NE005003,2003,0.8326804987053086
2,NE005003,2002,0.4558742387714749
2,NE005003,2001,0.09541377321161323
2,NE005003,2000,-0.19913881872883815
2,NE005003,1999,0.6030448735432197
2,NE005003,1998,0.18592861416606138
2,NE005003,1997,-0.36177258109135607
2,NE005003,1996,0.4760515462586163
2,NE005003,1995,-0.48138128019110954
2,NE005003,1994,1.0883953328257883
2,NE005003,1993,-1.212899011293221
2,NE005003,1992,0.28789924633519137
2,NE005003,1991,0.17751559709250486
2,NE001006,2026,-0.4906041709876335
2,NE001006,2025,1.4769625863773304
2,NE001006,2024,1.0824006244398354
2,NE001006,2023,-1.2355184417930398
2,NE001006,2022,-0.008798944921343742
2,NE001006,2021,-0.46503900920627284
2,NE001006,2020,-0.612269527467812
2,NE001006,2019,-0.21650099085660687
2,NE001006,2018,0.6665069712941445
2,NE001006,2017,0.01356468076927406
2,NE001006,2016,1.2059084161277926
2,NE001006,2015,0.043714701197664775
2,NE001006,2014,-1.2542425627470422
2,NE001006,2013,-0.4996776705518349
2,NE001006,2012,0.6300675981628613
2,NE001006,2011,0.05039267009815834
2,NE001006,2010,2.1486098129655917
2,NE001006,2009,-1.5111654910096846
2,NE001006,2008,0.5467530229412977
2,NE001006,2007,0.41966556148104106
2,NE001006,2006,-1.8095847233565108
2,NE001006,2005,0.35829418396036
2,NE001006,2004,0.7140520029042079
2,NE001006,2003,0.879949307656585
2,NE001006,2002,-0.07472034584409012
2,NE001006,2001,-0.6827039266155052
2,NE001006,2000,0.23825842716757942
2,NE001006,1999,0.5658838269376631
2,NE001006,1998,0.1153191890302329
2,NE001006,1997,0.5261495365191998
2,NE001006,1996,-1.7611403888282797
2,NE001006,1995,-0.888674627762593
2,NE001006,1994,-0.05996097242536653
2,NE001006,1993,-1.0421546452677477
2,NE001006,1992,0.7676682501494537
2,NE001006,1991,0.2816305316792946
2,NE006011,2026,0.24029532412402604
2,NE006011,2025,0.60688355227868
2,NE006011,2024,1.3462880360378717
2,NE006011,2023,-1.0710777517562284
2,NE006011,2022,-1.6600463641496566
2,NE006011,2021,-0.1052816603984211
2,NE006011,2020,0.3016871277110068
2,NE006011,2019,-0.8473957610348498
2,NE006011,2018,0.48752915051104334
2,NE006011,2017,0.4499851641700372
2,NE006011,2016,0.7712890153814862
2,NE006011,2015,1.2269672077706668
2,NE006011,2014,0.3238538679073042
2,NE006011,2013,-0.058022076149151586
2,NE006011,2012,0.5649876279721735
2,NE006011,2011,-0.3617530762191031
2,NE006011,2010,0.5893680583532284
2,NE006011,2009,-0.17973092323607717
2,NE006011,2008,0.25556550063177375
2,NE006011,2007,0.924234508382253
2,NE006011,2006,-1.0812275220142538
2,NE006011,2005,0.4801667326774787
2,NE006011,2004,0.14384977644841163
2,NE006011,2003,1.6533626468516118
2,NE006011,2002,-0.3339508494561429
2,NE006011,2001,-0.08781566348432933
2,NE006011,2000,0.20013295835130804
2,NE006011,1999,0.045129345551295164
2,NE006011,1998,1.6022739004428541
2,NE006011,1997,-1.5863664295702704
2,NE006011,1996,-1.021788302045023
2,NE006011,1995,-0.830790201812106
2,NE006011,1994,-1.1243835611729462
2,NE006011,1993,-1.2459971928977829
2,NE006011,1992,-0.5137106781660709
2,NE006011,1991,-0.010441246581488029
2,NE006008,2026,0.6433594687136038
2,NE006008,2025,-0.23860641864743293
2,NE006008,2024,1.2119152762261414
2,NE006008,2023,-2.4400196714487152
2,NE006008,2022,-3.3738525686576044
2,NE006008,2021,0.07902029794159324
2,NE006008,2020,0.8274350081390357
2,NE006008,2019,0.18592038270272845
2,NE006008,2018,-1.0322864345932226
2,NE006008,2017,1.1520267447481307
2,NE006008,2016,-0.6412400430949565
2,NE006008,2015,-0.12583550177460576
2,NE006008,2014,0.4594602134255848
2,NE006008,2013,-0.48812112491739545
2,NE006008,2012,-0.06197954837288107
2,NE006008,2011,-0.9270163589487604
2,NE006008,2010,-0.3647227012486618
2,NE006008,2009,0.0185805683598219
2,NE006008,2008,0.49213502963385164
2,NE006008,2007,0.058232099592521826
2,NE006008,2006,-0.07747345024834333
2,NE006008,2005,1.499693298831851
2,NE006008,2004,-0.2717798392284726
2,NE006008,2003,0.11528586424333422
2,NE006008,2002,0.22011209053859024
2,NE006008,2001,1.3237711808186265
2,NE006008,2000,0.9452600974875247
2,NE006008,1999,0.0020063131363871754
2,NE006008,1998,0.8390812554758545
2,NE006008,1997,-0.2124527894744527
2,NE006008,1996,-0.6881848524012326
2,NE006008,1995,-0.32160750754301026
2,NE006008,1994,0.7558324398610617
2,NE006008,1993,-0.10215605757071053
2,NE006008,1992,0.402944923932396
2,NE006008,1991,-0.26621380945643963
2,NE005012,2026,0.17270804727424036
2,NE005012,2025,-0.28693102799839254
2,NE005012,2024,0.567511350167295
2,NE005012,2023,0.26328236386546544
2,NE005012,2022,-1.069989507728869
2,NE005012,2021,0.0042632024374329985
2,NE005012,2020,0.3117437798178212
2,NE005012,2019,-0.9963122954397348
2,NE005012,2018,-0.28556149259534935
2,NE005012,2017,2.0685004271149734
2,NE005012,2016,0.23568950963430632
2,NE005012,2015,0.45882384368758117
2,NE005012,2014,-0.01637458070188218
2,NE005012,2013,-1.291495467415162
2,NE005012,2012,1.8064921195643602
2,NE005012,2011,0.35445814318333463
2,NE005012,2010,0.532259930500045
2,NE005012,2009,-0.16151545588512925
2,NE005012,2008,0.39395274452849854
2,NE005012,2007,-0.25678249618676235
2,NE005012,2006,-0.6087006505748043
2,NE005012,2005,1.1006000207980278
2,NE005012,2004,-1.0834185259863582
2,NE005012,2003,1.3234653875124414
2,NE005012,2002,0.4710077396509568
2,NE005012,2001,-0.4836497500742733
2,NE005012,2000,0.6243494539347748
2,NE005012,1999,-0.8355704055238335
2,NE005012,1998,1.3052243606460034
2,NE005012,1997,-1.0281530577035483
2,NE005012,1996,-0.6866953698303445
2,NE005012,1995,-2.0964406373069773
2,NE005012,1994,0.07614343057880242
2,NE005012,1993,-0.9858148904947247
2,NE005012,1992,0.22689038446462315
2,NE005012,1991,-0.053259732021983294
2,NE004004,2026,1.3122355169566704
2,NE004004,2025,-0.28170070749498227
2,NE004004,2024,2.1535662600902374
2,NE004004,2023,-0.15689508458061202
2,NE004004,2022,-0.6723902837577552
2,NE004004,2021,0.7196823310828963
2,NE004004,2020,1.2881570719932158
2,NE004004,2019,-0.9334927973403211
2,NE004004,2018,-0.05652553078095246
2,NE004004,2017,0.24149587828465557
2,NE004004,2016,0.8706833025285142
2,NE004004,2015,-2.4190589515687027
2,NE004004,2014,-0.16530578563240078
2,NE004004,2013,0.011551813782980355
2,NE004004,2012,0.5667340399249974
2,NE004004,2011,-0.3857741184334636
2,NE004004,2010,1.128040894222321
2,NE004004,2009,-0.7630682072245015
2,NE004004,2008,-0.387473568812266
2,NE004004,2007,-1.2079305407520418
2,NE004004,2006,-1.0837345597670276
2,NE004004,2005,0.4088505346633827
2,NE004004,2004,-1.650532545088906
2,NE004004,2003,0.7943179012215644
2,NE004004,2002,0.42566840625569535
2,NE004004,2001,1.2531745053984895
2,NE004004,2000,1.2168694665594035
2,NE004004,1999,0.22112577908236514
2,NE004004,1998,0.004492386292804643
2,NE004004,1997,0.676037462826564
2,NE004004,1996,-1.173689163362829
2,NE004004,1995,-0.5967696025810314
2,NE004004,1994,0.2800773536933305
2,NE004004,1993,-0.8225764094100072
2,NE004004,1992,-0.575370262678891
2,NE004004,1991,-0.1527573631694039
2,NE002006,2026,-0.48462228892208925
2,NE002006,2025,-0.19485670278540423
2,NE002006,2024,1.8900029677768138
2,NE002006,2023,0.029452750954538063
2,NE002006,2022,-0.17124913700244548
2,NE002006,2021,0.9876925908154399
2,NE002006,2020,0.26733555030642686
2,NE002006,2019,-0.5248074194124057
2,NE002006,2018,1.3034568386584298
2,NE002006,2017,-0.13761186798463237
2,NE002006,2016,0.6182867036364158
2,NE002006,2015,-1.7270547171044894
2,NE002006,2014,-1.6367744295008735
2,NE002006,2013,-1.1598092749978453
2,NE002006,2012,1.2772599714155093
2,NE002006,2011,-0.131611794111412
2,NE002006,2010,0.7879206180414963
2,NE002006,2009,-0.4826279121602912
2,NE002006,2008,0.7810813026815011
2,NE002006,2007,0.7655794117041399
2,NE002006,2006,-1.6521280408292303
2,NE002006,2005,0.28152547843412085
2,NE002006,2004,-1.3075596094714328
2,NE002006,2003,1.6412950219113782
2,NE002006,2002,-0.984826822033401
2,NE002006,2001,-0.16494991167081804
2,NE002006,2000,-0.3078670061885906
2,NE002006,1999,0.8332030310591693
2,NE002006,1998,-0.5486195789935946
2,NE002006,1997,-0.12336377141615923
2,NE002006,1996,-0.46925701524133795
2,NE002006,1995,0.025300898785687777
2,NE002006,1994,1.4408352887504088
2,NE002006,1993,-0.4557198293671888
2,NE002006,1992,0.22227146041216897
2,NE002006,1991,-0.21082407491352342
2,NE004002,2026,0.3872462058734783
2,NE004002,2025,0.33725182371217327
2,NE004002,2024,1.1394856663308963
2,NE004002,2023,0.14081482965560005
2,NE004002,2022,-0.6418827165699285
2,NE004002,2021,0.46824125390869487
2,NE004002,2020,-0.7507613935418984
2,NE004002,2019,-0.21015344724925364
2,NE004002,2018,-0.580562727303369
2,NE004002,2017,0.6021092390781624
2,NE004002,2016,1.3586895480934231
2,NE004002,2015,-0.24151507549015003
2,NE004002,2014,0.2612701942451648
2,NE004002,2013,-0.7676658161151967
2,NE004002,2012,1.2298849181565268
2,NE004002,2011,0.24766850208113264
2,NE004002,2010,1.4013261258303074
2,NE004002,2009,-0.6131813017714592
2,NE004002,2008,0.7030273923115528
2,NE004002,2007,-0.05896553641292308
2,NE004002,2006,-1.0690864847471246
2,NE004002,2005,1.2218510808013552
2,NE004002,2004,-1.8942019751864263
2,NE004002,2003,0.8885649236390863
2,NE004002,2002,-0.12316987805683
2,NE004002,2001,1.2225910518279095
2,NE004002,2000,0.22691039337375848
2,NE004002,1999,0.1937621576935711
2,NE004002,1998,1.1569298215127939
2,NE004002,1997,-0.7024271931087327
2,NE004002,1996,-0.12524880835112412
2,NE004002,1995,-1.9430833562449137
2,NE004002,1994,-0.07613652648718952
2,NE004002,1993,-3.5560500365586303
2,NE004002,1992,-0.2605377185392899
2,NE004002,1991,0.08325902726113535
2,NE006007,2026,0.24491642158492533
2,NE006007,2025,0.21997231939799758
2,NE006007,2024,1.5260311947834995
2,NE006007,2023,-1.0347324509515416
2,NE006007,2022,-1.7591915427733242
2,NE006007,2021,-0.36226996285534796
2,NE006007,2020,0.011514449370482733
2,NE006007,2019,-0.4589166726728645
2,NE006007,2018,-0.5930677691481372
2,NE006007,2017,-0.3592422527056328
2,NE006007,2016,-0.566258402397722
2,NE006007,2015,0.9144923684587436
2,NE006007,2014,0.9348774118117165
2,NE006007,2013,-0.5335450291643967
2,NE006007,2012,0.30057191953928397
2,NE006007,2011,-1.1538054965742905
2,NE006007,2010,0.4905477002143194
2,NE006007,2009,-0.2603072853027343
2,NE006007,2008,0.1943215084788255
2,NE006007,2007,1.3771856910088507
2,NE006007,2006,-0.44736406403838314
2,NE006007,2005,1.0919781455154256
2,NE006007,2004,-0.5652694673916067
2,NE006007,2003,2.0128100398699655
2,NE006007,2002,-1.0205028561285454
2,NE006007,2001,-0.10663317143166312
2,NE006007,2000,1.1207106300558107
2,NE006007,1999,-0.07640796816338444
2,NE006007,1998,1.6415864766245767
2,NE006007,1997,-0.8694547732398571
2,NE006007,1996,-0.4243339324224825
2,NE006007,1995,-0.2417969592899867
2,NE006007,1994,-0.16905709511668476
2,NE006007,1993,-0.6827735461294979
2,NE006007,1992,0.17494345534044425
2,NE006007,1991,-0.4106226834762237
2,NE005005,2026,-0.40410595111191216
2,NE005005,2025,-0.7415769837066593
2,NE005005,2024,1.5622361164511955
2,NE005005,2023,-0.19539507511612156
2,NE005005,2022,-1.6561987009947226
2,NE005005,2021,-0.8865490044369791
2,NE005005,2020,0.418996794433236
2,NE005005,2019,-1.8737862325159103
2,NE005005,2018,-0.36070182655226507
2,NE005005,2017,-0.21211083550557927
2,NE005005,2016,1.229739415130326
2,NE005005,2015,0.18351629940001515
2,NE005005,2014,0.4591542957164055
2,NE005005,2013,-0.370628221153505
2,NE005005,2012,0.4019980315384781
2,NE005005,2011,-0.7330033338112328
2,NE005005,2010,0.47141243721918663
2,NE005005,2009,-0.100057779188021
2,NE005005,2008,-0.0015534913994664885
2,NE005005,2007,0.16739296097056172
2,NE005005,2006,-0.008503408936923947
2,NE005005,2005,1.9307090947779746
2,NE005005,2004,-0.8775354418897687
2,NE005005,2003,1.2311387071821251
2,NE005005,2002,0.6396035314836163
2,NE005005,2001,0.5379323649666138
2,NE005005,2000,-0.3208491742170668
2,NE005005,1999,-0.13876375506792557
2,NE005005,1998,0.8591045186814423
2,NE005005,1997,-0.8902496457755278
2,NE005005,1996,0.18755435517596428
2,NE005005,1995,-0.6311949612608716
2,NE005005,1994,1.3575945553203885
2,NE005005,1993,-0.9998833878450555
2,NE005005,1992,-0.301809321586014
2,NE005005,1991,0.17441793292888347
2,NE005009,2026,-0.4312815066087724
2,NE005009,2025,-0.1084362081625269
2,NE005009,2024,1.1194651267468754
2,NE005009,2023,-0.19798602718948535
2,NE005009,2022,-1.1676004804081803
2,NE005009,2021,-0.3364080061342996
2,NE005009,2020,0.1848231384943906
2,NE005009,2019,-1.7048966558911982
2,NE005009,2018,-1.3502698331689655
2,NE005009,2017,1.315873048042827
2,NE005009,2016,0.7267675943977231
2,NE005009,2015,-0.2731373536018279
2,NE005009,2014,0.12475059402608925
2,NE005009,2013,-1.3486419088809973
2,NE005009,2012,0.09987361284612299
2,NE005009,2011,0.06528687607288647
2,NE005009,2010,0.43088737889609097
2,NE005009,2009,0.04804674424941795
2,NE005009,2008,0.5304001004108553
2,NE005009,2007,-0.20453558056376134
2,NE005009,2006,-0.4093399242365998
2,NE005009,2005,1.7046702967961673
2,NE005009,2004,-1.2776560135941928
2,NE005009,2003,1.4027801794988417
2,NE005009,2002,0.3419942541762898
2,NE005009,2001,0.502519859307626
2,NE005009,2000,0.43967267409707517
2,NE005009,1999,-0.25749216107915346
2,NE005009,1998,1.3565851709401668
2,NE005009,1997,-0.6862877040220727
2,NE005009,1996,0.01391546011167471
2,NE005009,1995,-1.4031918887891266
2,NE005009,1994,1.7084712126334465
2,NE005009,1993,-0.8955108750795994
2,NE005009,1992,-0.1323232147401235
2,NE005009,1991,0.17741832204008529
2,NE004007,2026,1.4169325571657128
2,NE004007,2025,1.112592242734244
2,NE004007,2024,1.3487329159329313
2,NE004007,2023,0.20505470104865273
2,NE004007,2022,-0.8601294352877533
2,NE004007,2021,0.09415537286807128
2,NE004007,2020,1.6181863105955536
2,NE004007,2019,-1.1178160305355473
2,NE004007,2018,0.03861473410173907
2,NE004007,2017,1.9267987436064695
2,NE004007,2016,0.3713974567537504
2,NE004007,2015,-1.3342132609704935
2,NE004007,2014,-0.06820447726858242
2,NE004007,2013,-1.42723965092931
2,NE004007,2012,0.9423047889507866
2,NE004007,2011,-0.4051964208902971
2,NE004007,2010,0.7709509076522376
2,NE004007,2009,-0.6088708062422862
2,NE004007,2008,-1.0057461035878552
2,NE004007,2007,0.0680559422763602
2,NE004007,2006,-1.1071674896675097
2,NE004007,2005,0.8672213976325803
2,NE004007,2004,-1.1389929284424454
2,NE004007,2003,-0.4011223856170689
2,NE004007,2002,-0.9883364354471407
2,NE004007,2001,1.4105880370935924
2,NE004007,2000,0.286968926717019
2,NE004007,1999,0.0525950246138828
2,NE004007,1998,-0.4265994482793373
2,NE004007,1997,0.6207992028631202
2,NE004007,1996,-1.3889768028652858
2,NE004007,1995,-0.2204872545341732
2,NE004007,1994,0.203789937520845
2,NE004007,1993,-0.8030832919868807
2,NE004007,1992,-0.5294523297222772
2,NE004007,1991,0.7825092026488815
2,NE004001,2026,1.2765910636644309
2,NE004001,2025,-0.5333455694665554
2,NE004001,2024,1.6420691989147254
2,NE004001,2023,0.13251832045528503
2,NE004001,2022,-0.8641929423440703
2,NE004001,2021,0.4545790058271404
2,NE004001,2020,0.7678962282386766
2,NE004001,2019,-1.661615898852648
2,NE004001,2018,-0.43919305344726384
2,NE004001,2017,-0.2687967123905989
2,NE004001,2016,0.9751224961944149
2,NE004001,2015,-0.9637792017723279
2,NE004001,2014,-0.01856211083907398
2,NE004001,2013,0.49614909790690065
2,NE004001,2012,0.7204262118569931
2,NE004001,2011,-0.7549353237938092
2,NE004001,2010,0.8668321862057211
2,NE004001,2009,-0.6601083192646939
2,NE004001,2008,-0.3755583439618116
2,NE004001,2007,-1.0185596402303625
2,NE004001,2006,-1.003789405097717
2,NE004001,2005,0.8531381272614245
2,NE004001,2004,-1.4771798115906312
2,NE004001,2003,0.868886521540377
2,NE004001,2002,0.03648738325462623
2,NE004001,2001,1.7576251072353324
2,NE004001,2000,1.2769107474196573
2,NE004001,1999,0.7151440194969112
2,NE004001,1998,0.013764961667741491
2,NE004001,1997,0.5742192588710228
2,NE004001,1996,-0.9882245005974494
2,NE004001,1995,-0.7591605739777592
2,NE004001,1994,0.1653266350569949
2,NE004001,1993,-1.0536814346435097
2,NE004001,1992,-0.8430846711950274
2,NE004001,1991,0.21194465243428307
2,NE007003,2026,0.4063791001958844
2,NE007003,2025,-0.8959014107126336
2,NE007003,2024,1.131324863127188
2,NE007003,2023,-0.05051791878218136
2,NE007003,2022,-0.2701189481558235
2,NE007003,2021,0.3918090306252457
2,NE007003,2020,0.5302705969207903
2,NE007003,2019,-0.6809924000843512
2,NE007003,2018,0.021156918607675587
2,NE007003,2017,-0.22424226544209563
2,NE007003,2016,1.2676204430604374
2,NE007003,2015,-1.3842480911962167
2,NE007003,2014,-0.724923231802762
2,NE007003,2013,-0.6948580322812953
2,NE007003,2012,0.7941424860994124
2,NE007003,2011,-0.6708507755860624
2,NE007003,2010,1.0343626602289502
2,NE007003,2009,-0.7585623362440809
2,NE007003,2008,-0.5402388548645962
2,NE007003,2007,-0.49764893767625407
2,NE007003,2006,-1.6407613281040145
2,NE007003,2005,1.2980885678924694
2,NE007003,2004,-0.33383580573726285
2,NE007003,2003,2.7041466152583986
2,NE007003,2002,0.6678768933144822
2,NE007003,2001,0.5163105260332831
2,NE007003,2000,-0.41203389609926716
2,NE007003,1999,-0.6817911441061439
2,NE007003,1998,-0.19196492662214718
2,NE007003,1997,0.03823285121045515
2,NE007003,1996,-0.982568994248719
2,NE007003,1995,0.17894132988017913
2,NE007003,1994,-0.05594103074017076
2,NE007003,1993,-0.140823149030646
2,NE007003,1992,0.9175954563095872
2,NE007003,1991,-0.01691336436144781
2,NE004006,2026,0.9165820453506812
2,NE004006,2025,0.4418036580797609
2,NE004006,2024,1.1971408675026785
2,NE004006,2023,0.4309165532719003
2,NE004006,2022,-0.5338539899127355
2,NE004006,2021,-0.2266565218363966
2,NE004006,2020,0.9992222235946105
2,NE004006,2019,-2.11730727111389
2,NE004006,2018,-0.24562697348730864
2,NE004006,2017,0.22300096595851998
2,NE004006,2016,-0.0011195994525617313
2,NE004006,2015,-1.232666616217715
2,NE004006,2014,0.5578084548822302
2,NE004006,2013,-0.2810320729180256
2,NE004006,2012,0.9397873888714855
2,NE004006,2011,-0.43185810728846
2,NE004006,2010,1.3489344018347111
2,NE004006,2009,-0.45701237753020024
2,NE004006,2008,-0.2508800698871672
2,NE004006,2007,-1.0160590275773291
2,NE004006,2006,-0.6281561679758422
2,NE004006,2005,0.5030334942343351
2,NE004006,2004,-1.1973789730127238
2,NE004006,2003,0.4076700825154244
2,NE004006,2002,-0.021539395546283768
2,NE004006,2001,1.5531562468483484
2,NE004006,2000,1.1077306698738056
2,NE004006,1999,0.23552239545405554
2,NE004006,1998,-0.004186831743436384
2,NE004006,1997,0.0726895324000413
2,NE004006,1996,-1.01129014571795
2,NE004006,1995,-1.18237364158811
2,NE004006,1994,0.8262846434334369
2,NE004006,1993,-0.6894908171560145
2,NE004006,1992,-0.7962103037410938
2,NE004006,1991,0.6028262109049658
2,NE006004,2026,0.6830959395163922
2,NE006004,2025,-0.6808960290408961
2,NE006004,2024,0.9370831416885466
2,NE006004,2023,-0.4593607010966655
2,NE006004,2022,-2.0210470169156567
2,NE006004,2021,-0.25586243729213975
2,NE006004,2020,0.2079428835186225
2,NE006004,2019,-1.5187417763424333
2,NE006004,2018,0.4126925926224578
2,NE006004,2017,1.3182522360764881
2,NE006004,2016,1.496753310504798
2,NE006004,2015,0.31730628884383594
2,NE006004,2014,-0.7580646942656495
2,NE006004,2013,-0.6218660713644515
2,NE006004,2012,0.5830296478539979
2,NE006004,2011,-0.024929392899054544
2,NE006004,2010,0.8247756558419468
2,NE006004,2009,-0.11072686883855079
2,NE006004,2008,-0.8621237816864209
2,NE006004,2007,0.5211573895593615
2,NE006004,2006,-0.7503069033788782
2,NE006004,2005,-0.5430343557071241
2,NE006004,2004,-0.8081968626412119
2,NE006004,2003,1.021470863047938
2,NE006004,2002,-1.0035160468602649
2,NE006004,2001,1.7487342533516648
2,NE006004,2000,1.196228444490587
2,NE006004,1999,0.9233207675927341
2,NE006004,1998,0.5954307672790182
2,NE006004,1997,-0.9138013225948038
2,NE006004,1996,0.08970701064075076
2,NE006004,1995,-0.8950824286044329
2,NE006004,1994,-0.6554885432954901
2,NE006004,1993,-0.7537982473513002
2,NE006004,1992,0.8269040894026854
2,NE006004,1991,0.0979721715447524
2,NE006002,2026,-0.29396185867170876
2,NE006002,2025,0.45233897417907065
2,NE006002,2024,0.8398454050620622
2,NE006002,2023,-0.9359245337487174
2,NE006002,2022,-1.1086165322817285
2,NE006002,2021,-0.2962699563940226
2,NE006002,2020,0.10429894618707007
2,NE006002,2019,-0.9564100914325306
2,NE006002,2018,0.5963283931985235
2,NE006002,2017,0.5728962397733793
2,NE006002,2016,1.2848868193387042
2,NE006002,2015,1.3622926930974841
2,NE006002,2014,0.2565976623731369
2,NE006002,2013,-0.7031616274527455
2,NE006002,2012,-0.3784392715779068
2,NE006002,2011,-0.2980806687105839
2,NE006002,2010,0.7208553148630483
2,NE006002,2009,0.14176893289329712
2,NE006002,2008,-0.01592605623372422
2,NE006002,2007,1.0444806614284292
2,NE006002,2006,-0.6137469588134356
2,NE006002,2005,1.0227713173612853
2,NE006002,2004,-0.4109321581291086
2,NE006002,2003,1.16362703991684
2,NE006002,2002,-1.0419350435563028
2,NE006002,2001,0.8385111733373268
2,NE006002,2000,0.7435491713867571
2,NE006002,1999,0.35117413552789867
2,NE006002,1998,2.0740272167170652
2,NE006002,1997,-1.424886892555619
2,NE006002,1996,-0.5348572272887038
2,NE006002,1995,-2.0165450530706175
2,NE006002,1994,-1.6644925158365453
2,NE006002,1993,-1.3065161882288998
2,NE006002,1992,0.06835765040241787
2,NE006002,1991,0.5173519028603595
2,NE003005,2026,1.223116214582531
2,NE003005,2025,-0.3289947953991969
2,NE003005,2024,1.3891391277267064
2,NE003005,2023,-0.8156225989982316
2,NE003005,2022,-2.6436958159395374
2,NE003005,2021,0.08688361771724158
2,NE003005,2020,0.25360331225136024
2,NE003005,2019,0.9314193010864942
2,NE003005,2018,0.18159826458472858
2,NE003005,2017,1.422201054381782
2,NE003005,2016,-0.5450059327484928
2,NE003005,2015,-1.0818227818275847
2,NE003005,2014,-0.44171481153870573
2,NE003005,2013,-0.7416339202653879
2,NE003005,2012,0.5041635221233379
2,NE003005,2011,-1.468575820663868
2,NE003005,2010,0.24239479476484851
2,NE003005,2009,0.1709098638806818
2,NE003005,2008,0.28799187022750483
2,NE003005,2007,0.20080136639422283
2,NE003005,2006,-0.32439206696354767
2,NE003005,2005,1.3324242895740124
2,NE003005,2004,0.8090027417930461
2,NE003005,2003,0.8069475489714059
2,NE003005,2002,0.9078288620405178
2,NE003005,2001,0.827857299175598
2,NE003005,2000,0.30231603212441915
2,NE003005,1999,0.45046531309354665
2,NE003005,1998,-0.08325713762410575
2,NE003005,1997,-1.0467935692786403
2,NE003005,1996,-1.2102016522248373
2,NE003005,1995,-1.6752721533376511
2,NE003005,1994,0.8329453488252506
2,NE003005,1993,0.11042974337297855
2,NE003005,1992,-0.8445265633649894
2,NE003005,1991,-0.01043982612038156
2,NE007006,2026,-0.005584476443513993
2,NE007006,2025,-1.1309073150883209
2,NE007006,2024,0.626048390385307
2,NE007006,2023,0.3133357983549657
2,NE007006,2022,-1.0036398491034921
2,NE007006,2021,-0.28985948404365336
2,NE007006,2020,0.7908959219970472
2,NE007006,2019,-0.8609985047074588
2,NE007006,2018,0.8091469945246167
2,NE007006,2017,0.3992872635380321
2,NE007006,2016,0.9876976981516167
2,NE007006,2015,-0.7019734649563399
2,NE007006,2014,-0.7098188667387445
2,NE007006,2013,-0.41578626146781666
2,NE007006,2012,1.1274502611102235
2,NE007006,2011,-0.8310610378148604
2,NE007006,2010,0.4754584548501798
2,NE007006,2009,-0.34784962467177827
2,NE007006,2008,-0.3385430278499118
2,NE007006,2007,-0.7153003256173479
2,NE007006,2006,-1.8394016833169131
2,NE007006,2005,1.4699540375673683
2,NE007006,2004,-0.36809687968363525
2,NE007006,2003,2.154357459813657
2,NE007006,2002,0.349656968868928
2,NE007006,2001,0.5077032222754759
2,NE007006,2000,-0.12361611220543778
2,NE007006,1999,-0.6859663324601781
2,NE007006,1998,-0.07754500140056343
2,NE007006,1997,-0.1980904214891195
2,NE007006,1996,-0.4608417926634842
2,NE007006,1995,0.7120626939990569
2,NE007006,1994,0.6416328084592605
2,NE007006,1993,-0.14866004949990327
2,NE007006,1992,0.5284067870464788
2,NE007006,1991,-0.6123691068455253
2,NE005004,2026,0.47985146774101034
2,NE005004,2025,-1.1772403853756446
2,NE005004,2024,0.9542752920635713
2,NE005004,2023,0.325259763000967
2,NE005004,2022,-1.5515082890059881
2,NE005004,2021,-0.3180591578272381
2,NE005004,2020,0.3180228853409954
2,NE005004,2019,-0.38507249631113044
2,NE005004,2018,-0.8123625655795836
2,NE005004,2017,0.7186185116248481
2,NE005004,2016,1.6206073727371368
2,NE005004,2015,-0.1662337947464802
2,NE005004,2014,0.14616965970347692
2,NE005004,2013,-0.7887338711556576
2,NE005004,2012,1.5461080577751127
2,NE005004,2011,0.2563895647385513
2,NE005004,2010,0.8400191655583947
2,NE005004,2009,-0.3154483088414929
2,NE005004,2008,0.48723841021308
2,NE005004,2007,-0.483920375358289
2,NE005004,2006,-0.5854769481928584
2,NE005004,2005,1.5787359529442555
2,NE005004,2004,-0.9691970999632752
2,NE005004,2003,1.1802328451244921
2,NE005004,2002,0.26994661389112834
2,NE005004,2001,0.5336228846198201
2,NE005004,2000,0.27325690969219774
2,NE005004,1999,-0.3089898031213208
2,NE005004,1998,0.45972255012606783
2,NE005004,1997,-0.1553028456217336
2,NE005004,1996,-0.17659623980636185
2,NE005004,1995,-1.4745886320697592
2,NE005004,1994,0.3294973882036534
2,NE005004,1993,-2.4793273177837865
2,NE005004,1992,-0.29307339236785296
2,NE005004,1991,0.10416410167925406
2,NE007007,2026,0.5165223447581819
2,NE007007,2025,-0.18847110659846736
2,NE007007,2024,1.1697690419084545
2,NE007007,2023,0.5124413525123429
2,NE007007,2022,-0.13591435187484305
2,NE007007,2021,0.2649057168121437
2,NE007007,2020,0.8787679646973421
2,NE007007,2019,-0.8661531337097973
2,NE007007,2018,1.1046428995487891
2,NE007007,2017,0.7768621586574804
2,NE007007,2016,0.3104526100393805
2,NE007007,2015,-0.909151863613932
2,NE007007,2014,0.0002489960901832761
2,NE007007,2013,-0.9504295437892084
2,NE007007,2012,0.7086643410643299
2,NE007007,2011,-0.451167697752997
2,NE007007,2010,0.7145918941567544
2,NE007007,2009,-1.138768328618056
2,NE007007,2008,0.28631882361401106
2,NE007007,2007,-1.0561531287304153
2,NE007007,2006,-2.160914378934852
2,NE007007,2005,1.2726071523532558
2,NE007007,2004,-0.8305388209150919
2,NE007007,2003,1.8019029729300422
2,NE007007,2002,0.038538376777940114
2,NE007007,2001,0.4954687761231705
2,NE007007,2000,0.4415123058007209
2,NE007007,1999,-1.305398992341221
2,NE007007,1998,0.023850747789118335
2,NE007007,1997,-0.3020531138987639
2,NE007007,1996,-1.2628060934010312
2,NE007007,1995,0.13390321063711474
2,NE007007,1994,0.37572537439627984
2,NE007007,1993,0.5010859313231122
2,NE007007,1992,0.18147138993785242
2,NE007007,1991,-0.9342516437825701
2,NE006009,2026,0.28866166184382497
2,NE006009,2025,-0.3022150954615516
2,NE006009,2024,1.1678916834117097
2,NE006009,2023,-2.0811582113748393
2,NE006009,2022,-2.7240000639966
2,NE006009,2021,-0.28543873784314483
2,NE006009,2020,0.44197674991640384
2,NE006009,2019,-0.9391430379440044
2,NE006009,2018,0.08332817595439923
2,NE006009,2017,0.47766738857043095
2,NE006009,2016,0.48343168626727256
2,NE006009,2015,0.7615779524784113
2,NE006009,2014,0.08549973704102866
2,NE006009,2013,-0.7219996106588308
2,NE006009,2012,-0.09442563424628755
2,NE006009,2011,-1.0139016058461066
2,NE006009,2010,0.2855758830280346
2,NE006009,2009,-0.06318881905982686
2,NE006009,2008,-0.10877064397381465
2,NE006009,2007,0.47291171075262645
2,NE006009,2006,-0.10612654665589612
2,NE006009,2005,0.9663301726286245
2,NE006009,2004,-0.6340436867102355
2,NE006009,2003,0.9698564137668767
2,NE006009,2002,-0.3406119739621596
2,NE006009,2001,1.5394164745403434
2,NE006009,2000,1.2965339271310374
2,NE006009,1999,0.8215649368907337
2,NE006009,1998,1.2529264183703186
2,NE006009,1997,-0.6267371890097033
2,NE006009,1996,-0.37403135882019395
2,NE006009,1995,-0.9232569762866394
2,NE006009,1994,-0.5404681158339832
2,NE006009,1993,-0.6182887717874441
2,NE006009,1992,0.7688586527661135
2,NE006009,1991,-0.00407410928740424
2,NE006003,2026,0.13413717460705896
2,NE006003,2025,-0.2470076062508425
2,NE006003,2024,0.5251162819469576
2,NE006003,2023,-3.169828466127116
2,NE006003,2022,-3.6112508445776244
2,NE006003,2021,0.19413405390851185
2,NE006003,2020,0.8561254803565762
2,NE006003,2019,-0.7008648538822632
2,NE006003,2018,-0.9044667061783961
2,NE006003,2017,0.5123630612912589
2,NE006003,2016,-0.301176652930792
2,NE006003,2015,0.18642096311421388
2,NE006003,2014,0.5971493487185714
2,NE006003,2013,-0.09346913293056246
2,NE006003,2012,-0.22481875908201332
2,NE006003,2011,-0.6522640891059723
2,NE006003,2010,0.4161198885175014
2,NE006003,2009,-0.1708327072721285
2,NE006003,2008,0.5546666185016409
2,NE006003,2007,-0.00989427655239716
2,NE006003,2006,0.5755141850563789
2,NE006003,2005,1.2539050888484613
2,NE006003,2004,-0.4228176147802351
2,NE006003,2003,0.3989088238018889
2,NE006003,2002,0.009397677301590779
2,NE006003,2001,2.62457357812463
2,NE006003,2000,1.2606363622744514
2,NE006003,1999,0.10475495758954279
2,NE006003,1998,0.45030373788436723
2,NE006003,1997,0.9568533177304646
2,NE006003,1996,-1.4035393445551008
2,NE006003,1995,-0.2510322074288326
2,NE006003,1994,0.6420074592110238
2,NE006003,1993,-0.4835373462421783
2,NE006003,1992,0.2818672223645498
2,NE006003,1991,-0.5740981236834573
2,NE002002,2026,-0.7481416674395379
2,NE002002,2025,-0.30065805939396484
2,NE002002,2024,1.61586783368599
2,NE002002,2023,-0.7501312977960484
2,NE002002,2022,0.34507092783690796
2,NE002002,2021,1.2627783259201237
2,NE002002,2020,0.19917756771360665
2,NE002002,2019,-1.626691730613101
2,NE002002,2018,0.5538178797850389
2,NE002002,2017,0.39348945940102603
2,NE002002,2016,0.25391521391682326
2,NE002002,2015,-2.371885042876734
2,NE002002,2014,-1.1891545646281
2,NE002002,2013,-0.19999188441124607
2,NE002002,2012,0.5390967967520026
2,NE002002,2011,-0.8764461410022163
2,NE002002,2010,0.94199537809825
2,NE002002,2009,-0.32157615643246285
2,NE002002,2008,1.0922523658006924
2,NE002002,2007,0.8469880498883277
2,NE002002,2006,-1.477671268621281
2,NE002002,2005,0.347820083085698
2,NE002002,2004,-1.0157360646304876
2,NE002002,2003,1.757152121907195
2,NE002002,2002,-0.5241229372780786
2,NE002002,2001,-0.48067817671210394
2,NE002002,2000,-0.45035368370970846
2,NE002002,1999,1.3242807391794693
2,NE002002,1998,-0.5228992108874861
2,NE002002,1997,0.23094139251521295
2,NE002002,1996,-0.03755032891142177
2,NE002002,1995,0.21748245853971426
2,NE002002,1994,1.129514800007953
2,NE002002,1993,-0.6278382963970317
2,NE002002,1992,0.08720071780251318
2,NE002002,1991,0.28932987685264466
2,NE006013,2026,0.10061491813605265
2,NE006013,2025,-0.32212036177005554
2,NE006013,2024,1.3500932424076428
2,NE006013,2023,-2.0726797489871873
2,NE006013,2022,-2.708689688710473
2,NE006013,2021,0.0021668998880619273
2,NE006013,2020,0.6819575001790041
2,NE006013,2019,0.039727814945195235
2,NE006013,2018,-0.876361864959973
2,NE006013,2017,0.537689919400569
2,NE006013,2016,0.2852945566217909
2,NE006013,2015,0.31054365845263754
2,NE006013,2014,0.4200625540040056
2,NE006013,2013,-0.8600369293368997
2,NE006013,2012,-0.5248130647075331
2,NE006013,2011,-0.5140558993494565
2,NE006013,2010,-0.5914047232343782
2,NE006013,2009,-0.0433738192942327
2,NE006013,2008,0.10028051708334983
2,NE006013,2007,0.19129563289925286
2,NE006013,2006,-0.4542000610006522
2,NE006013,2005,1.5120129779682172
2,NE006013,2004,0.32442465703032514
2,NE006013,2003,1.2358065662403743
2,NE006013,2002,0.11294703214863001
2,NE006013,2001,0.6874200882138609
2,NE006013,2000,0.6955074096504009
2,NE006013,1999,0.8254061384033233
2,NE006013,1998,1.3773097139222534
2,NE006013,1997,-0.9805736858882393
2,NE006013,1996,-0.7117365864850508
2,NE006013,1995,-0.5295162331815105
2,NE006013,1994,1.1339098142168647
2,NE006013,1993,-0.29994588421675444
2,NE006013,1992,0.12474386703565159
2,NE006013,1991,-0.7267385758209224
2,NE005007,2026,0.6040413642554031
2,NE005007,2025,-1.6595635476022041
2,NE005007,2024,0.9269983041286632
2,NE005007,2023,0.5665608712420169
2,NE005007,2022,-1.236788117393278
2,NE005007,2021,-0.3490251807677852
2,NE005007,2020,0.7026193225557593
2,NE005007,2019,-1.7562874987968553
2,NE005007,2018,-0.3615825244155932
2,NE005007,2017,0.6550087759781464
2,NE005007,2016,1.8108734507071051
2,NE005007,2015,-0.06528416110884001
2,NE005007,2014,0.8000796896946142
2,NE005007,2013,-0.7577709100091313
2,NE005007,2012,1.8021769975544941
2,NE005007,2011,-0.5563555521651988
2,NE005007,2010,0.5682831858919547
2,NE005007,2009,-0.6353323510079312
2,NE005007,2008,0.054309674487255204
2,NE005007,2007,-0.634375617399898
2,NE005007,2006,-0.2712051332306041
2,NE005007,2005,1.18414572495773
2,NE005007,2004,-0.9751154243777711
2,NE005007,2003,0.5624828267053289
2,NE005007,2002,0.3135776034131394
2,NE005007,2001,1.2637714175845038
2,NE005007,2000,-0.12105776866223245
2,NE005007,1999,-0.23765412501487265
2,NE005007,1998,0.06751618687248663
2,NE005007,1997,-0.022959192180315707
2,NE005007,1996,0.11685929275158399
2,NE005007,1995,-0.7292041824451696
2,NE005007,1994,0.02197653504846381
2,NE005007,1993,-2.0370944502135804
2,NE005007,1992,0.31778215386677144
2,NE005007,1991,-0.004328137125145697
2,NE006001,2026,0.6661357480681988
2,NE006001,2025,-0.585531372692814
2,NE006001,2024,1.217658179312827
2,NE006001,2023,-1.0155945277351535
2,NE006001,2022,-1.5936489213368834
2,NE006001,2021,-0.5314593844475318
2,NE006001,2020,-0.19434830921207438
2,NE006001,2019,-1.299366984279768
2,NE006001,2018,-1.4933921809451876
2,NE006001,2017,1.8179082902794084
2,NE006001,2016,0.6575698371714558
2,NE006001,2015,-0.05945821690352785
2,NE006001,2014,0.2710315920610559
2,NE006001,2013,-0.9958028206104096
2,NE006001,2012,-0.057362889555449485
2,NE006001,2011,-0.06696755561967654
2,NE006001,2010,0.701647494123437
2,NE006001,2009,-0.43990314038940825
2,NE006001,2008,0.75262956318474
2,NE006001,2007,-0.04630098047955546
2,NE006001,2006,-0.7146963751034789
2,NE006001,2005,1.027260517828853
2,NE006001,2004,-0.8846425150830038
2,NE006001,2003,1.4940464496452313
2,NE006001,2002,0.41908961898928576
2,NE006001,2001,1.0922576187953017
2,NE006001,2000,0.5865637569350006
2,NE006001,1999,0.618848750090576
2,NE006001,1998,0.8453239680333736
2,NE006001,1997,-0.16223241509412212
2,NE006001,1996,-0.3538216713059482
2,NE006001,1995,-0.828805817270144
2,NE006001,1994,0.21119153330286503
2,NE006001,1993,-1.2459342095433303
2,NE006001,1992,0.6846861555618396
2,NE006001,1991,-0.32057859924513976
2,NE002005,2026,-0.8958830561080529
2,NE002005,2025,1.2375289495965875
2,NE002005,2024,1.7215777623617834
2,NE002005,2023,-0.1687857599745214
2,NE002005,2022,0.2638713950659639
2,NE002005,2021,1.1628131558834724
2,NE002005,2020,0.17594290559624223
2,NE002005,2019,-0.2415419203547083
2,NE002005,2018,0.822244024187008
2,NE002005,2017,-0.19824078941875284
2,NE002005,2016,0.4516463101335426
2,NE002005,2015,-1.900431698303696
2,NE002005,2014,-0.22540771276958826
2,NE002005,2013,-0.978461122668929
2,NE002005,2012,0.5221597263958704
2,NE002005,2011,-0.504362193540165
2,NE002005,2010,0.6823254492481291
2,NE002005,2009,-0.7106635624640438
2,NE002005,2008,0.0300636465419335
2,NE002005,2007,0.6176720930128512
2,NE002005,2006,-1.4934882861843628
2,NE002005,2005,0.6873048125979346
2,NE002005,2004,-0.742930493922995
2,NE002005,2003,1.5376955644035621
2,NE002005,2002,-0.43364145663711534
2,NE002005,2001,-0.36403399786758106
2,NE002005,2000,0.291659907834414
2,NE002005,1999,1.0249614429757787
2,NE002005,1998,-0.14327967079449547
2,NE002005,1997,-0.622212954654905
2,NE002005,1996,-1.0120426747398652
2,NE002005,1995,0.07778263333358226
2,NE002005,1994,0.7331117082892262
2,NE002005,1993,-0.38374852471245624
2,NE002005,1992,-0.05687240634573049
2,NE002005,1991,-0.794077553797565
2,NE007005,2026,0.6201537265603249
2,NE007005,2025,-0.8086415405319566
2,NE007005,2024,1.4599094608858263
2,NE007005,2023,-0.1649906244196365
2,NE007005,2022,-2.6002901329781567
2,NE007005,2021,0.04008594440841934
2,NE007005,2020,0.613688740857287
2,NE007005,2019,-1.4613258154877682
2,NE007005,2018,0.23835763657239378
2,NE007005,2017,0.22456699453865256
2,NE007005,2016,-0.8304277619509149
2,NE007005,2015,-0.31118095072668345
2,NE007005,2014,0.4571114340328184
2,NE007005,2013,-0.8050357740047773
2,NE007005,2012,1.152221121056612
2,NE007005,2011,-0.8835553923748595
2,NE007005,2010,1.1421809670879428
2,NE007005,2009,-0.6052239399021055
2,NE007005,2008,0.21095967590086212
2,NE007005,2007,-1.295013066087787
2,NE007005,2006,-0.9781627258801097
2,NE007005,2005,1.097229118743008
2,NE007005,2004,-0.4488711637812324
2,NE007005,2003,0.5985304289647416
2,NE007005,2002,0.7148663418406273
2,NE007005,2001,1.3812159893789662
2,NE007005,2000,0.8136518134151828
2,NE007005,1999,-0.1974726915914056
2,NE007005,1998,-0.12388258577287042
2,NE007005,1997,-0.04798215200936821
2,NE007005,1996,0.016085561731264877
2,NE007005,1995,-0.18464561835658888
2,NE007005,1994,1.3831885657117187
2,NE007005,1993,0.30942817643173476
2,NE007005,1992,-0.05858280002535007
2,NE007005,1991,-0.6985985873546476
2,NE007001,2026,0.2262463922711713
2,NE007001,2025,0.7753596079290198
2,NE007001,2024,1.5366860738126495
2,NE007001,2023,0.054341577146156325
2,NE007001,2022,-0.5642520060721598
2,NE007001,2021,0.7326019072754422
2,NE007001,2020,-0.44586554377347704
2,NE007001,2019,-0.3614453056041293
2,NE007001,2018,0.07034834087555056
2,NE007001,2017,0.016373850601471646
2,NE007001,2016,1.026181060612517
2,NE007001,2015,-0.08740848830161885
2,NE007001,2014,0.4227944588776849
2,NE007001,2013,-0.022384407622012426
2,NE007001,2012,1.0211882370278562
2,NE007001,2011,-0.03491843905338898
2,NE007001,2010,1.453633358219781
2,NE007001,2009,-0.982400393093195
2,NE007001,2008,0.5416702513351428
2,NE007001,2007,-0.42147719754503266
2,NE007001,2006,-1.9558125413266754
2,NE007001,2005,0.991829063968664
2,NE007001,2004,-1.9861162558250467
2,NE007001,2003,1.1197027264265114
2,NE007001,2002,0.3176962726608958
2,NE007001,2001,1.2142254533107901
2,NE007001,2000,0.06159506479875643
2,NE007001,1999,0.5963818037170421
2,NE007001,1998,0.27902405435777455
2,NE007001,1997,-0.682468263598612
2,NE007001,1996,-0.7785837491630678
2,NE007001,1995,-1.4324504337032193
2,NE007001,1994,-0.5108321263308485
2,NE007001,1993,-2.2744065809954193
2,NE007001,1992,-0.4060400586598986
2,NE007001,1991,0.35483924441638914
2,NE005006,2026,-0.3328684125221485
2,NE005006,2025,-1.8071863374454218
2,NE005006,2024,0.7594775247888976
2,NE005006,2023,-0.15881267634526028
2,NE005006,2022,-1.723184011675206
2,NE005006,2021,-0.27408566769434056
2,NE005006,2020,0.19724102858973544
2,NE005006,2019,-0.8572121071774108
2,NE005006,2018,-0.6535370672106393
2,NE005006,2017,1.2305709041188004
2,NE005006,2016,1.1491492504425092
2,NE005006,2015,0.431243673512296
2,NE005006,2014,-0.7019673195452969
2,NE005006,2013,-1.044897949915409
2,NE005006,2012,0.2891579445329505
2,NE005006,2011,0.375880878570834
2,NE005006,2010,1.2405007256733875
2,NE005006,2009,-0.7104266025965181
2,NE005006,2008,0.4755468717057229
2,NE005006,2007,-0.36079191485548723
2,NE005006,2006,-0.33025354337447266
2,NE005006,2005,0.9518460255949385
2,NE005006,2004,-0.6572781381627893
2,NE005006,2003,0.9229848409690931
2,NE005006,2002,0.44251971213959995
2,NE005006,2001,1.115894988448828
2,NE005006,2000,0.3564861911749678
2,NE005006,1999,0.1571502443714316
2,NE005006,1998,1.3642448322732725
2,NE005006,1997,-0.20689996820183124
2,NE005006,1996,-0.16292687064030423
2,NE005006,1995,-1.0526352012276707
2,NE005006,1994,1.5012016951017448
2,NE005006,1993,-1.4761890922097733
2,NE005006,1992,-0.7290553560354408
2,NE005006,1991,0.2324743206037868
2,NE007002,2026,0.11297835799933476
2,NE007002,2025,-0.3000032192027735
2,NE007002,2024,1.449867872535916
2,NE007002,2023,0.5845569919997274
2,NE007002,2022,-0.3526028754302093
2,NE007002,2021,0.8459547950819005
2,NE007002,2020,0.8391706748680694
2,NE007002,2019,-1.1157676870183446
2,NE007002,2018,0.9150848824594008
2,NE007002,2017,0.8169440166199167
2,NE007002,2016,0.812711738720995
2,NE007002,2015,-1.1349524253993304
2,NE007002,2014,0.026690506950989297
2,NE007002,2013,-0.7208397469847074
2,NE007002,2012,0.43142536549743976
2,NE007002,2011,-0.34165027269994624
2,NE007002,2010,1.2622419255761426
2,NE007002,2009,-1.6980136838094264
2,NE007002,2008,0.04959328488077077
2,NE007002,2007,-0.6722409811019293
2,NE007002,2006,-2.75901104154709
2,NE007002,2005,1.0848948407686936
2,NE007002,2004,-0.6431251455864503
2,NE007002,2003,2.044198138700373
2,NE007002,2002,0.005891372436417734
2,NE007002,2001,0.15667883272395253
2,NE007002,2000,0.30582687432117434
2,NE007002,1999,-0.4836999724388988
2,NE007002,1998,-0.19852394636593987
2,NE007002,1997,-0.6203862883026161
2,NE007002,1996,-1.4724383120640767
2,NE007002,1995,-0.21888339525151598
2,NE007002,1994,0.6236181362980168
2,NE007002,1993,0.1410679916189888
2,NE007002,1992,-0.3200823276078572
2,NE007002,1991,0.31797456986551226
2,NE006012,2026,0.4833528738946673
2,NE006012,2025,-0.4973737167227045
2,NE006012,2024,1.6422256353645737
2,NE006012,2023,-0.7581541290727639
2,NE006012,2022,-2.028112428906722
2,NE006012,2021,-0.2427858908805756
2,NE006012,2020,0.3745750848383869
2,NE006012,2019,-0.7333913866566051
2,NE006012,2018,-0.18153218215698572
2,NE006012,2017,0.297131253430761
2,NE006012,2016,0.5134335365019845
2,NE006012,2015,1.4332320785534953
2,NE006012,2014,0.5258021005706548
2,NE006012,2013,-0.514131350837677
2,NE006012,2012,0.09086019436551042
2,NE006012,2011,-0.874503466251874
2,NE006012,2010,0.6565831019947704
2,NE006012,2009,-0.14886199201914996
2,NE006012,2008,0.1630285488994584
2,NE006012,2007,1.1642411448002972
2,NE006012,2006,-0.5843104384142062
2,NE006012,2005,1.0977954216041612
2,NE006012,2004,-0.7139354699434681
2,NE006012,2003,1.3127214950676878
2,NE006012,2002,-1.036444486433069
2,NE006012,2001,0.4133430909972918
2,NE006012,2000,0.8745053015643842
2,NE006012,1999,0.026814098977259226
2,NE006012,1998,1.510430212859976
2,NE006012,1997,-1.1777003672251614
2,NE006012,1996,-0.16604215496661592
2,NE006012,1995,-1.3048810838278018
2,NE006012,1994,-1.0014388097943243
2,NE006012,1993,-0.7510798201281982
2,NE006012,1992,0.11808085076853829
2,NE006012,1991,0.13673824139306126
2,NE006006,2026,0.41820857512496323
2,NE006006,2025,-0.3718980293703154
2,NE006006,2024,1.0516023234168124
2,NE006006,2023,-2.1351381903486906
2,NE006006,2022,-2.536245293699724
2,NE006006,2021,-0.22707772911124902
2,NE006006,2020,0.3420439144789447
2,NE006006,2019,-1.738614533710177
2,NE006006,2018,-1.329438691613904
2,NE006006,2017,0.522116368523524
2,NE006006,2016,0.1811566316616402
2,NE006006,2015,0.04744270799751726
2,NE006006,2014,0.156978280477844
2,NE006006,2013,-0.5057106998591842
2,NE006006,2012,-0.3267078994194628
2,NE006006,2011,-0.3351926931265893
2,NE006006,2010,0.8446433766413669
2,NE006006,2009,-0.403483083953762
2,NE006006,2008,0.7501719349810456
2,NE006006,2007,-0.009865540662038274
2,NE006006,2006,-0.02839790154388811
2,NE006006,2005,1.1609656802199564
2,NE006006,2004,-0.7198373793890223
2,NE006006,2003,0.9468789293984669
2,NE006006,2002,0.3163920470534685
2,NE006006,2001,1.8193226250418344
2,NE006006,2000,1.269930128880008
2,NE006006,1999,0.42278502983085803
2,NE006006,1998,0.49176597883538375
2,NE006006,1997,0.5634850546319945
2,NE006006,1996,-0.38857127506971195
2,NE006006,1995,-0.25289050627062615
2,NE006006,1994,0.7898016327487951
2,NE006006,1993,-0.9305091118586295
2,NE006006,1992,0.474063919971894
2,NE006006,1991,-0.6491358150256468
2,NE007008,2026,0.8852617978652391
2,NE007008,2025,0.981710314768035
2,NE007008,2024,1.6785382734792123
2,NE007008,2023,0.5894745727007845
2,NE007008,2022,-1.0705645603276095
2,NE007008,2021,0.35669050887839315
2,NE007008,2020,0.8027563392728005
2,NE007008,2019,-0.7596686406189151
2,NE007008,2018,0.9308045082699941
2,NE007008,2017,0.7485247982557905
2,NE007008,2016,-0.19953673647779036
2,NE007008,2015,-0.509244007561719
2,NE007008,2014,0.31143337005531585
2,NE007008,2013,-1.3229160233337744
2,NE007008,2012,1.0923278277097308
2,NE007008,2011,-0.9233505165852163
2,NE007008,2010,1.005562188407328
2,NE007008,2009,-1.0275490449650617
2,NE007008,2008,0.5690790151685372
2,NE007008,2007,-1.5608239140832632
2,NE007008,2006,-2.2627969095278235
2,NE007008,2005,1.0221257002324693
2,NE007008,2004,-1.2076107900493116
2,NE007008,2003,1.058226398875218
2,NE007008,2002,0.0641320242696885
2,NE007008,2001,1.0540818783404682
2,NE007008,2000,0.6923535767280992
2,NE007008,1999,-0.574033053440297
2,NE007008,1998,-0.1655653357398657
2,NE007008,1997,-0.6429686948207994
2,NE007008,1996,-0.8484269742292881
2,NE007008,1995,0.10469670157820132
2,NE007008,1994,0.18320986233727696
2,NE007008,1993,-0.2834774397853478
2,NE007008,1992,-0.33870355638496225
2,NE007008,1991,-0.3520681996409116
2,NE007010,2026,-0.785325083143813
2,NE007010,2025,1.0601458608917191
2,NE007010,2024,1.281108799727217
2,NE007010,2023,-0.00832693898692875
2,NE007010,2022,0.11493923998232532
2,NE007010,2021,0.10986090780140471
2,NE007010,2020,-0.3844195516289918
2,NE007010,2019,-0.35327663339934445
2,NE007010,2018,1.0129960102718993
2,NE007010,2017,0.442116593630537
2,NE007010,2016,0.8619339637576047
2,NE007010,2015,-1.2875235598176114
2,NE007010,2014,-1.110919536130794
2,NE007010,2013,-0.639374732867733
2,NE007010,2012,0.8206073398320125
2,NE007010,2011,-0.11977018387369617
2,NE007010,2010,1.5027992592868735
2,NE007010,2009,-0.8554751008723634
2,NE007010,2008,0.1510522708468795
2,NE007010,2007,1.2317642979339543
2,NE007010,2006,-1.6852508283948728
2,NE007010,2005,1.1130192106935766
2,NE007010,2004,-0.3467204322758101
2,NE007010,2003,1.3837738112834013
2,NE007010,2002,0.11793970586590194
2,NE007010,2001,-0.23016230775034172
2,NE007010,2000,0.012562132271327861
2,NE007010,1999,0.2706938012523174
2,NE007010,1998,-0.15509397502970187
2,NE007010,1997,-0.5553438673360458
2,NE007010,1996,-1.4820608687564718
2,NE007010,1995,-0.009753320643734749
2,NE007010,1994,0.6265051212107559
2,NE007010,1993,-0.7913312432014205
2,NE007010,1992,-0.6961044786425599
2,NE007010,1991,-0.36819336634079297
2,NE003006,2026,-1.0354731377766173
2,NE003006,2025,-1.258422395817638
2,NE003006,2024,-0.06646667952627563
2,NE003006,2023,-1.7422614618595622
2,NE003006,2022,-1.560501289409412
2,NE003006,2021,-1.7304810836870297
2,NE003006,2020,-0.2125317479520178
2,NE003006,2019,0.4237104299857838
2,NE003006,2018,0.4693941179018792
2,NE003006,2017,0.7907236672651262
2,NE003006,2016,-0.35221121201042405
2,NE003006,2015,0.06434324651475479
2,NE003006,2014,-1.0706844030533447
2,NE003006,2013,0.33823069149853235
2,NE003006,2012,0.5314339681276102
2,NE003006,2011,-1.5491253942583607
2,NE003006,2010,0.747814383068576
2,NE003006,2009,1.5461457283600315
2,NE003006,2008,0.6932830654069556
2,NE003006,2007,0.18967879008506777
2,NE003006,2006,-0.2765370674547045
2,NE003006,2005,0.6325967041434719
2,NE003006,2004,0.6298450521653496
2,NE003006,2003,0.4657627001671282
2,NE003006,2002,1.133485625877837
2,NE003006,2001,1.214756578081707
2,NE003006,2000,0.5559833162674234
2,NE003006,1999,-1.0300175948673451
2,NE003006,1998,0.8528427225555265
2,NE003006,1997,0.08689926313427555
2,NE003006,1996,-0.47309676427353525
2,NE003006,1995,-0.5788757955318029
2,NE003006,1994,0.6784307381381687
2,NE003006,1993,0.6572248522792498
2,NE003006,1992,-0.0005902207327225241
2,NE003006,1991,0.08475791270233397
2,NE005013,2026,0.05251506313366857
2,NE005013,2025,0.051749781483599905
2,NE005013,2024,1.1507895402615176
2,NE005013,2023,-0.18756725895234233
2,NE005013,2022,-1.4798367307283509
2,NE005013,2021,0.17273551907932375
2,NE005013,2020,0.8188582897107851
2,NE005013,2019,-1.7711957500987916
2,NE005013,2018,-1.7707726390326461
2,NE005013,2017,1.2830251757832498
2,NE005013,2016,0.5187915648001339
2,NE005013,2015,-0.575523631640138
2,NE005013,2014,-0.2376982040579968
2,NE005013,2013,-1.685437559866728
2,NE005013,2012,0.11171923080724337
2,NE005013,2011,-0.08115128249137986
2,NE005013,2010,0.1998944737236254
2,NE005013,2009,0.2757724034096933
2,NE005013,2008,0.3644617285160643
2,NE005013,2007,-0.21999735412218127
2,NE005013,2006,-0.42626631085300526
2,NE005013,2005,1.3333508921022565
2,NE005013,2004,-1.2537729705779268
2,NE005013,2003,0.7957724241690093
2,NE005013,2002,0.8675006076461201
2,NE005013,2001,0.5911906097727462
2,NE005013,2000,1.1372215391946614
2,NE005013,1999,-0.6458609195051835
2,NE005013,1998,1.3076651085510045
2,NE005013,1997,-0.06905978150034175
2,NE005013,1996,0.1865810153249442
2,NE005013,1995,-1.4978340270711228
2,NE005013,1994,1.5026467018760121
2,NE005013,1993,-0.6179924402153271
2,NE005013,1992,-0.5868221841713226
2,NE005013,1991,0.4092513494673229
2,NE005001,2026,0.7665980058911216
2,NE005001,2025,0.04437851676114945
2,NE005001,2024,1.0238980082807871
2,NE005001,2023,0.09572692753514377
2,NE005001,2022,-0.78787545422303
2,NE005001,2021,0.010793393241321732
2,NE005001,2020,-0.36656706289247326
2,NE005001,2019,-0.18275546142015617
2,NE005001,2018,-0.9149070735700015
2,NE005001,2017,1.2657624729047061
2,NE005001,2016,1.1628145400441225
2,NE005001,2015,-0.2563316702545404
2,NE005001,2014,-0.7664983169807023
2,NE005001,2013,-0.9201678386911408
2,NE005001,2012,0.3843914176985209
2,NE005001,2011,-0.3025406078371921
2,NE005001,2010,1.441823023681315
2,NE005001,2009,-0.19956469806982938
2,NE005001,2008,0.5043072867538155
2,NE005001,2007,-0.2503086251818386
2,NE005001,2006,-0.11919459345079295
2,NE005001,2005,0.8416223555086215
2,NE005001,2004,-1.4777230373302483
2,NE005001,2003,0.7436339088943051
2,NE005001,2002,-0.3589291600200119
2,NE005001,2001,0.9461442223882823
2,NE005001,2000,0.05816835058775791
2,NE005001,1999,-0.21785023941748363
2,NE005001,1998,1.5562548133849499
2,NE005001,1997,-0.8332503290738995
2,NE005001,1996,-0.5250725544026315
2,NE005001,1995,-1.3946504221350582
2,NE005001,1994,1.1342662771919865
2,NE005001,1993,-1.9802718721714638
2,NE005001,1992,-0.10602021316387701
2,NE005001,1991,0.05414074896908477
2,NE007011,2026,0.39399519046121173
2,NE007011,2025,1.2184496121796302
2,NE007011,2024,1.4935231390061516
2,NE007011,2023,0.5500585864783442
2,NE007011,2022,0.48976839990633053
2,NE007011,2021,0.11462078346784339
2,NE007011,2020,1.1797044480983843
2,NE007011,2019,0.35273116340945954
2,NE007011,2018,1.8435058983633357
2,NE007011,2017,0.6439820256323564
2,NE007011,2016,-0.558998066684073
2,NE007011,2015,-1.0307149390900912
2,NE007011,2014,0.4484479419265052
2,NE007011,2013,-1.2605144426629378
2,NE007011,2012,0.8945718506373944
2,NE007011,2011,-0.45428506677938013
2,NE007011,2010,0.30712876278380896
2,NE007011,2009,-1.2002823292748948
2,NE007011,2008,0.3968060690160675
2,NE007011,2007,-1.0349868842946839
2,NE007011,2006,-2.0095780340507803
2,NE007011,2005,1.0833983442519148
2,NE007011,2004,-1.0513708502455068
2,NE007011,2003,1.3550691806617259
2,NE007011,2002,-0.6723208361219679
2,NE007011,2001,0.2904446208584161
2,NE007011,2000,0.38018712538957666
2,NE007011,1999,-1.6096519878918283
2,NE007011,1998,0.1644183220510972
2,NE007011,1997,-0.7238161482337673
2,NE007011,1996,-1.4720820802739722
2,NE007011,1995,-0.0729158127680566
2,NE007011,1994,0.04924075093974895
2,NE007011,1993,0.3439875194716014
2,NE007011,1992,0.3686498894048193
2,NE007011,1991,-1.0514419861368376
2,NE006005,2026,0.4209646132897371
2,NE006005,2025,0.8478354231899796
2,NE006005,2024,0.6987462684720762
2,NE006005,2023,-1.6980551282649095
2,NE006005,2022,-1.2285994821414545
2,NE006005,2021,-0.2927085538334001
2,NE006005,2020,0.35209604755052654
2,NE006005,2019,-0.9536458269921889
2,NE006005,2018,0.9074756161911177
2,NE006005,2017,1.1462982604674234
2,NE006005,2016,1.4753369748477965
2,NE006005,2015,1.5013786504738695
2,NE006005,2014,-0.11302940568958438
2,NE006005,2013,0.04669907444479427
2,NE006005,2012,-0.41261701673060996
2,NE006005,2011,-0.06591782721369913
2,NE006005,2010,0.9010893247424899
2,NE006005,2009,0.07398525181895411
2,NE006005,2008,0.7874651301232891
2,NE006005,2007,0.8565517289697423
2,NE006005,2006,-0.6773052837660019
2,NE006005,2005,0.1147764928402286
2,NE006005,2004,0.5164743496332861
2,NE006005,2003,0.8751600282192986
2,NE006005,2002,-0.02839654391186149
2,NE006005,2001,0.2542224781725987
2,NE006005,2000,-0.42839839175976707
2,NE006005,1999,-0.004644439827011678
2,NE006005,1998,1.6368814583447417
2,NE006005,1997,-1.6723329413460715
2,NE006005,1996,-1.289891608116016
2,NE006005,1995,-1.9428111340290575
2,NE006005,1994,-0.9398219512812749
2,NE006005,1993,-1.3349922477981166
2,NE006005,1992,-0.3464576417867809
2,NE006005,1991,0.11714811740934762
2,NE002004,2026,-0.9393650584958172
2,NE002004,2025,0.20382266077494676
2,NE002004,2024,1.200312687875018
2,NE002004,2023,-0.1356012573123689
2,NE002004,2022,-0.06987933269607007
2,NE002004,2021,1.0611521356607918
2,NE002004,2020,-0.31414680067181644
2,NE002004,2019,0.3038076071515829
2,NE002004,2018,1.095652249646425
2,NE002004,2017,-0.11564901798866864
2,NE002004,2016,0.5911022913827587
2,NE002004,2015,-2.1097767988866036
2,NE002004,2014,-1.2071540717716727
2,NE002004,2013,-0.10855030166813104
2,NE002004,2012,0.7110380450767916
2,NE002004,2011,-0.9584277153735777
2,NE002004,2010,1.1573321436151298
2,NE002004,2009,-0.46295699021988446
2,NE002004,2008,0.3469613283775282
2,NE002004,2007,0.5400101137714127
2,NE002004,2006,-1.7087093389408106
2,NE002004,2005,0.5632447659459057
2,NE002004,2004,-0.9219371397618982
2,NE002004,2003,1.7865567413748635
2,NE002004,2002,-0.8292952059320468
2,NE002004,2001,-0.02992846103694984
2,NE002004,2000,-1.0022146525436035
2,NE002004,1999,1.1754446735943558
2,NE002004,1998,-0.7584062763964133
2,NE002004,1997,0.09667298999654575
2,NE002004,1996,0.15816645104103524
2,NE002004,1995,0.005727038814124162
2,NE002004,1994,1.8568246361728131
2,NE002004,1993,-1.1381659409428095
2,NE002004,1992,-0.14558957537357967
2,NE002004,1991,0.2587975956113017
2,NE002001,2026,-0.48933558133106475
2,NE002001,2025,-0.43280777828551903
2,NE002001,2024,2.2139221805917013
2,NE002001,2023,-0.5200295426437378
2,NE002001,2022,0.045517393652591887
2,NE002001,2021,0.9769755877500282
2,NE002001,2020,0.5997896304622783
2,NE002001,2019,-1.2228276972600634
2,NE002001,2018,1.14390900656639
2,NE002001,2017,-0.05498968546590644
2,NE002001,2016,0.7312843319025704
2,NE002001,2015,-1.6236795373595914
2,NE002001,2014,-0.8920247783811939
2,NE002001,2013,-1.0976302235564583
2,NE002001,2012,0.8808351539075074
2,NE002001,2011,-0.7313883909932941
2,NE002001,2010,0.8826623700388646
2,NE002001,2009,-0.48683775218931485
2,NE002001,2008,0.822502477900134
2,NE002001,2007,0.6671869141772977
2,NE002001,2006,-1.5403559553025363
2,NE002001,2005,0.5254359587431693
2,NE002001,2004,-0.8621226203638278
2,NE002001,2003,1.6993542293410762
2,NE002001,2002,-1.7563911695936396
2,NE002001,2001,-0.2221544704943897
2,NE002001,2000,-0.3069351222473076
2,NE002001,1999,0.8489757823753795
2,NE002001,1998,-0.3276188373820343
2,NE002001,1997,0.22793552856910856
2,NE002001,1996,-0.7650819489380198
2,NE002001,1995,0.5399549898357088
2,NE002001,1994,1.0100259920653039
2,NE002001,1993,-0.7176825914110079
2,NE002001,1992,0.04459974595805528
2,NE002001,1991,0.4355288671376663
