pcode,year,junaug_mm,n_months
NE001001,1981,31.53679934,3
NE001001,1982,30.50348902,3
NE001001,1983,24.12168994,3
NE001001,1984,2.6211321,3
NE001001,1985,42.31378155,3
NE001001,1986,27.56313782,3
NE001001,1987,20.47750497,3
NE001001,1988,78.94349969999999,3
NE001001,1989,53.36028495,3
NE001001,1990,33.39449834,3
NE001001,1991,52.9471599,3
NE001001,1992,40.491037219999996,3
NE001001,1993,22.53282041,3
NE001001,1994,69.558550011,3
NE001001,1995,39.84098871,3
NE001001,1996,11.117620169999999,3
NE001001,1997,33.746859009999994,3
NE001001,1998,49.60510423,3
NE001001,1999,103.56436399409999,3
NE001001,2000,42.415765019999995,3
NE001001,2001,23.60791729,3
NE001001,2002,31.137108495,3
NE001001,2003,32.56775284,3
NE001001,2004,15.798251629999998,3
NE001001,2005,34.23827975,3
NE001001,2006,21.259660974,3
NE001001,2007,41.5044322,3
NE001001,2008,34.60557678,3
NE001001,2009,19.22462764,3
NE001001,2010,88.64914363,3
NE001001,2011,31.96713322,3
NE001001,2012,41.32507417,3
NE001001,2013,34.933989170000004,3
NE001001,2014,37.904392169999994,3
NE001001,2015,39.04964151,3
NE001001,2016,43.9234042,3
NE001001,2017,48.33373935,3
NE001001,2018,74.67983216,3
NE001001,2019,82.32035653,3
NE001001,2020,42.487478620000005,3
NE001001,2021,15.999382772,3
NE001001,2022,37.31363597,3
NE001001,2023,17.508081118,3
NE001001,2024,80.04424915999999,3
NE001001,2025,23.34112568,3
NE001001,2026,12.44968319,3
NE001002,1981,21.22467062,3
NE001002,1982,6.2397770368,3
NE001002,1983,5.418203491,3
NE001002,1984,0.3742357706125,3
NE001002,1985,10.552447266,3
NE001002,1986,10.718489389999998,3
NE001002,1987,13.86982081,3
NE001002,1988,17.208614724,3
NE001002,1989,18.86897265,3
NE001002,1990,8.517013944,3
NE001002,1991,15.29985935,3
NE001002,1992,16.4831391,3
NE001002,1993,5.810460719,3
NE001002,1994,14.9285697299,3
NE001002,1995,17.1622202,3
NE001002,1996,3.1534675720000003,3
NE001002,1997,18.026500634999998,3
NE001002,1998,19.26882531,3
NE001002,1999,52.437284299999995,3
NE001002,2000,14.11948634,3
NE001002,2001,10.60378965,3
NE001002,2002,13.053737949999999,3
NE001002,2003,14.83134062,3
NE001002,2004,9.83449351,3
NE001002,2005,12.788252223999999,3
NE001002,2006,9.214840310000001,3
NE001002,2007,19.127977449999996,3
NE001002,2008,15.483434343999999,3
NE001002,2009,5.342027284,3
NE001002,2010,24.17301161,3
NE001002,2011,18.92859648,3
NE001002,2012,23.31252076,3
NE001002,2013,12.866370372,3
NE001002,2014,13.933166429,3
NE001002,2015,17.73642673,3
NE001002,2016,23.89504658,3
NE001002,2017,21.81367735,3
NE001002,2018,40.374589595,3
NE001002,2019,51.687128030000004,3
NE001002,2020,18.59791693,3
NE001002,2021,9.18306731,3
NE001002,2022,13.97618448,3
NE001002,2023,13.679232455,3
NE001002,2024,35.58429056,3
NE001002,2025,16.02172193,3
NE001002,2026,7.434124614,3
NE001003,1981,1.460020896,3
NE001003,1982,1.33639137608,3
NE001003,1983,0.8535473253,3
NE001003,1984,0.02032844096,3
NE001003,1985,2.427380951,3
NE001003,1986,0.8072630919999999,3
NE001003,1987,3.4562701009999994,3
NE001003,1988,7.0362126510000005,3
NE001003,1989,5.5219003144,3
NE001003,1990,3.5114009999999998,3
NE001003,1991,2.430338426,3
NE001003,1992,4.241502751,3
NE001003,1993,1.6412322816,3
NE001003,1994,5.007931983000001,3
NE001003,1995,6.99246997,3
NE001003,1996,0.5125357232,3
NE001003,1997,3.10705378,3
NE001003,1998,3.8843994429999995,3
NE001003,1999,11.38637905,3
NE001003,2000,2.8802713736000003,3
NE001003,2001,1.574019544,3
NE001003,2002,2.2294034089999997,3
NE001003,2003,2.205479349,3
NE001003,2004,3.8086577226999996,3
NE001003,2005,2.500857379,3
NE001003,2006,2.282481687,3
NE001003,2007,3.743899034,3
NE001003,2008,2.270687736,3
NE001003,2009,3.6371929739999995,3
NE001003,2010,4.058083492,3
NE001003,2011,2.3369952194,3
NE001003,2012,3.786093878,3
NE001003,2013,2.1407522820000002,3
NE001003,2014,1.1447757265,3
NE001003,2015,4.591425704000001,3
NE001003,2016,4.742134597,3
NE001003,2017,5.735629922999999,3
NE001003,2018,7.887271997499999,3
NE001003,2019,15.667763697,3
NE001003,2020,2.677331882,3
NE001003,2021,1.0551486365,3
NE001003,2022,2.8550177889999997,3
NE001003,2023,2.7243000924,3
NE001003,2024,47.957109533,3
NE001003,2025,1.5666516869999998,3
NE001003,2026,1.0402196689999998,3
NE001004,1981,9.816344885,3
NE001004,1982,3.4879291835800004,3
NE001004,1983,3.0131932800000003,3
NE001004,1984,0.019147105216,3
NE001004,1985,4.5676001685,3
NE001004,1986,1.878130084,3
NE001004,1987,4.69249342,3
NE001004,1988,9.290515214000001,3
NE001004,1989,6.39440097,3
NE001004,1990,3.0090331197699998,3
NE001004,1991,6.228731234,3
NE001004,1992,7.13294459,3
NE001004,1993,1.9890103902,3
NE001004,1994,7.89106984205,3
NE001004,1995,7.366860234000001,3
NE001004,1996,1.0969233225,3
NE001004,1997,7.883158343,3
NE001004,1998,11.295465279999998,3
NE001004,1999,28.484075292059998,3
NE001004,2000,6.215569995,3
NE001004,2001,3.9972521170000004,3
NE001004,2002,6.671130180999999,3
NE001004,2003,6.54239562,3
NE001004,2004,3.9498415380000003,3
NE001004,2005,6.833236772999999,3
NE001004,2006,5.449646128,3
NE001004,2007,8.067373812,3
NE001004,2008,7.20187719,3
NE001004,2009,2.58829348,3
NE001004,2010,10.055137890000001,3
NE001004,2011,6.73126799,3
NE001004,2012,6.563432155,3
NE001004,2013,5.341007115999999,3
NE001004,2014,3.6941439835,3
NE001004,2015,10.024349767,3
NE001004,2016,12.89489731,3
NE001004,2017,10.84480031,3
NE001004,2018,16.61913499,3
NE001004,2019,27.61017222,3
NE001004,2020,10.758251929999998,3
NE001004,2021,2.1219077028999997,3
NE001004,2022,6.548718235,3
NE001004,2023,5.5579805158,3
NE001004,2024,47.386433125,3
NE001004,2025,8.242230734,3
NE001004,2026,3.329439733,3
NE001005,1981,23.1843174,3
NE001005,1982,21.004804233,3
NE001005,1983,16.48075705,3
NE001005,1984,3.9388706199999994,3
NE001005,1985,31.238047480000002,3
NE001005,1986,34.239753639999996,3
NE001005,1987,21.39210584,3
NE001005,1988,56.86037392,3
NE001005,1989,46.57046054,3
NE001005,1990,23.47507589,3
NE001005,1991,49.27022355999999,3
NE001005,1992,38.99750491,3
NE001005,1993,20.13620453,3
NE001005,1994,39.14586724,3
NE001005,1995,24.776802160000003,3
NE001005,1996,11.92486171,3
NE001005,1997,30.09139083,3
NE001005,1998,33.79041729,3
NE001005,1999,90.180016379,3
NE001005,2000,31.7075313,3
NE001005,2001,21.633369189999996,3
NE001005,2002,29.453090099999997,3
NE001005,2003,31.4794429,3
NE001005,2004,19.54004208,3
NE001005,2005,35.64661427,3
NE001005,2006,16.998068585,3
NE001005,2007,35.54425008,3
NE001005,2008,30.68703322,3
NE001005,2009,16.00631939,3
NE001005,2010,58.148248499999994,3
NE001005,2011,31.83770042,3
NE001005,2012,40.177291780000004,3
NE001005,2013,25.60976074,3
NE001005,2014,34.36200212,3
NE001005,2015,42.35288608,3
NE001005,2016,47.38590984,3
NE001005,2017,48.647424990000005,3
NE001005,2018,68.4470347,3
NE001005,2019,88.11816879999999,3
NE001005,2020,35.69533329,3
NE001005,2021,21.6638502,3
NE001005,2022,34.3662228,3
NE001005,2023,18.027607676,3
NE001005,2024,50.80745761,3
NE001005,2025,29.812737750000004,3
NE001005,2026,15.494888130000001,3
NE001006,1981,32.87538528,3
NE001006,1982,26.705827183,3
NE001006,1983,24.20039818,3
NE001006,1984,1.3083919787,3
NE001006,1985,39.01289185,3
NE001006,1986,26.72404443,3
NE001006,1987,19.30144598,3
NE001006,1988,70.16864905,3
NE001006,1989,51.58239371,3
NE001006,1990,29.621256079,3
NE001006,1991,53.23256615,3
NE001006,1992,41.02598764,3
NE001006,1993,20.58499083,3
NE001006,1994,80.599998169,3
NE001006,1995,25.06979111,3
NE001006,1996,11.47964354,3
NE001006,1997,42.44789376,3
NE001006,1998,62.36023886,3
NE001006,1999,126.0303016,3
NE001006,2000,34.17337477,3
NE001006,2001,25.85874216,3
NE001006,2002,34.43317731,3
NE001006,2003,29.663391689999997,3
NE001006,2004,19.871250670000002,3
NE001006,2005,31.93029757,3
NE001006,2006,24.783488322,3
NE001006,2007,46.159671870000004,3
NE001006,2008,31.33659235,3
NE001006,2009,23.69557403,3
NE001006,2010,88.18536646,3
NE001006,2011,34.712252379999995,3
NE001006,2012,46.751582060000004,3
NE001006,2013,31.096416450000003,3
NE001006,2014,33.58903409,3
NE001006,2015,39.799809159999995,3
NE001006,2016,57.697818399999996,3
NE001006,2017,50.965830249999996,3
NE001006,2018,71.76650778,3
NE001006,2019,92.62827713,3
NE001006,2020,56.0297437,3
NE001006,2021,19.717624885,3
NE001006,2022,35.69345686,3
NE001006,2023,23.847751170000002,3
NE001006,2024,84.50151457000001,3
NE001006,2025,31.98612412,3
NE001006,2026,19.02961344,3
NE002001,1981,205.0445699,3
NE002001,1982,197.8690264,3
NE002001,1983,136.7073686,3
NE002001,1984,65.93371232999999,3
NE002001,1985,186.67260399999998,3
NE002001,1986,162.6771807,3
NE002001,1987,167.8116371,3
NE002001,1988,435.38810359999997,3
NE002001,1989,206.51774840000002,3
NE002001,1990,159.2676866,3
NE002001,1991,190.0760904,3
NE002001,1992,189.6573704,3
NE002001,1993,113.1080049,3
NE002001,1994,299.3576454,3
NE002001,1995,274.6078719,3
NE002001,1996,146.1908737,3
NE002001,1997,154.5641008,3
NE002001,1998,193.7328242,3
NE002001,1999,326.6283842,3
NE002001,2000,167.51751740000003,3
NE002001,2001,131.6177203,3
NE002001,2002,155.43504660000002,3
NE002001,2003,187.20312840000003,3
NE002001,2004,142.15058340000002,3
NE002001,2005,212.4193148,3
NE002001,2006,97.58716509999999,3
NE002001,2007,170.1702216,3
NE002001,2008,152.6087709,3
NE002001,2009,134.26816300000002,3
NE002001,2010,273.9952086,3
NE002001,2011,115.6731934,3
NE002001,2012,192.9616765,3
NE002001,2013,132.77098876,3
NE002001,2014,166.87047590000003,3
NE002001,2015,173.5125103,3
NE002001,2016,268.8176413,3
NE002001,2017,216.3170313,3
NE002001,2018,231.35152449999998,3
NE002001,2019,198.3902248,3
NE002001,2020,202.08042709999998,3
NE002001,2021,203.2891936,3
NE002001,2022,166.9318002,3
NE002001,2023,158.2223629,3
NE002001,2024,363.236625,3
NE002001,2025,130.2932147,3
NE002001,2026,84.65479069999999,3
NE002002,1981,193.21257580000002,3
NE002002,1982,250.8564213,3
NE002002,1983,139.44120709999999,3
NE002002,1984,61.911247599999996,3
NE002002,1985,199.7429937,3
NE002002,1986,131.7544995,3
NE002002,1987,167.55994950000002,3
NE002002,1988,428.9899243,3
NE002002,1989,203.3849465,3
NE002002,1990,161.6863795,3
NE002002,1991,154.3162072,3
NE002002,1992,214.8135771,3
NE002002,1993,91.924251,3
NE002002,1994,315.8997172,3
NE002002,1995,218.42302269999996,3
NE002002,1996,118.9272588,3
NE002002,1997,128.8179859,3
NE002002,1998,220.70813579999998,3
NE002002,1999,307.6164978,3
NE002002,2000,149.87308109999998,3
NE002002,2001,115.4052168,3
NE002002,2002,134.0979037,3
NE002002,2003,150.155104,3
NE002002,2004,134.0602482,3
NE002002,2005,206.67845440000002,3
NE002002,2006,96.42123355999999,3
NE002002,2007,154.9590903,3
NE002002,2008,160.13798806,3
NE002002,2009,149.15991476,3
NE002002,2010,314.798308,3
NE002002,2011,94.95299364,3
NE002002,2012,158.71639625,3
NE002002,2013,109.04460020000002,3
NE002002,2014,176.2966317,3
NE002002,2015,177.9302301,3
NE002002,2016,237.37112,3
NE002002,2017,187.5385417,3
NE002002,2018,244.52591674,3
NE002002,2019,155.57922504,3
NE002002,2020,163.50054870000002,3
NE002002,2021,230.7537268,3
NE002002,2022,197.0076628,3
NE002002,2023,134.13913922,3
NE002002,2024,357.08001440000004,3
NE002002,2025,108.81635169999998,3
NE002002,2026,46.91392377,3
NE002003,1981,147.1299455,3
NE002003,1982,200.1746229,3
NE002003,1983,138.7050788,3
NE002003,1984,40.85830625,3
NE002003,1985,176.2375242,3
NE002003,1986,116.5516405,3
NE002003,1987,164.7116486,3
NE002003,1988,303.4364607,3
NE002003,1989,190.09258329999997,3
NE002003,1990,169.64199820000002,3
NE002003,1991,182.11452350000002,3
NE002003,1992,183.3252492,3
NE002003,1993,93.24683474,3
NE002003,1994,305.59069289999996,3
NE002003,1995,170.7652798,3
NE002003,1996,94.91072,3
NE002003,1997,105.3182395,3
NE002003,1998,218.6963099,3
NE002003,1999,306.2917311,3
NE002003,2000,150.86839129999998,3
NE002003,2001,106.1118744,3
NE002003,2002,120.77037030000001,3
NE002003,2003,149.3875263,3
NE002003,2004,130.93314139999998,3
NE002003,2005,215.3283754,3
NE002003,2006,98.09873678,3
NE002003,2007,153.623866,3
NE002003,2008,136.6957693,3
NE002003,2009,86.96893194,3
NE002003,2010,320.46126719999995,3
NE002003,2011,132.84443184999998,3
NE002003,2012,142.4666593,3
NE002003,2013,130.144791,3
NE002003,2014,156.71264105,3
NE002003,2015,187.38446999999996,3
NE002003,2016,220.88546530000002,3
NE002003,2017,191.2068218,3
NE002003,2018,177.8617639,3
NE002003,2019,263.54788126,3
NE002003,2020,140.91421680000002,3
NE002003,2021,155.7020941,3
NE002003,2022,154.7015571,3
NE002003,2023,103.689314,3
NE002003,2024,307.76877087,3
NE002003,2025,98.3570939,3
NE002003,2026,33.03244816,3
NE002004,1981,162.7228469,3
NE002004,1982,241.09340874999998,3
NE002004,1983,122.0316572,3
NE002004,1984,44.76725001,3
NE002004,1985,171.8907548,3
NE002004,1986,115.5000609,3
NE002004,1987,167.2821933,3
NE002004,1988,343.994579,3
NE002004,1989,174.2704005,3
NE002004,1990,150.28050330000002,3
NE002004,1991,155.4597535,3
NE002004,1992,193.3404983,3
NE002004,1993,77.53527935999999,3
NE002004,1994,290.7528069,3
NE002004,1995,184.7124479,3
NE002004,1996,94.2823794,3
NE002004,1997,114.3180917,3
NE002004,1998,220.86001629999998,3
NE002004,1999,308.0512005,3
NE002004,2000,146.10885435,3
NE002004,2001,94.6973935,3
NE002004,2002,110.6945365,3
NE002004,2003,133.8966986,3
NE002004,2004,131.72241512,3
NE002004,2005,204.02497749999998,3
NE002004,2006,92.58148177000001,3
NE002004,2007,145.77864,3
NE002004,2008,140.62045394,3
NE002004,2009,127.65735763,3
NE002004,2010,303.2203586,3
NE002004,2011,107.83350407,3
NE002004,2012,135.59890610000002,3
NE002004,2013,100.01200960000001,3
NE002004,2014,161.7264094,3
NE002004,2015,169.06431522000003,3
NE002004,2016,211.0794729,3
NE002004,2017,178.63259670000002,3
NE002004,2018,198.95648979999999,3
NE002004,2019,175.531744,3
NE002004,2020,139.01476885,3
NE002004,2021,152.55048499999998,3
NE002004,2022,173.0239326,3
NE002004,2023,111.93269276999999,3
NE002004,2024,299.51381219999996,3
NE002004,2025,103.2457019,3
NE002004,2026,36.38015763,3
NE002005,1981,21.21220728,3
NE002005,1982,27.02600658,3
NE002005,1983,14.01805352,3
NE002005,1984,4.518315422000001,3
NE002005,1985,31.04280374,3
NE002005,1986,19.100822845,3
NE002005,1987,30.98754798,3
NE002005,1988,79.13924094999999,3
NE002005,1989,48.01864051,3
NE002005,1990,24.27475584,3
NE002005,1991,32.83579125,3
NE002005,1992,33.148657279999995,3
NE002005,1993,10.0393067354,3
NE002005,1994,51.95623643,3
NE002005,1995,31.54079687,3
NE002005,1996,17.21133286,3
NE002005,1997,31.94561259,3
NE002005,1998,43.8176502,3
NE002005,1999,84.63694732799999,3
NE002005,2000,24.583819000000002,3
NE002005,2001,16.196881282,3
NE002005,2002,21.245261814,3
NE002005,2003,24.33014557,3
NE002005,2004,16.6794695,3
NE002005,2005,28.63775428,3
NE002005,2006,13.490694095,3
NE002005,2007,17.126229719999998,3
NE002005,2008,20.2234184,3
NE002005,2009,23.801534054,3
NE002005,2010,42.97431887,3
NE002005,2011,18.752688499999998,3
NE002005,2012,38.9784199,3
NE002005,2013,14.381047676,3
NE002005,2014,20.322067547000003,3
NE002005,2015,28.997879571,3
NE002005,2016,34.93720621,3
NE002005,2017,37.20676951,3
NE002005,2018,45.98046021,3
NE002005,2019,48.21161836,3
NE002005,2020,33.224141566,3
NE002005,2021,16.41454818,3
NE002005,2022,17.5286829,3
NE002005,2023,11.72907541,3
NE002005,2024,82.96463756000001,3
NE002005,2025,15.4342739,3
NE002005,2026,5.4408307229999995,3
NE002006,1981,137.62196235,3
NE002006,1982,164.4101417,3
NE002006,1983,86.0879027,3
NE002006,1984,33.18110129,3
NE002006,1985,132.68598179999998,3
NE002006,1986,100.78656910000001,3
NE002006,1987,126.3453001,3
NE002006,1988,285.8523733,3
NE002006,1989,146.5477059,3
NE002006,1990,111.80916110000001,3
NE002006,1991,123.01653150000001,3
NE002006,1992,131.1970157,3
NE002006,1993,70.13183285,3
NE002006,1994,228.1944168,3
NE002006,1995,197.2751067,3
NE002006,1996,101.2240958,3
NE002006,1997,106.3340426,3
NE002006,1998,166.4217164,3
NE002006,1999,285.2561525,3
NE002006,2000,118.68167600000001,3
NE002006,2001,79.9715879,3
NE002006,2002,110.6502949,3
NE002006,2003,140.4770508,3
NE002006,2004,99.88672009999999,3
NE002006,2005,156.972742,3
NE002006,2006,56.894347999999994,3
NE002006,2007,113.8862645,3
NE002006,2008,111.984472,3
NE002006,2009,133.57683980000002,3
NE002006,2010,277.44890649999996,3
NE002006,2011,73.70745845,3
NE002006,2012,124.50855376,3
NE002006,2013,76.27091197,3
NE002006,2014,140.27492402000001,3
NE002006,2015,115.12758260000001,3
NE002006,2016,185.4207019,3
NE002006,2017,154.64699099999999,3
NE002006,2018,184.20710336000002,3
NE002006,2019,152.64985919999998,3
NE002006,2020,107.90485562999999,3
NE002006,2021,121.3749305,3
NE002006,2022,109.4200351,3
NE002006,2023,82.91673915,3
NE002006,2024,246.3705209,3
NE002006,2025,77.05097899999998,3
NE002006,2026,40.94349065,3
NE003001,1981,254.8786601,3
NE003001,1982,205.81766119999997,3
NE003001,1983,125.1797616,3
NE003001,1984,108.61451930000001,3
NE003001,1985,264.35868589999995,3
NE003001,1986,266.7117718,3
NE003001,1987,163.3078304,3
NE003001,1988,308.2781688,3
NE003001,1989,285.74007670000003,3
NE003001,1990,138.9492731,3
NE003001,1991,249.91755080000001,3
NE003001,1992,236.3765794,3
NE003001,1993,174.3232195,3
NE003001,1994,249.55607199999997,3
NE003001,1995,228.39411610000002,3
NE003001,1996,176.6685725,3
NE003001,1997,175.16491290000002,3
NE003001,1998,262.1529561,3
NE003001,1999,297.14359970000004,3
NE003001,2000,186.2116922,3
NE003001,2001,302.1738277,3
NE003001,2002,220.78034029999998,3
NE003001,2003,248.9536641,3
NE003001,2004,188.1768464,3
NE003001,2005,227.28560869999998,3
NE003001,2006,246.27440159999998,3
NE003001,2007,281.6931181,3
NE003001,2008,240.7968486,3
NE003001,2009,218.10723339999998,3
NE003001,2010,264.37227429999996,3
NE003001,2011,149.9288623,3
NE003001,2012,329.76175220000005,3
NE003001,2013,262.9494197,3
NE003001,2014,340.9788956,3
NE003001,2015,283.7717176,3
NE003001,2016,342.0360642,3
NE003001,2017,259.345786,3
NE003001,2018,217.3477893,3
NE003001,2019,292.4199417,3
NE003001,2020,300.611361,3
NE003001,2021,206.05766670000003,3
NE003001,2022,276.5848898,3
NE003001,2023,151.8948804,3
NE003001,2024,331.7886118,3
NE003001,2025,293.6005768,3
NE003001,2026,103.6428311,3
NE003002,1981,344.94882359999997,3
NE003002,1982,269.73187229999996,3
NE003002,1983,204.1747446,3
NE003002,1984,177.91686220000003,3
NE003002,1985,343.6252786,3
NE003002,1986,254.51924849999997,3
NE003002,1987,216.0455698,3
NE003002,1988,409.05820090000003,3
NE003002,1989,370.4526489,3
NE003002,1990,222.36189209999998,3
NE003002,1991,330.0028831,3
NE003002,1992,364.4794159,3
NE003002,1993,240.05496520000003,3
NE003002,1994,314.6170455,3
NE003002,1995,341.8080092,3
NE003002,1996,277.93892470000003,3
NE003002,1997,220.13796180000003,3
NE003002,1998,374.97888869999997,3
NE003002,1999,379.81882,3
NE003002,2000,289.429552,3
NE003002,2001,355.9754347,3
NE003002,2002,316.2429174,3
NE003002,2003,365.83317,3
NE003002,2004,306.6148482,3
NE003002,2005,290.0974819,3
NE003002,2006,311.3689342,3
NE003002,2007,338.0308008,3
NE003002,2008,324.7081947,3
NE003002,2009,269.3908042,3
NE003002,2010,344.1115392,3
NE003002,2011,203.22098899999997,3
NE003002,2012,395.1445555,3
NE003002,2013,354.1138006,3
NE003002,2014,432.0389591,3
NE003002,2015,325.9875194,3
NE003002,2016,428.353991,3
NE003002,2017,308.73963860000003,3
NE003002,2018,330.0149558,3
NE003002,2019,393.73410160000003,3
NE003002,2020,335.8753021,3
NE003002,2021,302.3068589,3
NE003002,2022,434.8415016,3
NE003002,2023,201.9636931,3
NE003002,2024,388.0956165,3
NE003002,2025,352.6243037,3
NE003002,2026,170.2424624,3
NE003003,1981,204.1814882,3
NE003003,1982,170.32502879999998,3
NE003003,1983,118.4703825,3
NE003003,1984,74.2787493,3
NE003003,1985,160.03522500000003,3
NE003003,1986,144.5363065,3
NE003003,1987,134.50256000000002,3
NE003003,1988,206.3479092,3
NE003003,1989,197.78756044,3
NE003003,1990,139.1949707,3
NE003003,1991,147.6150508,3
NE003003,1992,180.0981298,3
NE003003,1993,130.3435153,3
NE003003,1994,165.8655695,3
NE003003,1995,156.0206485,3
NE003003,1996,94.10776179999999,3
NE003003,1997,159.9272476,3
NE003003,1998,202.43254969999998,3
NE003003,1999,342.1147624,3
NE003003,2000,173.98736839999998,3
NE003003,2001,213.0561669,3
NE003003,2002,139.28222419999997,3
NE003003,2003,177.3501537,3
NE003003,2004,120.31250550000001,3
NE003003,2005,196.07633320000002,3
NE003003,2006,140.43905990000002,3
NE003003,2007,242.13435879999997,3
NE003003,2008,172.5849684,3
NE003003,2009,121.97449885,3
NE003003,2010,251.82947330000002,3
NE003003,2011,139.64191893999998,3
NE003003,2012,301.0574828,3
NE003003,2013,259.4844767,3
NE003003,2014,284.7503049,3
NE003003,2015,213.6566917,3
NE003003,2016,297.6260891,3
NE003003,2017,232.210894,3
NE003003,2018,222.92055979999998,3
NE003003,2019,228.6885596,3
NE003003,2020,283.89267370000005,3
NE003003,2021,83.1030736,3
NE003003,2022,208.96412270000002,3
NE003003,2023,88.9575702,3
NE003003,2024,372.0282604,3
NE003003,2025,220.86714769999998,3
NE003003,2026,51.7345205,3
NE003004,1981,290.32608799999997,3
NE003004,1982,241.5594828,3
NE003004,1983,175.6050348,3
NE003004,1984,139.8630417,3
NE003004,1985,291.0462481,3
NE003004,1986,250.26538359999998,3
NE003004,1987,197.777145,3
NE003004,1988,345.9681722,3
NE003004,1989,320.867768,3
NE003004,1990,180.16481299999998,3
NE003004,1991,301.8091115,3
NE003004,1992,309.95723780000003,3
NE003004,1993,203.980717,3
NE003004,1994,282.432764,3
NE003004,1995,273.2538766,3
NE003004,1996,214.3997136,3
NE003004,1997,184.9055191,3
NE003004,1998,311.0706422,3
NE003004,1999,341.0179051,3
NE003004,2000,223.7711205,3
NE003004,2001,335.5679815,3
NE003004,2002,263.3682779,3
NE003004,2003,314.20522959999994,3
NE003004,2004,244.24231289999997,3
NE003004,2005,261.4854471,3
NE003004,2006,269.90666219999997,3
NE003004,2007,324.8372687,3
NE003004,2008,279.89697179999996,3
NE003004,2009,233.1511215,3
NE003004,2010,312.244907,3
NE003004,2011,179.5368502,3
NE003004,2012,375.8277016,3
NE003004,2013,314.7218719,3
NE003004,2014,396.40351639999994,3
NE003004,2015,303.823348,3
NE003004,2016,388.9212294,3
NE003004,2017,288.44356930000004,3
NE003004,2018,282.6366807,3
NE003004,2019,335.1914514,3
NE003004,2020,304.4528262,3
NE003004,2021,259.4785285,3
NE003004,2022,335.8655332,3
NE003004,2023,183.6177409,3
NE003004,2024,378.6490495,3
NE003004,2025,340.474332,3
NE003004,2026,126.943644,3
NE003005,1981,314.7601302,3
NE003005,1982,253.02520349999998,3
NE003005,1983,183.86961430000002,3
NE003005,1984,158.3952219,3
NE003005,1985,349.1459696,3
NE003005,1986,287.00863250000003,3
NE003005,1987,226.31613389999998,3
NE003005,1988,400.5094583,3
NE003005,1989,358.6714211,3
NE003005,1990,190.28203969999998,3
NE003005,1991,383.58568,3
NE003005,1992,315.77881529999996,3
NE003005,1993,247.0451638,3
NE003005,1994,345.3990394,3
NE003005,1995,345.5172604,3
NE003005,1996,259.024564,3
NE003005,1997,212.8366742,3
NE003005,1998,352.1515255,3
NE003005,1999,323.1951287,3
NE003005,2000,269.9618388,3
NE003005,2001,369.665957,3
NE003005,2002,298.0323323,3
NE003005,2003,308.9229763,3
NE003005,2004,244.6665084,3
NE003005,2005,282.235869,3
NE003005,2006,290.565223,3
NE003005,2007,334.1253162,3
NE003005,2008,266.9460208,3
NE003005,2009,323.409489,3
NE003005,2010,335.2612492,3
NE003005,2011,181.34521990000002,3
NE003005,2012,365.8163426,3
NE003005,2013,334.7723064,3
NE003005,2014,396.4740677,3
NE003005,2015,387.5089762,3
NE003005,2016,425.9703137,3
NE003005,2017,316.57823329999997,3
NE003005,2018,283.47657360000005,3
NE003005,2019,343.2173356,3
NE003005,2020,385.93013629999996,3
NE003005,2021,395.8245652,3
NE003005,2022,416.79445309999994,3
NE003005,2023,233.6688518,3
NE003005,2024,378.8068793,3
NE003005,2025,365.3354273,3
NE003005,2026,140.51192509999998,3
NE003006,1981,426.2276964,3
NE003006,1982,342.27523900000006,3
NE003006,1983,254.7237942,3
NE003006,1984,207.076723,3
NE003006,1985,410.3265338,3
NE003006,1986,343.04072929999995,3
NE003006,1987,284.3422099,3
NE003006,1988,549.1825610000001,3
NE003006,1989,433.333846,3
NE003006,1990,285.2637807,3
NE003006,1991,462.6859364,3
NE003006,1992,552.6353377,3
NE003006,1993,342.69345869999995,3
NE003006,1994,471.6120954,3
NE003006,1995,458.27348300000006,3
NE003006,1996,373.2719663,3
NE003006,1997,287.21907350000004,3
NE003006,1998,442.6324581,3
NE003006,1999,454.57391900000005,3
NE003006,2000,389.7827503,3
NE003006,2001,495.31602899999996,3
NE003006,2002,365.0598615,3
NE003006,2003,392.57311500000003,3
NE003006,2004,356.6903123,3
NE003006,2005,382.7438515,3
NE003006,2006,355.3785105,3
NE003006,2007,410.30548710000005,3
NE003006,2008,426.152423,3
NE003006,2009,416.95160999999996,3
NE003006,2010,409.64361759999997,3
NE003006,2011,270.98069680000003,3
NE003006,2012,520.678859,3
NE003006,2013,429.2315123,3
NE003006,2014,426.812512,3
NE003006,2015,380.0910295,3
NE003006,2016,477.2547793,3
NE003006,2017,329.71562800000004,3
NE003006,2018,435.4391621,3
NE003006,2019,428.290321,3
NE003006,2020,469.0419937,3
NE003006,2021,554.0859363,3
NE003006,2022,531.0510466999999,3
NE003006,2023,293.51322919999996,3
NE003006,2024,489.38463509999997,3
NE003006,2025,467.47257820000004,3
NE003006,2026,218.97369400000002,3
NE003007,1981,234.9243387,3
NE003007,1982,198.76622509999999,3
NE003007,1983,133.7494919,3
NE003007,1984,81.4974747,3
NE003007,1985,199.0556637,3
NE003007,1986,181.4069066,3
NE003007,1987,142.5816944,3
NE003007,1988,235.2662781,3
NE003007,1989,210.15374459999998,3
NE003007,1990,147.579013,3
NE003007,1991,179.6553172,3
NE003007,1992,260.7147394,3
NE003007,1993,139.3315832,3
NE003007,1994,200.62458510000002,3
NE003007,1995,178.6002747,3
NE003007,1996,113.38679189999999,3
NE003007,1997,151.8514699,3
NE003007,1998,215.8601046,3
NE003007,1999,304.65918899999997,3
NE003007,2000,150.1606968,3
NE003007,2001,267.6728029,3
NE003007,2002,181.81576009999998,3
NE003007,2003,206.27994370000002,3
NE003007,2004,162.0048533,3
NE003007,2005,214.33677790000002,3
NE003007,2006,197.16559469999999,3
NE003007,2007,299.4815057,3
NE003007,2008,223.0171795,3
NE003007,2009,140.40834275999998,3
NE003007,2010,269.0176431,3
NE003007,2011,138.5070403,3
NE003007,2012,375.01382,3
NE003007,2013,265.9019851,3
NE003007,2014,329.8971223,3
NE003007,2015,257.92171079999997,3
NE003007,2016,301.60063230000003,3
NE003007,2017,242.0477789,3
NE003007,2018,238.45528160000003,3
NE003007,2019,274.8973893,3
NE003007,2020,214.26668750000002,3
NE003007,2021,113.03952000000001,3
NE003007,2022,197.26462049999998,3
NE003007,2023,112.8994764,3
NE003007,2024,387.1179363,3
NE003007,2025,255.9900935,3
NE003007,2026,62.8059977,3
NE003008,1981,296.2697769,3
NE003008,1982,230.58560670000003,3
NE003008,1983,186.9249719,3
NE003008,1984,129.3194858,3
NE003008,1985,235.41174539999997,3
NE003008,1986,225.28402160000002,3
NE003008,1987,183.4484182,3
NE003008,1988,305.75410750000003,3
NE003008,1989,282.7504465,3
NE003008,1990,189.4185143,3
NE003008,1991,225.9594791,3
NE003008,1992,282.7849317,3
NE003008,1993,206.7851858,3
NE003008,1994,264.9639248,3
NE003008,1995,240.539966,3
NE003008,1996,190.0455105,3
NE003008,1997,164.01928470000001,3
NE003008,1998,273.4706805,3
NE003008,1999,337.14238520000004,3
NE003008,2000,212.49989420000003,3
NE003008,2001,276.5524421,3
NE003008,2002,252.76562810000001,3
NE003008,2003,312.0975566,3
NE003008,2004,226.19794369999997,3
NE003008,2005,238.92027389999998,3
NE003008,2006,229.5917591,3
NE003008,2007,305.7781645,3
NE003008,2008,289.2665712,3
NE003008,2009,178.85416830000003,3
NE003008,2010,288.4732078,3
NE003008,2011,162.83800309999998,3
NE003008,2012,394.959475,3
NE003008,2013,311.3127682,3
NE003008,2014,392.31801900000005,3
NE003008,2015,272.8050342,3
NE003008,2016,398.378177,3
NE003008,2017,285.7482768,3
NE003008,2018,296.514268,3
NE003008,2019,337.78884189999997,3
NE003008,2020,241.19869899999998,3
NE003008,2021,167.4376135,3
NE003008,2022,353.5102972,3
NE003008,2023,140.72477220000002,3
NE003008,2024,382.86016409999996,3
NE003008,2025,351.532895,3
NE003008,2026,103.4577112,3
NE004001,1981,229.6699488,3
NE004001,1982,192.29901990000002,3
NE004001,1983,180.7030182,3
NE004001,1984,143.8531707,3
NE004001,1985,271.93586320000003,3
NE004001,1986,224.7522055,3
NE004001,1987,233.17919360000002,3
NE004001,1988,353.8724938,3
NE004001,1989,237.88005460000002,3
NE004001,1990,194.4999396,3
NE004001,1991,240.17972079999998,3
NE004001,1992,242.49650000000003,3
NE004001,1993,183.8792103,3
NE004001,1994,214.22396279999998,3
NE004001,1995,203.12401970000002,3
NE004001,1996,157.3736538,3
NE004001,1997,252.76490029999997,3
NE004001,1998,320.5217299,3
NE004001,1999,386.62084669999996,3
NE004001,2000,168.2376526,3
NE004001,2001,221.7568566,3
NE004001,2002,169.98840239999998,3
NE004001,2003,227.2029151,3
NE004001,2004,213.94128139999998,3
NE004001,2005,258.2648979,3
NE004001,2006,188.6233311,3
NE004001,2007,200.5106481,3
NE004001,2008,204.09141019999998,3
NE004001,2009,167.5470368,3
NE004001,2010,305.7488552,3
NE004001,2011,210.41931739999998,3
NE004001,2012,304.0807329,3
NE004001,2013,213.448866,3
NE004001,2014,221.2307792,3
NE004001,2015,249.8602394,3
NE004001,2016,254.0461343,3
NE004001,2017,354.8757656,3
NE004001,2018,234.5022775,3
NE004001,2019,337.48516960000006,3
NE004001,2020,371.31869420000004,3
NE004001,2021,160.35422830000002,3
NE004001,2022,241.28499340000002,3
NE004001,2023,179.067157,3
NE004001,2024,434.0709225,3
NE004001,2025,219.2728414,3
NE004001,2026,83.2918153,3
NE004002,1981,116.3136299,3
NE004002,1982,124.4550968,3
NE004002,1983,101.49464660000001,3
NE004002,1984,50.026538560000006,3
NE004002,1985,119.19166480000001,3
NE004002,1986,122.9027805,3
NE004002,1987,100.6705087,3
NE004002,1988,210.133392,3
NE004002,1989,180.5110085,3
NE004002,1990,126.36992369999999,3
NE004002,1991,139.8652319,3
NE004002,1992,154.0162888,3
NE004002,1993,97.24840990000001,3
NE004002,1994,122.91615271,3
NE004002,1995,109.13694559999999,3
NE004002,1996,81.2627519,3
NE004002,1997,107.93153384,3
NE004002,1998,154.8458887,3
NE004002,1999,235.39128872000003,3
NE004002,2000,112.0932971,3
NE004002,2001,138.4176119,3
NE004002,2002,98.30674216,3
NE004002,2003,160.6099631,3
NE004002,2004,81.37294036,3
NE004002,2005,149.90696830000002,3
NE004002,2006,95.74353652,3
NE004002,2007,143.0137633,3
NE004002,2008,117.35524040000001,3
NE004002,2009,68.63741250000001,3
NE004002,2010,184.7517324,3
NE004002,2011,115.13437189999999,3
NE004002,2012,144.6866197,3
NE004002,2013,114.65236700000001,3
NE004002,2014,147.27828059,3
NE004002,2015,147.81449022,3
NE004002,2016,169.11653689999997,3
NE004002,2017,177.2131705,3
NE004002,2018,164.87695019999998,3
NE004002,2019,194.478251,3
NE004002,2020,200.05457839999997,3
NE004002,2021,78.26428598,3
NE004002,2022,134.8212561,3
NE004002,2023,79.31574325,3
NE004002,2024,437.956876,3
NE004002,2025,75.6894575,3
NE004002,2026,51.06668263,3
NE004003,1981,156.3998847,3
NE004003,1982,144.68947867,3
NE004003,1983,127.79533839999999,3
NE004003,1984,82.01526374,3
NE004003,1985,164.566485,3
NE004003,1986,139.06122770000002,3
NE004003,1987,136.03463720000002,3
NE004003,1988,239.34992219999998,3
NE004003,1989,184.4392878,3
NE004003,1990,152.96618420000001,3
NE004003,1991,152.6741018,3
NE004003,1992,184.449715,3
NE004003,1993,125.4496122,3
NE004003,1994,132.7882453,3
NE004003,1995,127.43902299999999,3
NE004003,1996,103.878759,3
NE004003,1997,168.3927059,3
NE004003,1998,180.7813736,3
NE004003,1999,306.53018636,3
NE004003,2000,131.6829666,3
NE004003,2001,154.5710057,3
NE004003,2002,137.0094104,3
NE004003,2003,163.5801865,3
NE004003,2004,116.98417660000001,3
NE004003,2005,171.29222620000002,3
NE004003,2006,127.04059199999999,3
NE004003,2007,161.387562,3
NE004003,2008,130.36377520000002,3
NE004003,2009,97.85613574999999,3
NE004003,2010,218.2959361,3
NE004003,2011,146.8627914,3
NE004003,2012,197.9641585,3
NE004003,2013,146.3134275,3
NE004003,2014,199.23621450000002,3
NE004003,2015,156.0313256,3
NE004003,2016,201.9179034,3
NE004003,2017,247.0788178,3
NE004003,2018,194.88687919999998,3
NE004003,2019,237.98063630000001,3
NE004003,2020,282.82814329999997,3
NE004003,2021,116.6922442,3
NE004003,2022,189.4727399,3
NE004003,2023,97.63844510000001,3
NE004003,2024,415.72876199999996,3
NE004003,2025,115.7700958,3
NE004003,2026,56.66158016,3
NE004004,1981,243.706829,3
NE004004,1982,204.2335557,3
NE004004,1983,202.3250578,3
NE004004,1984,133.60093669999998,3
NE004004,1985,294.4002228,3
NE004004,1986,258.3503065,3
NE004004,1987,245.5365471,3
NE004004,1988,377.7815471,3
NE004004,1989,251.32827830000002,3
NE004004,1990,210.3805526,3
NE004004,1991,267.44314380000003,3
NE004004,1992,267.8598328,3
NE004004,1993,195.16607520000002,3
NE004004,1994,233.82090739999995,3
NE004004,1995,211.0888774,3
NE004004,1996,153.001337,3
NE004004,1997,255.38780580000002,3
NE004004,1998,351.68623709999997,3
NE004004,1999,375.13243309999996,3
NE004004,2000,179.352311,3
NE004004,2001,219.75727500000002,3
NE004004,2002,175.16397239999998,3
NE004004,2003,234.7660704,3
NE004004,2004,211.99467270000002,3
NE004004,2005,264.4954063,3
NE004004,2006,188.0880376,3
NE004004,2007,213.2572834,3
NE004004,2008,217.78055769999997,3
NE004004,2009,187.7299662,3
NE004004,2010,294.80234340000004,3
NE004004,2011,232.3439851,3
NE004004,2012,287.1882746,3
NE004004,2013,228.7537813,3
NE004004,2014,227.3036303,3
NE004004,2015,269.5641271,3
NE004004,2016,272.6982757,3
NE004004,2017,351.033148,3
NE004004,2018,254.22286239999997,3
NE004004,2019,347.589117,3
NE004004,2020,352.78525679999996,3
NE004004,2021,164.4673727,3
NE004004,2022,261.4529946,3
NE004004,2023,183.2820292,3
NE004004,2024,439.99659180000003,3
NE004004,2025,222.3851488,3
NE004004,2026,91.20960395,3
NE004005,1981,209.888573,3
NE004005,1982,168.3704022,3
NE004005,1983,157.1466486,3
NE004005,1984,108.9090801,3
NE004005,1985,232.9737162,3
NE004005,1986,166.8721582,3
NE004005,1987,194.3366581,3
NE004005,1988,313.8806296,3
NE004005,1989,211.1598857,3
NE004005,1990,181.26493490000001,3
NE004005,1991,197.6876627,3
NE004005,1992,203.3595393,3
NE004005,1993,151.69247410000003,3
NE004005,1994,191.3512865,3
NE004005,1995,181.69675089999998,3
NE004005,1996,156.2047279,3
NE004005,1997,211.8846854,3
NE004005,1998,238.2556427,3
NE004005,1999,409.54086,3
NE004005,2000,155.04470369999999,3
NE004005,2001,214.7326784,3
NE004005,2002,181.8127918,3
NE004005,2003,185.7656039,3
NE004005,2004,182.5898734,3
NE004005,2005,225.55897679999998,3
NE004005,2006,160.3445079,3
NE004005,2007,205.3292733,3
NE004005,2008,194.9180882,3
NE004005,2009,152.52535070000002,3
NE004005,2010,297.56016489999996,3
NE004005,2011,181.8813809,3
NE004005,2012,261.8852607,3
NE004005,2013,220.78665279999998,3
NE004005,2014,197.0206377,3
NE004005,2015,219.8079529,3
NE004005,2016,253.6434862,3
NE004005,2017,334.35843850000003,3
NE004005,2018,230.5049359,3
NE004005,2019,308.7386398,3
NE004005,2020,391.6367014,3
NE004005,2021,157.3308183,3
NE004005,2022,238.6698296,3
NE004005,2023,139.4156619,3
NE004005,2024,549.5886861,3
NE004005,2025,203.56374259999998,3
NE004005,2026,50.81713635999999,3
NE004006,1981,245.1914702,3
NE004006,1982,212.1170237,3
NE004006,1983,199.02751419999998,3
NE004006,1984,160.834113,3
NE004006,1985,286.3848495,3
NE004006,1986,217.3219845,3
NE004006,1987,271.76578959999995,3
NE004006,1988,408.04488019999997,3
NE004006,1989,248.54971519999998,3
NE004006,1990,203.27824959999998,3
NE004006,1991,256.7791105,3
NE004006,1992,240.7324492,3
NE004006,1993,202.623511,3
NE004006,1994,264.77974770000003,3
NE004006,1995,220.99252510000002,3
NE004006,1996,207.3197229,3
NE004006,1997,270.9086384,3
NE004006,1998,330.06143180000004,3
NE004006,1999,408.54018499999995,3
NE004006,2000,188.9632142,3
NE004006,2001,263.1568705,3
NE004006,2002,204.7706184,3
NE004006,2003,242.7015917,3
NE004006,2004,280.7686046,3
NE004006,2005,273.8709892,3
NE004006,2006,205.55980879999998,3
NE004006,2007,231.58174830000002,3
NE004006,2008,244.82191089999998,3
NE004006,2009,204.9762651,3
NE004006,2010,335.7133834,3
NE004006,2011,229.729274,3
NE004006,2012,291.9332175,3
NE004006,2013,264.5243827,3
NE004006,2014,228.4461306,3
NE004006,2015,267.73353000000003,3
NE004006,2016,337.623608,3
NE004006,2017,372.4504784,3
NE004006,2018,286.5324551,3
NE004006,2019,337.34946579999996,3
NE004006,2020,408.93475499999994,3
NE004006,2021,199.2226545,3
NE004006,2022,326.1110963,3
NE004006,2023,190.067084,3
NE004006,2024,543.2129374000001,3
NE004006,2025,259.8811815,3
NE004006,2026,82.7135662,3
NE004007,1981,214.7750838,3
NE004007,1982,175.8232081,3
NE004007,1983,158.313119,3
NE004007,1984,125.6694774,3
NE004007,1985,251.70325630000002,3
NE004007,1986,181.62282199999999,3
NE004007,1987,228.7006457,3
NE004007,1988,332.5691279,3
NE004007,1989,224.5095618,3
NE004007,1990,182.9948412,3
NE004007,1991,214.10751679999998,3
NE004007,1992,202.4726908,3
NE004007,1993,166.52933819999998,3
NE004007,1994,208.7930133,3
NE004007,1995,185.7611314,3
NE004007,1996,161.9542443,3
NE004007,1997,256.6553768,3
NE004007,1998,277.1555542,3
NE004007,1999,428.22011009999994,3
NE004007,2000,148.7782823,3
NE004007,2001,218.440368,3
NE004007,2002,173.69778789999998,3
NE004007,2003,195.0225845,3
NE004007,2004,196.8905193,3
NE004007,2005,238.3906066,3
NE004007,2006,167.70299310000001,3
NE004007,2007,199.1672542,3
NE004007,2008,196.7074048,3
NE004007,2009,151.9037908,3
NE004007,2010,333.01035870000004,3
NE004007,2011,191.2097938,3
NE004007,2012,280.8418181,3
NE004007,2013,236.1380311,3
NE004007,2014,188.0677578,3
NE004007,2015,218.7722458,3
NE004007,2016,257.2460137,3
NE004007,2017,351.51163959999997,3
NE004007,2018,238.74346160000002,3
NE004007,2019,291.696544,3
NE004007,2020,380.66483,3
NE004007,2021,162.3903942,3
NE004007,2022,236.4908856,3
NE004007,2023,150.1712747,3
NE004007,2024,489.5521821,3
NE004007,2025,226.3584141,3
NE004007,2026,61.82289145,3
NE004008,1981,163.8780111,3
NE004008,1982,150.90649154,3
NE004008,1983,145.0693117,3
NE004008,1984,87.0203566,3
NE004008,1985,190.9443086,3
NE004008,1986,156.6628657,3
NE004008,1987,165.9073851,3
NE004008,1988,245.6025811,3
NE004008,1989,179.2432062,3
NE004008,1990,159.3596051,3
NE004008,1991,196.23717190000002,3
NE004008,1992,197.96402940000002,3
NE004008,1993,138.9847633,3
NE004008,1994,154.710011,3
NE004008,1995,151.1948046,3
NE004008,1996,105.83044509999999,3
NE004008,1997,200.3814065,3
NE004008,1998,237.9223252,3
NE004008,1999,272.0061772,3
NE004008,2000,125.6686486,3
NE004008,2001,163.8160837,3
NE004008,2002,129.8884093,3
NE004008,2003,171.3447067,3
NE004008,2004,111.8119798,3
NE004008,2005,189.5405212,3
NE004008,2006,142.5457193,3
NE004008,2007,177.255077,3
NE004008,2008,141.7594904,3
NE004008,2009,106.9293817,3
NE004008,2010,254.61868809999999,3
NE004008,2011,148.0805943,3
NE004008,2012,217.97905480000003,3
NE004008,2013,150.9284988,3
NE004008,2014,228.5404294,3
NE004008,2015,196.07804320000002,3
NE004008,2016,205.7917497,3
NE004008,2017,292.0648169,3
NE004008,2018,195.14915639999998,3
NE004008,2019,252.36957790000002,3
NE004008,2020,282.5370896,3
NE004008,2021,134.4374615,3
NE004008,2022,185.5272287,3
NE004008,2023,122.16808067,3
NE004008,2024,398.17075079999995,3
NE004008,2025,128.0124523,3
NE004008,2026,63.3158129,3
NE004009,1981,191.47722700000003,3
NE004009,1982,176.03723300000001,3
NE004009,1983,169.4688466,3
NE004009,1984,93.9306611,3
NE004009,1985,246.3598262,3
NE004009,1986,180.0473421,3
NE004009,1987,202.5311178,3
NE004009,1988,283.7143368,3
NE004009,1989,226.98294380000002,3
NE004009,1990,181.5560521,3
NE004009,1991,222.30306380000002,3
NE004009,1992,233.7240054,3
NE004009,1993,160.94837760000001,3
NE004009,1994,213.93660979999999,3
NE004009,1995,178.69031479999998,3
NE004009,1996,113.2940318,3
NE004009,1997,205.12235909999998,3
NE004009,1998,299.962727,3
NE004009,1999,313.2063585,3
NE004009,2000,148.4157448,3
NE004009,2001,194.3747922,3
NE004009,2002,152.4154044,3
NE004009,2003,191.1817743,3
NE004009,2004,137.105507,3
NE004009,2005,215.6267396,3
NE004009,2006,166.10398759999998,3
NE004009,2007,196.3035935,3
NE004009,2008,174.5747412,3
NE004009,2009,126.38476746,3
NE004009,2010,286.61790579999996,3
NE004009,2011,194.2526072,3
NE004009,2012,214.4739017,3
NE004009,2013,192.44489219999997,3
NE004009,2014,225.07553919999998,3
NE004009,2015,224.76314390000002,3
NE004009,2016,240.306324,3
NE004009,2017,304.63602790000004,3
NE004009,2018,232.2447049,3
NE004009,2019,295.9811523,3
NE004009,2020,265.99801260000004,3
NE004009,2021,150.1769144,3
NE004009,2022,220.816306,3
NE004009,2023,165.3301634,3
NE004009,2024,454.7468652,3
NE004009,2025,167.0755034,3
NE004009,2026,80.73966007,3
NE005001,1981,122.67257330000001,3
NE005001,1982,100.8960706,3
NE005001,1983,89.62930700000001,3
NE005001,1984,40.625209049999995,3
NE005001,1985,115.49417370000002,3
NE005001,1986,122.5605947,3
NE005001,1987,86.30461474999998,3
NE005001,1988,187.6031638,3
NE005001,1989,140.72165760000001,3
NE005001,1990,106.8196993,3
NE005001,1991,124.89534950000001,3
NE005001,1992,130.2205227,3
NE005001,1993,91.9565423,3
NE005001,1994,115.6059037,3
NE005001,1995,108.66821279999999,3
NE005001,1996,79.0067815,3
NE005001,1997,95.39175296,3
NE005001,1998,143.4594124,3
NE005001,1999,226.70075866000002,3
NE005001,2000,103.92972370000001,3
NE005001,2001,112.0766079,3
NE005001,2002,95.00354621,3
NE005001,2003,134.2145645,3
NE005001,2004,83.1198994,3
NE005001,2005,128.9700107,3
NE005001,2006,87.27458250000001,3
NE005001,2007,141.9227809,3
NE005001,2008,104.46004893,3
NE005001,2009,64.67805373,3
NE005001,2010,153.05420220000002,3
NE005001,2011,116.74974393999999,3
NE005001,2012,122.79907837,3
NE005001,2013,104.97445004,3
NE005001,2014,112.86452778,3
NE005001,2015,133.16295939999998,3
NE005001,2016,158.56090790000002,3
NE005001,2017,186.8593285,3
NE005001,2018,154.5695399,3
NE005001,2019,196.16073649999998,3
NE005001,2020,165.7766851,3
NE005001,2021,71.5596789,3
NE005001,2022,110.8373624,3
NE005001,2023,61.158462320000005,3
NE005001,2024,278.68559630000004,3
NE005001,2025,74.4693704,3
NE005001,2026,50.43500664,3
NE005002,1981,180.22524370000002,3
NE005002,1982,131.1140948,3
NE005002,1983,113.5982249,3
NE005002,1984,68.11293260000001,3
NE005002,1985,135.4113394,3
NE005002,1986,138.0030654,3
NE005002,1987,118.6259722,3
NE005002,1988,161.17457339999999,3
NE005002,1989,175.70627726,3
NE005002,1990,125.30394375,3
NE005002,1991,110.7902316,3
NE005002,1992,144.9028616,3
NE005002,1993,117.15354549999999,3
NE005002,1994,127.93013780000001,3
NE005002,1995,150.5855716,3
NE005002,1996,84.03888664,3
NE005002,1997,185.7334467,3
NE005002,1998,156.9316291,3
NE005002,1999,346.2937802,3
NE005002,2000,157.1655322,3
NE005002,2001,175.30079,3
NE005002,2002,111.80548519999999,3
NE005002,2003,156.3017282,3
NE005002,2004,94.1460911,3
NE005002,2005,146.2922385,3
NE005002,2006,102.30481699999999,3
NE005002,2007,219.23818310000001,3
NE005002,2008,121.7640899,3
NE005002,2009,101.1597519,3
NE005002,2010,200.8218405,3
NE005002,2011,126.55826854,3
NE005002,2012,213.5364256,3
NE005002,2013,168.22839399999998,3
NE005002,2014,250.0047882,3
NE005002,2015,171.8557586,3
NE005002,2016,225.92011150000002,3
NE005002,2017,231.8567417,3
NE005002,2018,193.45707980000003,3
NE005002,2019,262.779941,3
NE005002,2020,336.5310215,3
NE005002,2021,66.26757404,3
NE005002,2022,162.8052206,3
NE005002,2023,66.8721645,3
NE005002,2024,390.52665190000005,3
NE005002,2025,101.88493740000001,3
NE005002,2026,45.72681426,3
NE005003,1981,213.27027040000002,3
NE005003,1982,153.6639515,3
NE005003,1983,154.4135558,3
NE005003,1984,84.47928996,3
NE005003,1985,154.6167672,3
NE005003,1986,166.36048699999998,3
NE005003,1987,162.6560981,3
NE005003,1988,243.0113797,3
NE005003,1989,218.98476,3
NE005003,1990,135.8312897,3
NE005003,1991,148.0577941,3
NE005003,1992,189.2690725,3
NE005003,1993,163.9663683,3
NE005003,1994,170.6659195,3
NE005003,1995,199.84948839999998,3
NE005003,1996,116.01017429999999,3
NE005003,1997,161.9777332,3
NE005003,1998,212.3373156,3
NE005003,1999,340.1465299,3
NE005003,2000,211.8898453,3
NE005003,2001,259.4894034,3
NE005003,2002,169.7328027,3
NE005003,2003,193.668836,3
NE005003,2004,131.3063648,3
NE005003,2005,212.60580119999997,3
NE005003,2006,145.65252479999998,3
NE005003,2007,203.6791129,3
NE005003,2008,164.2186011,3
NE005003,2009,121.97025133,3
NE005003,2010,272.316672,3
NE005003,2011,161.98613410000002,3
NE005003,2012,233.78605620000002,3
NE005003,2013,264.3293487,3
NE005003,2014,276.43865489999996,3
NE005003,2015,227.98718190000002,3
NE005003,2016,296.6460831,3
NE005003,2017,249.1093328,3
NE005003,2018,218.18309779999998,3
NE005003,2019,267.4687,3
NE005003,2020,426.8913039,3
NE005003,2021,108.74130640000001,3
NE005003,2022,287.85249999999996,3
NE005003,2023,87.33607520000001,3
NE005003,2024,488.7409205,3
NE005003,2025,151.7161418,3
NE005003,2026,55.5841449,3
NE005004,1981,223.62027790000002,3
NE005004,1982,203.59796680000002,3
NE005004,1983,157.8902714,3
NE005004,1984,92.15069543,3
NE005004,1985,172.5084083,3
NE005004,1986,177.3446828,3
NE005004,1987,159.70624379999998,3
NE005004,1988,261.37742,3
NE005004,1989,189.4880048,3
NE005004,1990,152.5475442,3
NE005004,1991,152.5656472,3
NE005004,1992,221.58369040000002,3
NE005004,1993,150.7171968,3
NE005004,1994,169.1745115,3
NE005004,1995,156.3230177,3
NE005004,1996,130.98544230000002,3
NE005004,1997,162.1049822,3
NE005004,1998,185.62535350000002,3
NE005004,1999,353.4535569,3
NE005004,2000,169.947929,3
NE005004,2001,188.46991279999997,3
NE005004,2002,159.6901091,3
NE005004,2003,195.4117298,3
NE005004,2004,141.9399664,3
NE005004,2005,198.41759460000003,3
NE005004,2006,140.6921098,3
NE005004,2007,250.66750879999998,3
NE005004,2008,159.9906684,3
NE005004,2009,108.3789932,3
NE005004,2010,244.0268913,3
NE005004,2011,184.2223889,3
NE005004,2012,223.24510709999998,3
NE005004,2013,169.54077316000001,3
NE005004,2014,245.1014213,3
NE005004,2015,191.40272670000002,3
NE005004,2016,246.84291129999997,3
NE005004,2017,267.1160779,3
NE005004,2018,223.4146897,3
NE005004,2019,273.54600130000006,3
NE005004,2020,326.8234855,3
NE005004,2021,113.70289020000001,3
NE005004,2022,261.0794583,3
NE005004,2023,103.09355550000001,3
NE005004,2024,562.9850435,3
NE005004,2025,139.1769833,3
NE005004,2026,65.0054844,3
NE005005,1981,212.9133582,3
NE005005,1982,164.1205521,3
NE005005,1983,157.7174052,3
NE005005,1984,89.36810635,3
NE005005,1985,143.4807326,3
NE005005,1986,162.3541839,3
NE005005,1987,173.6578025,3
NE005005,1988,221.8381534,3
NE005005,1989,176.5251141,3
NE005005,1990,130.111153,3
NE005005,1991,132.5110752,3
NE005005,1992,178.210881,3
NE005005,1993,134.7020161,3
NE005005,1994,160.5824794,3
NE005005,1995,166.22068,3
NE005005,1996,112.36760079999999,3
NE005005,1997,153.4208163,3
NE005005,1998,173.97066089999998,3
NE005005,1999,340.8150556,3
NE005005,2000,168.88599699999997,3
NE005005,2001,182.541196,3
NE005005,2002,149.46363540000002,3
NE005005,2003,193.6614209,3
NE005005,2004,122.76538310000001,3
NE005005,2005,187.44482779999998,3
NE005005,2006,134.8574953,3
NE005005,2007,188.9831733,3
NE005005,2008,147.14576340000002,3
NE005005,2009,105.0613099,3
NE005005,2010,252.1804896,3
NE005005,2011,160.1693028,3
NE005005,2012,214.1475059,3
NE005005,2013,190.5379109,3
NE005005,2014,233.6397077,3
NE005005,2015,194.64963770000003,3
NE005005,2016,248.10431010000002,3
NE005005,2017,250.9500665,3
NE005005,2018,198.796557,3
NE005005,2019,327.26969629999996,3
NE005005,2020,360.0038948,3
NE005005,2021,116.355751,3
NE005005,2022,214.1053475,3
NE005005,2023,88.1389935,3
NE005005,2024,526.8425007000001,3
NE005005,2025,111.5559424,3
NE005005,2026,60.35812657,3
NE005006,1981,213.6284091,3
NE005006,1982,216.0335296,3
NE005006,1983,152.80127290000001,3
NE005006,1984,91.82619739999998,3
NE005006,1985,166.969983,3
NE005006,1986,176.5689315,3
NE005006,1987,165.5211375,3
NE005006,1988,239.7961898,3
NE005006,1989,182.0451166,3
NE005006,1990,158.541194,3
NE005006,1991,135.4525244,3
NE005006,1992,225.3543994,3
NE005006,1993,164.5519948,3
NE005006,1994,187.245027,3
NE005006,1995,164.6725106,3
NE005006,1996,131.6357782,3
NE005006,1997,156.73035,3
NE005006,1998,186.19007440000001,3
NE005006,1999,340.7929125,3
NE005006,2000,158.54922770000002,3
NE005006,2001,192.4914895,3
NE005006,2002,135.00729660000002,3
NE005006,2003,209.7234952,3
NE005006,2004,133.9011264,3
NE005006,2005,206.3849181,3
NE005006,2006,138.5145832,3
NE005006,2007,278.207248,3
NE005006,2008,155.10178249999998,3
NE005006,2009,112.9314741,3
NE005006,2010,243.78610579999997,3
NE005006,2011,173.7234753,3
NE005006,2012,215.8515487,3
NE005006,2013,178.12030549999997,3
NE005006,2014,219.01076,3
NE005006,2015,207.0609869,3
NE005006,2016,264.1250116,3
NE005006,2017,267.6812673,3
NE005006,2018,220.502624,3
NE005006,2019,265.8726931,3
NE005006,2020,286.05390750000004,3
NE005006,2021,111.879866,3
NE005006,2022,230.6298657,3
NE005006,2023,109.5949904,3
NE005006,2024,504.4273088,3
NE005006,2025,122.2383531,3
NE005006,2026,82.62827829999999,3
NE005007,1981,244.55056489999998,3
NE005007,1982,173.1825358,3
NE005007,1983,163.337842,3
NE005007,1984,91.19592166000001,3
NE005007,1985,183.8529213,3
NE005007,1986,161.9301608,3
NE005007,1987,163.548992,3
NE005007,1988,267.7498902,3
NE005007,1989,201.976879,3
NE005007,1990,141.9856984,3
NE005007,1991,156.16597480000001,3
NE005007,1992,201.7090785,3
NE005007,1993,146.2072651,3
NE005007,1994,174.0052073,3
NE005007,1995,154.5967111,3
NE005007,1996,141.717002,3
NE005007,1997,154.92194039999998,3
NE005007,1998,208.023976,3
NE005007,1999,388.08874849999995,3
NE005007,2000,185.5582708,3
NE005007,2001,207.59263779999998,3
NE005007,2002,163.44868730000002,3
NE005007,2003,170.2965876,3
NE005007,2004,163.12347899999997,3
NE005007,2005,185.23138139999998,3
NE005007,2006,144.7261657,3
NE005007,2007,208.76429960000002,3
NE005007,2008,169.7302281,3
NE005007,2009,120.87349536,3
NE005007,2010,252.69771350000002,3
NE005007,2011,204.52118789999997,3
NE005007,2012,226.3213288,3
NE005007,2013,204.889654,3
NE005007,2014,229.2794592,3
NE005007,2015,194.49992600000002,3
NE005007,2016,264.17929649999996,3
NE005007,2017,254.974485,3
NE005007,2018,222.3285869,3
NE005007,2019,296.0484292,3
NE005007,2020,384.6328338,3
NE005007,2021,131.8504092,3
NE005007,2022,266.2753759,3
NE005007,2023,107.77056180000001,3
NE005007,2024,613.2861266,3
NE005007,2025,159.1064074,3
NE005007,2026,43.88908884999999,3
NE005008,1981,281.02226399999995,3
NE005008,1982,186.1953746,3
NE005008,1983,186.071553,3
NE005008,1984,108.2361928,3
NE005008,1985,173.8469139,3
NE005008,1986,194.8512919,3
NE005008,1987,206.7791113,3
NE005008,1988,282.19333140000003,3
NE005008,1989,211.06804910000002,3
NE005008,1990,140.2846346,3
NE005008,1991,164.8366029,3
NE005008,1992,194.6873802,3
NE005008,1993,167.1721223,3
NE005008,1994,206.4487371,3
NE005008,1995,169.7323156,3
NE005008,1996,158.26335029999998,3
NE005008,1997,178.9356357,3
NE005008,1998,232.22221199999996,3
NE005008,1999,389.0570653,3
NE005008,2000,202.2066346,3
NE005008,2001,234.84947869999996,3
NE005008,2002,199.442319,3
NE005008,2003,206.82712,3
NE005008,2004,162.2834275,3
NE005008,2005,224.96544239999997,3
NE005008,2006,174.5622886,3
NE005008,2007,213.7463769,3
NE005008,2008,179.2936066,3
NE005008,2009,117.91330789999999,3
NE005008,2010,299.5900896,3
NE005008,2011,216.441549,3
NE005008,2012,235.3157718,3
NE005008,2013,236.153013,3
NE005008,2014,277.326377,3
NE005008,2015,228.194861,3
NE005008,2016,301.2479403,3
NE005008,2017,251.3915553,3
NE005008,2018,225.6162487,3
NE005008,2019,336.7269027,3
NE005008,2020,442.6226429,3
NE005008,2021,141.703219,3
NE005008,2022,290.49840800000004,3
NE005008,2023,124.47998174,3
NE005008,2024,617.1630854,3
NE005008,2025,152.6293271,3
NE005008,2026,58.2337496,3
NE005009,1981,163.0436221,3
NE005009,1982,134.1451651,3
NE005009,1983,99.1280498,3
NE005009,1984,63.89076047,3
NE005009,1985,121.6918776,3
NE005009,1986,122.5413717,3
NE005009,1987,123.61340435,3
NE005009,1988,162.8243739,3
NE005009,1989,149.9496505,3
NE005009,1990,113.44191789999999,3
NE005009,1991,113.36194610000001,3
NE005009,1992,133.6376239,3
NE005009,1993,109.37769560000001,3
NE005009,1994,134.3573254,3
NE005009,1995,119.7182808,3
NE005009,1996,94.8694387,3
NE005009,1997,109.33390825000001,3
NE005009,1998,127.941299,3
NE005009,1999,260.46526282,3
NE005009,2000,112.89362779999999,3
NE005009,2001,140.7003963,3
NE005009,2002,95.7373134,3
NE005009,2003,127.2892775,3
NE005009,2004,93.54520550000001,3
NE005009,2005,142.2443285,3
NE005009,2006,86.67321645,3
NE005009,2007,194.4681128,3
NE005009,2008,113.6935249,3
NE005009,2009,75.26235186999999,3
NE005009,2010,183.7136249,3
NE005009,2011,126.02283485000001,3
NE005009,2012,154.7216404,3
NE005009,2013,121.49813886999999,3
NE005009,2014,150.7746224,3
NE005009,2015,150.2406429,3
NE005009,2016,185.7399983,3
NE005009,2017,207.8990544,3
NE005009,2018,158.1742003,3
NE005009,2019,313.5972465,3
NE005009,2020,193.7351802,3
NE005009,2021,77.06209537,3
NE005009,2022,129.914248,3
NE005009,2023,65.53451885,3
NE005009,2024,307.3190604,3
NE005009,2025,66.7435174,3
NE005009,2026,53.8188053,3
NE005010,1981,24.839968419999998,3
NE005010,1982,23.5137371,3
NE005010,1983,23.40067043,3
NE005010,1984,5.8028947550000005,3
NE005010,1985,36.64632695,3
NE005010,1986,33.07636305,3
NE005010,1987,23.363539059999997,3
NE005010,1988,54.09048025,3
NE005010,1989,41.15978692,3
NE005010,1990,22.513408,3
NE005010,1991,52.50016097999999,3
NE005010,1992,35.50058111999999,3
NE005010,1993,21.603277719999998,3
NE005010,1994,38.484251990000004,3
NE005010,1995,23.02072416,3
NE005010,1996,16.233812219999997,3
NE005010,1997,25.229742679999998,3
NE005010,1998,29.916215219999998,3
NE005010,1999,79.66199792,3
NE005010,2000,39.0958945,3
NE005010,2001,26.79561352,3
NE005010,2002,32.40342795,3
NE005010,2003,33.190039569999996,3
NE005010,2004,19.58118607,3
NE005010,2005,37.89033228,3
NE005010,2006,19.05098563,3
NE005010,2007,36.06328513,3
NE005010,2008,29.41503312,3
NE005010,2009,14.76387467,3
NE005010,2010,93.2926551,3
NE005010,2011,38.85503246,3
NE005010,2012,38.43620543,3
NE005010,2013,24.87511406,3
NE005010,2014,31.916952264,3
NE005010,2015,42.02589528,3
NE005010,2016,46.546026139999995,3
NE005010,2017,58.89736467,3
NE005010,2018,56.159579230000006,3
NE005010,2019,103.27917867,3
NE005010,2020,28.83832882,3
NE005010,2021,21.98535707,3
NE005010,2022,28.98819844,3
NE005010,2023,18.86815141,3
NE005010,2024,54.17343191,3
NE005010,2025,24.666223480000003,3
NE005010,2026,15.703753849999998,3
NE005011,1981,91.19612885,3
NE005011,1982,79.22028605,3
NE005011,1983,69.63486254,3
NE005011,1984,35.15874901,3
NE005011,1985,90.66066430000001,3
NE005011,1986,88.7674969,3
NE005011,1987,74.84797872,3
NE005011,1988,157.18536690000002,3
NE005011,1989,109.38080547,3
NE005011,1990,74.06213265,3
NE005011,1991,120.933007,3
NE005011,1992,101.8390777,3
NE005011,1993,75.3151355,3
NE005011,1994,93.9912609,3
NE005011,1995,81.21550355,3
NE005011,1996,63.480286830000004,3
NE005011,1997,75.20213385,3
NE005011,1998,111.1547683,3
NE005011,1999,207.60586908000002,3
NE005011,2000,81.3532633,3
NE005011,2001,91.37539799999999,3
NE005011,2002,86.30319130000001,3
NE005011,2003,88.44849249999999,3
NE005011,2004,72.28336698000001,3
NE005011,2005,100.3256613,3
NE005011,2006,66.52875614,3
NE005011,2007,110.18079903,3
NE005011,2008,89.94815147,3
NE005011,2009,48.54175558,3
NE005011,2010,122.8395195,3
NE005011,2011,98.3694927,3
NE005011,2012,92.07594019999999,3
NE005011,2013,74.2300698,3
NE005011,2014,90.495004,3
NE005011,2015,115.7548993,3
NE005011,2016,128.1495201,3
NE005011,2017,164.83654860000001,3
NE005011,2018,122.24195533999999,3
NE005011,2019,195.7385403,3
NE005011,2020,113.90106259999999,3
NE005011,2021,61.065042399999996,3
NE005011,2022,78.34581187,3
NE005011,2023,46.259876150000004,3
NE005011,2024,180.36388469999997,3
NE005011,2025,62.2721058,3
NE005011,2026,43.71923433,3
NE005012,1981,89.72804736,3
NE005012,1982,73.45004864,3
NE005012,1983,60.9415484,3
NE005012,1984,32.21923097,3
NE005012,1985,78.36097497,3
NE005012,1986,63.705034,3
NE005012,1987,56.042766900000004,3
NE005012,1988,137.07404359999998,3
NE005012,1989,85.6507213,3
NE005012,1990,62.5729667,3
NE005012,1991,89.8001836,3
NE005012,1992,69.5875624,3
NE005012,1993,57.65040254,3
NE005012,1994,85.09668966000001,3
NE005012,1995,66.02409635000001,3
NE005012,1996,50.7392968,3
NE005012,1997,59.7163282,3
NE005012,1998,78.4646579,3
NE005012,1999,188.20999867,3
NE005012,2000,65.94322126,3
NE005012,2001,78.03493025,3
NE005012,2002,64.66148935999999,3
NE005012,2003,56.6747927,3
NE005012,2004,48.518510000000006,3
NE005012,2005,78.9270759,3
NE005012,2006,57.7286256,3
NE005012,2007,108.9415903,3
NE005012,2008,67.22851703,3
NE005012,2009,33.14830192,3
NE005012,2010,128.00815599999999,3
NE005012,2011,90.12423464,3
NE005012,2012,82.49369345,3
NE005012,2013,60.1314919,3
NE005012,2014,78.53764584000001,3
NE005012,2015,106.92733962999999,3
NE005012,2016,107.7541605,3
NE005012,2017,134.69838592999997,3
NE005012,2018,112.69083505,3
NE005012,2019,168.980545,3
NE005012,2020,93.5537445,3
NE005012,2021,54.1559577,3
NE005012,2022,60.26420306999999,3
NE005012,2023,42.82672824,3
NE005012,2024,146.25596685000002,3
NE005012,2025,36.6200255,3
NE005012,2026,34.48510908,3
NE005013,1981,183.4934346,3
NE005013,1982,149.59985690000002,3
NE005013,1983,111.6212194,3
NE005013,1984,74.1839946,3
NE005013,1985,133.8700147,3
NE005013,1986,138.4212347,3
NE005013,1987,143.4920236,3
NE005013,1988,171.34899670000001,3
NE005013,1989,163.2011566,3
NE005013,1990,124.947934,3
NE005013,1991,102.9793784,3
NE005013,1992,151.3151953,3
NE005013,1993,136.1000631,3
NE005013,1994,151.5990339,3
NE005013,1995,139.8102053,3
NE005013,1996,112.04210929999999,3
NE005013,1997,123.74037179999999,3
NE005013,1998,130.64377249999998,3
NE005013,1999,269.13445261000004,3
NE005013,2000,143.10201130000002,3
NE005013,2001,159.6452888,3
NE005013,2002,110.6149905,3
NE005013,2003,159.49765730000001,3
NE005013,2004,95.73774019999999,3
NE005013,2005,160.3938253,3
NE005013,2006,93.6109053,3
NE005013,2007,198.5869212,3
NE005013,2008,129.2632759,3
NE005013,2009,86.958144,3
NE005013,2010,201.38959499999999,3
NE005013,2011,138.9442006,3
NE005013,2012,177.5088816,3
NE005013,2013,140.51027654,3
NE005013,2014,163.1661872,3
NE005013,2015,158.6384232,3
NE005013,2016,222.7160902,3
NE005013,2017,221.8626451,3
NE005013,2018,168.3572144,3
NE005013,2019,307.4283572,3
NE005013,2020,203.2052453,3
NE005013,2021,88.56173075000001,3
NE005013,2022,138.4526689,3
NE005013,2023,74.58383020000001,3
NE005013,2024,393.6516119,3
NE005013,2025,75.20506204,3
NE005013,2026,62.02641285,3
NE006001,1981,154.05038559999997,3
NE006001,1982,127.12962850000001,3
NE006001,1983,75.6045748,3
NE006001,1984,38.58583166,3
NE006001,1985,111.2755511,3
NE006001,1986,102.23022,3
NE006001,1987,79.1878871,3
NE006001,1988,150.8598945,3
NE006001,1989,126.00381786000001,3
NE006001,1990,84.6852577,3
NE006001,1991,123.9070359,3
NE006001,1992,99.0834752,3
NE006001,1993,76.35396600000001,3
NE006001,1994,104.7927106,3
NE006001,1995,97.40683619999999,3
NE006001,1996,58.6104555,3
NE006001,1997,85.53142663999999,3
NE006001,1998,131.8171858,3
NE006001,1999,269.50785736,3
NE006001,2000,74.5397772,3
NE006001,2001,117.525046,3
NE006001,2002,92.6913687,3
NE006001,2003,102.61523797000001,3
NE006001,2004,79.92427040000001,3
NE006001,2005,153.8454283,3
NE006001,2006,78.61486315,3
NE006001,2007,214.85594220000002,3
NE006001,2008,83.1181291,3
NE006001,2009,53.295467869999996,3
NE006001,2010,169.9593923,3
NE006001,2011,167.2767218,3
NE006001,2012,134.0810576,3
NE006001,2013,121.32975237,3
NE006001,2014,192.70717136,3
NE006001,2015,159.7704272,3
NE006001,2016,201.63761079999998,3
NE006001,2017,181.1756782,3
NE006001,2018,169.56200239999998,3
NE006001,2019,230.7894662,3
NE006001,2020,182.13845267,3
NE006001,2021,41.678388569999996,3
NE006001,2022,100.7019292,3
NE006001,2023,58.12923917,3
NE006001,2024,160.4667513,3
NE006001,2025,81.8315281,3
NE006001,2026,38.5434962,3
NE006002,1981,181.56273579999998,3
NE006002,1982,142.4004903,3
NE006002,1983,111.31868180000001,3
NE006002,1984,40.95481003,3
NE006002,1985,143.42413,3
NE006002,1986,145.0569794,3
NE006002,1987,62.1230591,3
NE006002,1988,194.920027,3
NE006002,1989,175.34845390000004,3
NE006002,1990,144.4753078,3
NE006002,1991,140.308051,3
NE006002,1992,112.19158039999999,3
NE006002,1993,112.98246030000001,3
NE006002,1994,117.62088729999999,3
NE006002,1995,152.1861024,3
NE006002,1996,95.03507796,3
NE006002,1997,119.47253710000001,3
NE006002,1998,135.8052396,3
NE006002,1999,282.2946686,3
NE006002,2000,126.2866159,3
NE006002,2001,183.72876639999998,3
NE006002,2002,112.8996904,3
NE006002,2003,191.8932057,3
NE006002,2004,120.70446810000001,3
NE006002,2005,156.7970833,3
NE006002,2006,105.60459130000001,3
NE006002,2007,161.0687307,3
NE006002,2008,102.5908895,3
NE006002,2009,92.7723735,3
NE006002,2010,192.2846518,3
NE006002,2011,135.86796504,3
NE006002,2012,284.3303711,3
NE006002,2013,121.38261766,3
NE006002,2014,128.0710725,3
NE006002,2015,154.7510043,3
NE006002,2016,164.45754090000003,3
NE006002,2017,261.66734610000003,3
NE006002,2018,162.79057354999998,3
NE006002,2019,196.41196313,3
NE006002,2020,130.7552815,3
NE006002,2021,70.37578930000001,3
NE006002,2022,117.0570316,3
NE006002,2023,71.77079607,3
NE006002,2024,109.1147205,3
NE006002,2025,126.6309689,3
NE006002,2026,42.85352094,3
NE006003,1981,214.7364912,3
NE006003,1982,183.7323786,3
NE006003,1983,112.1090833,3
NE006003,1984,66.90861335,3
NE006003,1985,194.7515753,3
NE006003,1986,191.48076070000002,3
NE006003,1987,103.56582317,3
NE006003,1988,208.3954937,3
NE006003,1989,205.44162189999997,3
NE006003,1990,129.1213367,3
NE006003,1991,164.46365429999997,3
NE006003,1992,241.73525,3
NE006003,1993,122.80955349999999,3
NE006003,1994,187.48969019999998,3
NE006003,1995,180.5131005,3
NE006003,1996,106.9236104,3
NE006003,1997,174.42106717000001,3
NE006003,1998,185.0159817,3
NE006003,1999,273.2315012,3
NE006003,2000,127.2828151,3
NE006003,2001,243.26528510000003,3
NE006003,2002,165.3749979,3
NE006003,2003,191.08354200000002,3
NE006003,2004,125.78306459999999,3
NE006003,2005,207.82917650000002,3
NE006003,2006,205.759255,3
NE006003,2007,279.9314981,3
NE006003,2008,191.46602860000002,3
NE006003,2009,136.11939850000002,3
NE006003,2010,237.8846408,3
NE006003,2011,126.0512729,3
NE006003,2012,299.13422449999996,3
NE006003,2013,228.53827669999998,3
NE006003,2014,324.1933752,3
NE006003,2015,235.98817019999998,3
NE006003,2016,274.13660100000004,3
NE006003,2017,231.9688623,3
NE006003,2018,214.37604950000002,3
NE006003,2019,262.2239532,3
NE006003,2020,226.5806833,3
NE006003,2021,96.30125939999999,3
NE006003,2022,169.4028697,3
NE006003,2023,104.5483539,3
NE006003,2024,266.53789390000003,3
NE006003,2025,200.69000390000002,3
NE006003,2026,57.9368506,3
NE006004,1981,136.2730048,3
NE006004,1982,137.1541033,3
NE006004,1983,76.7147349,3
NE006004,1984,31.41541463,3
NE006004,1985,115.4580244,3
NE006004,1986,92.5245586,3
NE006004,1987,48.286401590000004,3
NE006004,1988,167.527877,3
NE006004,1989,145.6402079,3
NE006004,1990,83.6399521,3
NE006004,1991,135.7462104,3
NE006004,1992,86.98084010000001,3
NE006004,1993,109.1284204,3
NE006004,1994,91.5003242,3
NE006004,1995,105.0370675,3
NE006004,1996,59.49142854,3
NE006004,1997,81.737808,3
NE006004,1998,132.00871320000002,3
NE006004,1999,236.34994656000003,3
NE006004,2000,88.95522296,3
NE006004,2001,112.3034251,3
NE006004,2002,111.2476777,3
NE006004,2003,109.2785816,3
NE006004,2004,80.11590670000001,3
NE006004,2005,143.4293988,3
NE006004,2006,98.51701353,3
NE006004,2007,149.5139201,3
NE006004,2008,71.3303264,3
NE006004,2009,77.26972843,3
NE006004,2010,151.26050809999998,3
NE006004,2011,155.0587365,3
NE006004,2012,151.95561529999998,3
NE006004,2013,119.31794525,3
NE006004,2014,155.60511219999998,3
NE006004,2015,141.462394,3
NE006004,2016,168.5620505,3
NE006004,2017,178.0478694,3
NE006004,2018,155.7789454,3
NE006004,2019,188.87365499999999,3
NE006004,2020,144.70443705,3
NE006004,2021,42.4687893,3
NE006004,2022,69.89388875,3
NE006004,2023,51.28852595,3
NE006004,2024,107.31053936999999,3
NE006004,2025,104.89283520000001,3
NE006004,2026,37.795985220000006,3
NE006005,1981,227.0412779,3
NE006005,1982,162.2206809,3
NE006005,1983,139.2361311,3
NE006005,1984,52.78686772,3
NE006005,1985,187.6195998,3
NE006005,1986,171.5978798,3
NE006005,1987,80.2866647,3
NE006005,1988,215.7642388,3
NE006005,1989,207.7253727,3
NE006005,1990,156.5260901,3
NE006005,1991,181.70082459999998,3
NE006005,1992,186.8700549,3
NE006005,1993,133.7427705,3
NE006005,1994,183.6830794,3
NE006005,1995,190.2852487,3
NE006005,1996,129.8495575,3
NE006005,1997,124.86759789999999,3
NE006005,1998,146.77429180000001,3
NE006005,1999,321.1430649,3
NE006005,2000,171.6096428,3
NE006005,2001,266.77441880000003,3
NE006005,2002,132.5199611,3
NE006005,2003,247.8422716,3
NE006005,2004,128.2775031,3
NE006005,2005,180.4601303,3
NE006005,2006,141.2173948,3
NE006005,2007,185.0111941,3
NE006005,2008,145.31457813,3
NE006005,2009,107.25446576,3
NE006005,2010,226.5551463,3
NE006005,2011,132.82644363,3
NE006005,2012,326.3918562,3
NE006005,2013,146.3700968,3
NE006005,2014,159.4349145,3
NE006005,2015,158.9878815,3
NE006005,2016,186.4592576,3
NE006005,2017,282.8711224,3
NE006005,2018,170.8093445,3
NE006005,2019,212.5158814,3
NE006005,2020,213.4137235,3
NE006005,2021,78.49359333000001,3
NE006005,2022,133.8408002,3
NE006005,2023,110.036647,3
NE006005,2024,142.4204925,3
NE006005,2025,145.7260431,3
NE006005,2026,68.92836226,3
NE006006,1981,182.9670569,3
NE006006,1982,172.29183,3
NE006006,1983,105.9637725,3
NE006006,1984,49.65044812,3
NE006006,1985,166.4452812,3
NE006006,1986,139.5907161,3
NE006006,1987,91.51797827,3
NE006006,1988,191.3592842,3
NE006006,1989,165.2094214,3
NE006006,1990,123.5085047,3
NE006006,1991,141.89402009999998,3
NE006006,1992,185.49864939999998,3
NE006006,1993,101.86548669999999,3
NE006006,1994,148.03440460000002,3
NE006006,1995,128.24980749999997,3
NE006006,1996,84.97132730000001,3
NE006006,1997,123.6699485,3
NE006006,1998,175.49968819999998,3
NE006006,1999,280.94229415,3
NE006006,2000,131.9519736,3
NE006006,2001,187.4515262,3
NE006006,2002,141.9595547,3
NE006006,2003,175.30874,3
NE006006,2004,106.64291659999999,3
NE006006,2005,207.71824599999997,3
NE006006,2006,142.8194168,3
NE006006,2007,247.81233179999998,3
NE006006,2008,125.64379399999999,3
NE006006,2009,99.4077436,3
NE006006,2010,226.0766037,3
NE006006,2011,144.9851828,3
NE006006,2012,253.7467315,3
NE006006,2013,209.06707,3
NE006006,2014,244.0086417,3
NE006006,2015,213.264862,3
NE006006,2016,263.7367233,3
NE006006,2017,242.834033,3
NE006006,2018,208.2277019,3
NE006006,2019,233.08027979999997,3
NE006006,2020,222.1485546,3
NE006006,2021,66.18644425,3
NE006006,2022,134.4136345,3
NE006006,2023,83.72402224,3
NE006006,2024,246.9065533,3
NE006006,2025,178.372569,3
NE006006,2026,46.023921400000006,3
NE006007,1981,202.6142112,3
NE006007,1982,189.5163202,3
NE006007,1983,155.04858109999998,3
NE006007,1984,85.0019461,3
NE006007,1985,230.268294,3
NE006007,1986,242.96267850000004,3
NE006007,1987,116.6470636,3
NE006007,1988,267.86499580000003,3
NE006007,1989,245.679565,3
NE006007,1990,178.25121819999998,3
NE006007,1991,205.78887650000001,3
NE006007,1992,188.5653088,3
NE006007,1993,146.463601,3
NE006007,1994,240.72393069999998,3
NE006007,1995,226.5949815,3
NE006007,1996,153.3842261,3
NE006007,1997,159.17695114,3
NE006007,1998,186.1073584,3
NE006007,1999,331.498195,3
NE006007,2000,202.035459,3
NE006007,2001,254.5405171,3
NE006007,2002,180.434929,3
NE006007,2003,257.6488712,3
NE006007,2004,132.2443066,3
NE006007,2005,220.71221149999997,3
NE006007,2006,168.9097205,3
NE006007,2007,201.47303390000002,3
NE006007,2008,178.6409025,3
NE006007,2009,122.08076070000001,3
NE006007,2010,242.9728183,3
NE006007,2011,144.6021024,3
NE006007,2012,348.69357149999996,3
NE006007,2013,213.59502650000002,3
NE006007,2014,206.4155656,3
NE006007,2015,195.029358,3
NE006007,2016,244.80104350000002,3
NE006007,2017,280.3854977,3
NE006007,2018,221.8030038,3
NE006007,2019,222.9713048,3
NE006007,2020,288.8439067,3
NE006007,2021,113.71988166,3
NE006007,2022,172.7452975,3
NE006007,2023,141.27773439999999,3
NE006007,2024,205.66516160000003,3
NE006007,2025,202.1887827,3
NE006007,2026,105.5735682,3
NE006008,1981,235.6986921,3
NE006008,1982,202.95241679999998,3
NE006008,1983,130.0489895,3
NE006008,1984,99.07786759999999,3
NE006008,1985,258.90822690000005,3
NE006008,1986,249.81795290000002,3
NE006008,1987,122.9941392,3
NE006008,1988,280.59769729999994,3
NE006008,1989,247.89235560000003,3
NE006008,1990,160.8500942,3
NE006008,1991,224.0014236,3
NE006008,1992,208.4588859,3
NE006008,1993,148.7273202,3
NE006008,1994,251.3869393,3
NE006008,1995,235.70872409999998,3
NE006008,1996,140.46165839999998,3
NE006008,1997,187.83070629999997,3
NE006008,1998,231.91277019999998,3
NE006008,1999,284.2125521,3
NE006008,2000,183.4484627,3
NE006008,2001,262.238085,3
NE006008,2002,197.33980000000003,3
NE006008,2003,245.20181499999998,3
NE006008,2004,161.68086040000003,3
NE006008,2005,223.53811389999998,3
NE006008,2006,216.2954277,3
NE006008,2007,261.33647440000004,3
NE006008,2008,213.3401618,3
NE006008,2009,162.5196191,3
NE006008,2010,244.91841599999998,3
NE006008,2011,128.3134446,3
NE006008,2012,316.40842580000003,3
NE006008,2013,239.75276959999997,3
NE006008,2014,288.7242626,3
NE006008,2015,261.63487399999997,3
NE006008,2016,295.97707809999997,3
NE006008,2017,259.7058877,3
NE006008,2018,200.55140820000003,3
NE006008,2019,265.2327598,3
NE006008,2020,281.187867,3
NE006008,2021,153.53479199999998,3
NE006008,2022,215.38912499999998,3
NE006008,2023,142.7930751,3
NE006008,2024,258.2382252,3
NE006008,2025,222.7249519,3
NE006008,2026,93.641084,3
NE006009,1981,174.9980076,3
NE006009,1982,164.5449863,3
NE006009,1983,118.07140319999999,3
NE006009,1984,50.34965207,3
NE006009,1985,192.10100740000001,3
NE006009,1986,135.04895829999998,3
NE006009,1987,72.93928396000001,3
NE006009,1988,230.81829670000002,3
NE006009,1989,181.8722929,3
NE006009,1990,138.9420796,3
NE006009,1991,182.94681559999998,3
NE006009,1992,145.1405999,3
NE006009,1993,130.678687,3
NE006009,1994,137.3435783,3
NE006009,1995,141.0803297,3
NE006009,1996,81.65046699999999,3
NE006009,1997,122.30218525000001,3
NE006009,1998,161.2658674,3
NE006009,1999,293.3741646,3
NE006009,2000,128.5311684,3
NE006009,2001,195.8814784,3
NE006009,2002,131.0380423,3
NE006009,2003,162.8173509,3
NE006009,2004,112.11252400000001,3
NE006009,2005,182.6246355,3
NE006009,2006,139.2881552,3
NE006009,2007,195.4545472,3
NE006009,2008,126.66680715000001,3
NE006009,2009,111.79439040000001,3
NE006009,2010,209.7654478,3
NE006009,2011,121.22110853999999,3
NE006009,2012,243.2827664,3
NE006009,2013,177.0890702,3
NE006009,2014,188.3768488,3
NE006009,2015,170.886311,3
NE006009,2016,201.7259798,3
NE006009,2017,261.4144169,3
NE006009,2018,180.34224454999998,3
NE006009,2019,216.24264637,3
NE006009,2020,204.7410014,3
NE006009,2021,70.010854,3
NE006009,2022,103.87704529999999,3
NE006009,2023,79.9378077,3
NE006009,2024,161.0420848,3
NE006009,2025,151.6269742,3
NE006009,2026,55.21955145,3
NE006010,1981,304.9289323,3
NE006010,1982,254.45626979999997,3
NE006010,1983,174.8437141,3
NE006010,1984,166.77861729999998,3
NE006010,1985,315.38281529999995,3
NE006010,1986,340.6582213,3
NE006010,1987,210.6200152,3
NE006010,1988,360.750079,3
NE006010,1989,339.3686904,3
NE006010,1990,223.39279679999999,3
NE006010,1991,326.842934,3
NE006010,1992,291.3356693,3
NE006010,1993,249.7508211,3
NE006010,1994,375.94687550000003,3
NE006010,1995,347.309406,3
NE006010,1996,249.9369833,3
NE006010,1997,200.9014382,3
NE006010,1998,330.864126,3
NE006010,1999,326.3062446,3
NE006010,2000,297.7149181,3
NE006010,2001,319.12381400000004,3
NE006010,2002,293.828432,3
NE006010,2003,377.98085530000003,3
NE006010,2004,246.163881,3
NE006010,2005,287.1051462,3
NE006010,2006,283.21881140000005,3
NE006010,2007,324.935831,3
NE006010,2008,291.32993550000003,3
NE006010,2009,295.1371111,3
NE006010,2010,323.8939306,3
NE006010,2011,192.4906234,3
NE006010,2012,380.9545881,3
NE006010,2013,327.2328066,3
NE006010,2014,348.1248863,3
NE006010,2015,377.05110419999994,3
NE006010,2016,384.98789239999996,3
NE006010,2017,358.385264,3
NE006010,2018,287.8665067,3
NE006010,2019,314.5228319,3
NE006010,2020,350.8915394,3
NE006010,2021,378.1927294,3
NE006010,2022,397.18411549999996,3
NE006010,2023,234.0885095,3
NE006010,2024,327.9075726,3
NE006010,2025,312.46154889999997,3
NE006010,2026,157.4942935,3
NE006011,1981,220.59627799999998,3
NE006011,1982,171.23966149999998,3
NE006011,1983,144.4670078,3
NE006011,1984,60.42659355000001,3
NE006011,1985,205.9212256,3
NE006011,1986,183.35745,3
NE006011,1987,93.213005,3
NE006011,1988,226.79430019999998,3
NE006011,1989,218.1916498,3
NE006011,1990,160.5158685,3
NE006011,1991,196.6255261,3
NE006011,1992,193.61232619999998,3
NE006011,1993,141.61190019999998,3
NE006011,1994,200.69544509999997,3
NE006011,1995,203.15943959999998,3
NE006011,1996,144.0015699,3
NE006011,1997,134.5254673,3
NE006011,1998,159.22335450000003,3
NE006011,1999,337.0128316,3
NE006011,2000,181.35047200000002,3
NE006011,2001,253.59030950000002,3
NE006011,2002,151.64929060000003,3
NE006011,2003,252.7008417,3
NE006011,2004,127.44856920000001,3
NE006011,2005,197.2729936,3
NE006011,2006,155.99795519999998,3
NE006011,2007,181.4536643,3
NE006011,2008,161.5535831,3
NE006011,2009,115.6177941,3
NE006011,2010,229.0613798,3
NE006011,2011,135.8503492,3
NE006011,2012,323.30668760000003,3
NE006011,2013,173.85432346,3
NE006011,2014,176.0564374,3
NE006011,2015,171.05621179999997,3
NE006011,2016,202.2473512,3
NE006011,2017,273.54890290000003,3
NE006011,2018,188.46883959999997,3
NE006011,2019,204.87332270000002,3
NE006011,2020,233.9118536,3
NE006011,2021,89.51681073,3
NE006011,2022,143.7902214,3
NE006011,2023,118.66818243,3
NE006011,2024,163.4711103,3
NE006011,2025,159.4388897,3
NE006011,2026,81.8272489,3
NE006012,1981,199.6131507,3
NE006012,1982,165.714271,3
NE006012,1983,139.0352959,3
NE006012,1984,62.24890285,3
NE006012,1985,216.00054440000002,3
NE006012,1986,177.61993180000002,3
NE006012,1987,87.95978656,3
NE006012,1988,246.53534630000001,3
NE006012,1989,206.20495770000002,3
NE006012,1990,165.2895053,3
NE006012,1991,183.12897070000002,3
NE006012,1992,156.3485634,3
NE006012,1993,135.5801456,3
NE006012,1994,157.2784684,3
NE006012,1995,163.5037992,3
NE006012,1996,103.363463,3
NE006012,1997,160.9634517,3
NE006012,1998,152.59697949999997,3
NE006012,1999,330.9198168,3
NE006012,2000,158.50421599999999,3
NE006012,2001,243.4182257,3
NE006012,2002,127.9121851,3
NE006012,2003,211.0742942,3
NE006012,2004,133.561048,3
NE006012,2005,182.2339412,3
NE006012,2006,140.156222,3
NE006012,2007,185.2885528,3
NE006012,2008,187.2654448,3
NE006012,2009,111.85730129999999,3
NE006012,2010,214.6998395,3
NE006012,2011,135.1010753,3
NE006012,2012,328.4372914,3
NE006012,2013,174.77277979999997,3
NE006012,2014,161.1941712,3
NE006012,2015,175.1366441,3
NE006012,2016,204.28768180000003,3
NE006012,2017,296.3388545,3
NE006012,2018,189.3411378,3
NE006012,2019,217.94163220000002,3
NE006012,2020,208.43344860000002,3
NE006012,2021,85.34551566,3
NE006012,2022,130.9425406,3
NE006012,2023,93.43467656,3
NE006012,2024,149.7175349,3
NE006012,2025,154.3576643,3
NE006012,2026,79.835039,3
NE006013,1981,277.7877638,3
NE006013,1982,249.67114700000002,3
NE006013,1983,171.3809247,3
NE006013,1984,137.0945332,3
NE006013,1985,291.7649957,3
NE006013,1986,353.5967735,3
NE006013,1987,177.15771569999998,3
NE006013,1988,303.4657956,3
NE006013,1989,327.216542,3
NE006013,1990,206.6990879,3
NE006013,1991,224.50952410000002,3
NE006013,1992,246.1282129,3
NE006013,1993,200.7931865,3
NE006013,1994,328.3486048,3
NE006013,1995,296.20158979999997,3
NE006013,1996,200.2748463,3
NE006013,1997,173.968398,3
NE006013,1998,269.11833079999997,3
NE006013,1999,330.6721686,3
NE006013,2000,307.80776360000004,3
NE006013,2001,273.70944460000004,3
NE006013,2002,237.41979500000002,3
NE006013,2003,316.1043327,3
NE006013,2004,186.7874741,3
NE006013,2005,254.378405,3
NE006013,2006,224.90335270000003,3
NE006013,2007,255.77150389999997,3
NE006013,2008,237.43326800000003,3
NE006013,2009,181.4982249,3
NE006013,2010,318.6602539,3
NE006013,2011,185.2106049,3
NE006013,2012,340.3174816,3
NE006013,2013,257.3958716,3
NE006013,2014,253.614669,3
NE006013,2015,278.6252352,3
NE006013,2016,328.0036184,3
NE006013,2017,286.2164565,3
NE006013,2018,262.415205,3
NE006013,2019,265.7514653,3
NE006013,2020,285.9785086,3
NE006013,2021,233.98888929999998,3
NE006013,2022,267.9886567,3
NE006013,2023,188.2725001,3
NE006013,2024,294.987033,3
NE006013,2025,258.0525808,3
NE006013,2026,126.38937539999999,3
NE007001,1981,94.8636621,3
NE007001,1982,84.4700165,3
NE007001,1983,85.0530146,3
NE007001,1984,31.445394799999995,3
NE007001,1985,117.673085,3
NE007001,1986,92.8042797,3
NE007001,1987,83.63204286,3
NE007001,1988,200.06653150000002,3
NE007001,1989,149.9937089,3
NE007001,1990,123.89697005,3
NE007001,1991,141.4331238,3
NE007001,1992,119.2470132,3
NE007001,1993,86.56836846,3
NE007001,1994,135.62640936000003,3
NE007001,1995,94.12833162999999,3
NE007001,1996,56.889091799999996,3
NE007001,1997,95.14082635,3
NE007001,1998,164.02898199999998,3
NE007001,1999,212.621301865,3
NE007001,2000,100.13319960000001,3
NE007001,2001,109.1470477,3
NE007001,2002,93.22346637,3
NE007001,2003,112.05266495000001,3
NE007001,2004,57.786466219999994,3
NE007001,2005,126.79076069999999,3
NE007001,2006,77.6238858,3
NE007001,2007,120.4581295,3
NE007001,2008,93.07319770000001,3
NE007001,2009,54.982443350000004,3
NE007001,2010,169.7641056,3
NE007001,2011,93.16619310000002,3
NE007001,2012,111.5135051,3
NE007001,2013,100.60044522,3
NE007001,2014,156.4168674,3
NE007001,2015,117.9987282,3
NE007001,2016,144.9069154,3
NE007001,2017,137.3676158,3
NE007001,2018,163.2963021,3
NE007001,2019,177.22549659999999,3
NE007001,2020,127.55656446,3
NE007001,2021,59.44657500000001,3
NE007001,2022,111.11648885,3
NE007001,2023,67.04151482,3
NE007001,2024,254.33760586,3
NE007001,2025,73.51542476,3
NE007001,2026,44.927226149999996,3
NE007002,1981,155.74049720000002,3
NE007002,1982,177.81546106999997,3
NE007002,1983,170.4857025,3
NE007002,1984,71.1968317,3
NE007002,1985,207.61653059999998,3
NE007002,1986,143.4017791,3
NE007002,1987,194.76321249999998,3
NE007002,1988,282.0643907,3
NE007002,1989,230.6102692,3
NE007002,1990,180.87013130000003,3
NE007002,1991,201.8938448,3
NE007002,1992,202.3921168,3
NE007002,1993,136.67368340000002,3
NE007002,1994,242.6225217,3
NE007002,1995,170.3134955,3
NE007002,1996,127.50771739999999,3
NE007002,1997,150.1986071,3
NE007002,1998,259.5600071,3
NE007002,1999,343.97001839999996,3
NE007002,2000,121.6956865,3
NE007002,2001,161.3917885,3
NE007002,2002,156.2603811,3
NE007002,2003,190.7170261,3
NE007002,2004,140.3731539,3
NE007002,2005,215.44739550000003,3
NE007002,2006,146.5310649,3
NE007002,2007,282.8614932,3
NE007002,2008,156.5118289,3
NE007002,2009,104.90567773999999,3
NE007002,2010,258.8361922,3
NE007002,2011,160.903342,3
NE007002,2012,150.02315169999997,3
NE007002,2013,169.5539629,3
NE007002,2014,179.71789765,3
NE007002,2015,181.6827642,3
NE007002,2016,263.1090173,3
NE007002,2017,244.07605080000002,3
NE007002,2018,220.55331950000001,3
NE007002,2019,268.5335933,3
NE007002,2020,185.6545231,3
NE007002,2021,151.7881829,3
NE007002,2022,165.0062345,3
NE007002,2023,140.8761039,3
NE007002,2024,371.1397291,3
NE007002,2025,144.31419499999998,3
NE007002,2026,72.4898417,3
NE007003,1981,297.390817,3
NE007003,1982,232.97182130000002,3
NE007003,1983,262.7196052,3
NE007003,1984,121.60126210000001,3
NE007003,1985,307.48670690000006,3
NE007003,1986,253.20079570000001,3
NE007003,1987,251.0725971,3
NE007003,1988,366.5173587,3
NE007003,1989,294.36926819999996,3
NE007003,1990,221.70893519999998,3
NE007003,1991,293.49349,3
NE007003,1992,315.48096769999995,3
NE007003,1993,190.7598294,3
NE007003,1994,360.6319534,3
NE007003,1995,209.4186689,3
NE007003,1996,187.13480529999998,3
NE007003,1997,209.52170919999998,3
NE007003,1998,354.8245669,3
NE007003,1999,461.3230138,3
NE007003,2000,221.3371684,3
NE007003,2001,272.0101926,3
NE007003,2002,177.75073680000003,3
NE007003,2003,266.7395975,3
NE007003,2004,227.86061690000002,3
NE007003,2005,344.3501231,3
NE007003,2006,245.00789360000002,3
NE007003,2007,274.17845850000003,3
NE007003,2008,261.71753,3
NE007003,2009,161.2019713,3
NE007003,2010,358.1745373,3
NE007003,2011,226.27631090000003,3
NE007003,2012,250.53497169999997,3
NE007003,2013,246.8684619,3
NE007003,2014,261.6039662,3
NE007003,2015,306.7717364,3
NE007003,2016,364.3988624,3
NE007003,2017,420.8589197,3
NE007003,2018,277.5883067,3
NE007003,2019,336.119377,3
NE007003,2020,352.3012972,3
NE007003,2021,262.9748385,3
NE007003,2022,293.9754572,3
NE007003,2023,219.6401985,3
NE007003,2024,420.65437499999996,3
NE007003,2025,235.38155279999998,3
NE007003,2026,74.8108598,3
NE007004,1981,157.9940332,3
NE007004,1982,190.97160920000002,3
NE007004,1983,151.5238044,3
NE007004,1984,52.8107972,3
NE007004,1985,197.7024255,3
NE007004,1986,134.5035145,3
NE007004,1987,185.1451348,3
NE007004,1988,298.194364,3
NE007004,1989,226.21737059999998,3
NE007004,1990,158.3306905,3
NE007004,1991,196.99765589999998,3
NE007004,1992,182.5691948,3
NE007004,1993,120.9020476,3
NE007004,1994,257.601939,3
NE007004,1995,165.1330021,3
NE007004,1996,108.59940750000001,3
NE007004,1997,121.8366737,3
NE007004,1998,247.5298469,3
NE007004,1999,328.49611285000003,3
NE007004,2000,142.9897154,3
NE007004,2001,147.71131590000002,3
NE007004,2002,142.69760048,3
NE007004,2003,174.9371037,3
NE007004,2004,141.0585978,3
NE007004,2005,214.88791229999998,3
NE007004,2006,138.5965232,3
NE007004,2007,191.35921059999998,3
NE007004,2008,164.15839540000002,3
NE007004,2009,104.7092999,3
NE007004,2010,279.837759,3
NE007004,2011,137.69259490000002,3
NE007004,2012,153.2693449,3
NE007004,2013,154.76763196000002,3
NE007004,2014,183.3915376,3
NE007004,2015,185.54909884999998,3
NE007004,2016,256.0221383,3
NE007004,2017,216.31653390000002,3
NE007004,2018,203.9807865,3
NE007004,2019,260.8051919,3
NE007004,2020,166.6688024,3
NE007004,2021,168.97636970000002,3
NE007004,2022,150.2441161,3
NE007004,2023,120.18987756,3
NE007004,2024,344.4433018,3
NE007004,2025,132.6479345,3
NE007004,2026,55.153253160000006,3
NE007005,1981,240.5400992,3
NE007005,1982,208.3003477,3
NE007005,1983,236.13965969999998,3
NE007005,1984,114.43328530000001,3
NE007005,1985,312.7782823,3
NE007005,1986,249.62135519999998,3
NE007005,1987,267.77588560000004,3
NE007005,1988,454.95945329999995,3
NE007005,1989,263.2127812,3
NE007005,1990,217.7802551,3
NE007005,1991,273.0487614,3
NE007005,1992,291.7871042,3
NE007005,1993,199.1065795,3
NE007005,1994,292.8030264,3
NE007005,1995,206.062035,3
NE007005,1996,170.3816498,3
NE007005,1997,234.84561379999997,3
NE007005,1998,336.8047902,3
NE007005,1999,394.2227242,3
NE007005,2000,199.2658783,3
NE007005,2001,216.617791,3
NE007005,2002,188.79744399999998,3
NE007005,2003,237.5545901,3
NE007005,2004,217.54483700000003,3
NE007005,2005,280.9590557,3
NE007005,2006,229.88204990000003,3
NE007005,2007,232.77972899999997,3
NE007005,2008,247.12355449999998,3
NE007005,2009,203.4025595,3
NE007005,2010,344.8295323,3
NE007005,2011,230.50286759999997,3
NE007005,2012,276.5935125,3
NE007005,2013,261.0084739,3
NE007005,2014,244.7977191,3
NE007005,2015,281.341611,3
NE007005,2016,304.336625,3
NE007005,2017,360.93547159999997,3
NE007005,2018,265.2379,3
NE007005,2019,332.6123794,3
NE007005,2020,298.4393986,3
NE007005,2021,190.0855333,3
NE007005,2022,281.8481989,3
NE007005,2023,184.414223,3
NE007005,2024,406.2896687,3
NE007005,2025,243.0524272,3
NE007005,2026,93.4328329,3
NE007006,1981,285.34553919999996,3
NE007006,1982,243.9823628,3
NE007006,1983,269.2373425,3
NE007006,1984,124.99608300000001,3
NE007006,1985,334.649215,3
NE007006,1986,274.7000248,3
NE007006,1987,261.56596479999996,3
NE007006,1988,399.9121262,3
NE007006,1989,287.0832316,3
NE007006,1990,230.78209530000004,3
NE007006,1991,295.9779938,3
NE007006,1992,334.0583173,3
NE007006,1993,208.8419578,3
NE007006,1994,369.2642995,3
NE007006,1995,214.3213516,3
NE007006,1996,184.5463985,3
NE007006,1997,254.3207175,3
NE007006,1998,367.8695358,3
NE007006,1999,455.59145880000005,3
NE007006,2000,218.93521379999999,3
NE007006,2001,276.2520088,3
NE007006,2002,196.2919657,3
NE007006,2003,267.18283170000007,3
NE007006,2004,237.772585,3
NE007006,2005,347.71360169999997,3
NE007006,2006,259.1303255,3
NE007006,2007,265.5932909,3
NE007006,2008,287.21446449999996,3
NE007006,2009,199.7852005,3
NE007006,2010,359.957989,3
NE007006,2011,235.9690464,3
NE007006,2012,285.6030637,3
NE007006,2013,279.2327322,3
NE007006,2014,263.1584998,3
NE007006,2015,301.57597840000005,3
NE007006,2016,378.29988149999997,3
NE007006,2017,393.7993011,3
NE007006,2018,280.2782132,3
NE007006,2019,347.7847865,3
NE007006,2020,356.88346049999996,3
NE007006,2021,241.3344018,3
NE007006,2022,284.73858409999997,3
NE007006,2023,210.7044143,3
NE007006,2024,406.30260949999996,3
NE007006,2025,261.6258388,3
NE007006,2026,87.4295859,3
NE007007,1981,214.7423943,3
NE007007,1982,208.9726007,3
NE007007,1983,245.8470142,3
NE007007,1984,98.3716996,3
NE007007,1985,292.7328552,3
NE007007,1986,214.94961719999998,3
NE007007,1987,222.5284593,3
NE007007,1988,350.6425743,3
NE007007,1989,266.7711445,3
NE007007,1990,214.39656730000002,3
NE007007,1991,233.31715579999997,3
NE007007,1992,275.0463238,3
NE007007,1993,159.97958749999998,3
NE007007,1994,341.1931258,3
NE007007,1995,184.9402864,3
NE007007,1996,165.83776749999998,3
NE007007,1997,206.254926,3
NE007007,1998,312.2465738,3
NE007007,1999,402.98767499999997,3
NE007007,2000,165.130991,3
NE007007,2001,222.6555486,3
NE007007,2002,185.96222559999998,3
NE007007,2003,213.5166397,3
NE007007,2004,191.6970426,3
NE007007,2005,275.4470699,3
NE007007,2006,227.822727,3
NE007007,2007,268.2820554,3
NE007007,2008,225.6190547,3
NE007007,2009,150.4280698,3
NE007007,2010,334.0173755,3
NE007007,2011,190.0032011,3
NE007007,2012,215.00039900000002,3
NE007007,2013,214.70962390000003,3
NE007007,2014,225.1068047,3
NE007007,2015,250.62119840000003,3
NE007007,2016,304.442917,3
NE007007,2017,327.71197540000003,3
NE007007,2018,258.086375,3
NE007007,2019,316.375746,3
NE007007,2020,265.9266836,3
NE007007,2021,183.37694929999998,3
NE007007,2022,242.9278021,3
NE007007,2023,168.6941513,3
NE007007,2024,400.34631579999996,3
NE007007,2025,210.08003789999998,3
NE007007,2026,72.98414960000001,3
NE007008,1981,170.38202990000002,3
NE007008,1982,164.7540481,3
NE007008,1983,172.009438,3
NE007008,1984,87.95635808,3
NE007008,1985,252.57476490000002,3
NE007008,1986,161.8974073,3
NE007008,1987,211.6269885,3
NE007008,1988,281.9428189,3
NE007008,1989,238.04220020000002,3
NE007008,1990,185.3424157,3
NE007008,1991,210.82779299999999,3
NE007008,1992,224.31198740000002,3
NE007008,1993,149.89980250000002,3
NE007008,1994,255.6655973,3
NE007008,1995,167.5110039,3
NE007008,1996,124.9759097,3
NE007008,1997,171.5418095,3
NE007008,1998,278.06693399999995,3
NE007008,1999,364.33375049999995,3
NE007008,2000,140.4297808,3
NE007008,2001,180.7437703,3
NE007008,2002,161.4642039,3
NE007008,2003,193.47541999999999,3
NE007008,2004,149.11449000000002,3
NE007008,2005,224.5477885,3
NE007008,2006,178.97952840000002,3
NE007008,2007,248.7414075,3
NE007008,2008,173.4098321,3
NE007008,2009,109.3995678,3
NE007008,2010,305.0183884,3
NE007008,2011,194.55856,3
NE007008,2012,199.97733619999997,3
NE007008,2013,174.53458709999998,3
NE007008,2014,216.71523822,3
NE007008,2015,224.0746493,3
NE007008,2016,261.1365242,3
NE007008,2017,280.5982154,3
NE007008,2018,235.1320303,3
NE007008,2019,289.4876036,3
NE007008,2020,235.9041524,3
NE007008,2021,150.89292239999997,3
NE007008,2022,206.8446509,3
NE007008,2023,173.186349,3
NE007008,2024,427.14365369999996,3
NE007008,2025,173.5635358,3
NE007008,2026,80.35434154,3
NE007009,1981,73.92830586,3
NE007009,1982,67.61215851,3
NE007009,1983,66.4324086,3
NE007009,1984,23.582445949999997,3
NE007009,1985,109.27347285,3
NE007009,1986,63.89578976,3
NE007009,1987,77.4572898,3
NE007009,1988,172.4939207,3
NE007009,1989,119.37514005,3
NE007009,1990,103.2487514,3
NE007009,1991,120.2923231,3
NE007009,1992,96.2048917,3
NE007009,1993,66.2393872,3
NE007009,1994,144.63857000000002,3
NE007009,1995,111.76245010000001,3
NE007009,1996,38.32951708,3
NE007009,1997,76.58616986999999,3
NE007009,1998,161.0607459,3
NE007009,1999,207.51111184,3
NE007009,2000,87.6727465,3
NE007009,2001,81.4941551,3
NE007009,2002,84.8010144,3
NE007009,2003,99.45344829999999,3
NE007009,2004,53.3078451,3
NE007009,2005,97.995439,3
NE007009,2006,73.37211123,3
NE007009,2007,124.0132786,3
NE007009,2008,86.94231318,3
NE007009,2009,45.96041216,3
NE007009,2010,176.85033549999997,3
NE007009,2011,94.17557389999999,3
NE007009,2012,93.36816630000001,3
NE007009,2013,101.63475034999999,3
NE007009,2014,138.8695109,3
NE007009,2015,85.83298435,3
NE007009,2016,152.95337890000002,3
NE007009,2017,124.96523870000001,3
NE007009,2018,151.3302539,3
NE007009,2019,164.0422244,3
NE007009,2020,96.50069669999999,3
NE007009,2021,58.626518880000006,3
NE007009,2022,89.632921,3
NE007009,2023,67.6002806,3
NE007009,2024,217.65016796,3
NE007009,2025,73.47884880000001,3
NE007009,2026,38.16249383,3
NE007010,1981,47.831877999999996,3
NE007010,1982,47.477644055,3
NE007010,1983,28.2003535,3
NE007010,1984,6.560568552,3
NE007010,1985,47.4949621,3
NE007010,1986,26.499035420000002,3
NE007010,1987,44.39897732,3
NE007010,1988,118.40854680000001,3
NE007010,1989,57.90965465000001,3
NE007010,1990,46.083034659999996,3
NE007010,1991,51.60655796,3
NE007010,1992,47.041138849999996,3
NE007010,1993,25.147165418100002,3
NE007010,1994,78.06110541,3
NE007010,1995,66.50022592,3
NE007010,1996,20.816415485999997,3
NE007010,1997,40.73507276,3
NE007010,1998,79.66952147999999,3
NE007010,1999,127.28754352000001,3
NE007010,2000,39.18945049,3
NE007010,2001,30.58109689,3
NE007010,2002,39.932454594999996,3
NE007010,2003,39.680466839999994,3
NE007010,2004,26.150138181,3
NE007010,2005,46.26529935,3
NE007010,2006,24.662367279999998,3
NE007010,2007,45.003909390000004,3
NE007010,2008,44.31399329999999,3
NE007010,2009,36.25527187,3
NE007010,2010,126.43484039,3
NE007010,2011,45.65898331,3
NE007010,2012,56.54203554,3
NE007010,2013,42.68742504000001,3
NE007010,2014,57.16899146600001,3
NE007010,2015,52.43726405100001,3
NE007010,2016,64.6281845,3
NE007010,2017,63.054175799999996,3
NE007010,2018,87.3245943,3
NE007010,2019,89.10492642,3
NE007010,2020,33.525796155,3
NE007010,2021,33.61291384,3
NE007010,2022,38.17723325,3
NE007010,2023,26.93241961,3
NE007010,2024,94.39110916,3
NE007010,2025,32.653644740000004,3
NE007010,2026,12.9354905,3
NE007011,1981,182.7697779,3
NE007011,1982,193.2967328,3
NE007011,1983,232.8560483,3
NE007011,1984,93.10380926,3
NE007011,1985,295.73592410000003,3
NE007011,1986,181.2203086,3
NE007011,1987,204.2086686,3
NE007011,1988,308.0921221,3
NE007011,1989,263.8078043,3
NE007011,1990,203.5996261,3
NE007011,1991,215.4905422,3
NE007011,1992,246.98438649999997,3
NE007011,1993,153.3960037,3
NE007011,1994,322.7813189,3
NE007011,1995,171.0180991,3
NE007011,1996,156.6930077,3
NE007011,1997,197.0277092,3
NE007011,1998,281.114284,3
NE007011,1999,386.43022929999995,3
NE007011,2000,148.0698842,3
NE007011,2001,217.369879,3
NE007011,2002,170.2926056,3
NE007011,2003,202.3735057,3
NE007011,2004,183.94691190000003,3
NE007011,2005,234.6666264,3
NE007011,2006,219.01954089999998,3
NE007011,2007,262.5220324,3
NE007011,2008,202.8714205,3
NE007011,2009,127.7209813,3
NE007011,2010,331.475905,3
NE007011,2011,174.9574753,3
NE007011,2012,201.87678979999998,3
NE007011,2013,188.0448981,3
NE007011,2014,226.81608509999998,3
NE007011,2015,253.2960016,3
NE007011,2016,294.3916252,3
NE007011,2017,309.03112999999996,3
NE007011,2018,248.514776,3
NE007011,2019,296.6552457,3
NE007011,2020,237.4558634,3
NE007011,2021,163.6767152,3
NE007011,2022,224.06036139999998,3
NE007011,2023,161.62069540000002,3
NE007011,2024,409.5008264,3
NE007011,2025,193.0185636,3
NE007011,2026,70.572604,3
NE008001,1981,231.59599250000002,3
NE008001,1982,203.4629823,3
NE008001,1983,133.4659585,3
NE008001,1984,94.0719629,3
NE008001,1985,256.87027090000004,3
NE008001,1986,239.4069743,3
NE008001,1987,108.18519454,3
NE008001,1988,275.9139986,3
NE008001,1989,231.4758304,3
NE008001,1990,167.85011120000001,3
NE008001,1991,217.3675539,3
NE008001,1992,194.34700039999998,3
NE008001,1993,138.07296739999998,3
NE008001,1994,259.471899,3
NE008001,1995,236.2915077,3
NE008001,1996,121.6880793,3
NE008001,1997,184.0030666,3
NE008001,1998,213.51699630000002,3
NE008001,1999,274.0753151,3
NE008001,2000,185.2417016,3
NE008001,2001,249.808882,3
NE008001,2002,197.521972,3
NE008001,2003,248.9326499,3
NE008001,2004,163.90877139999998,3
NE008001,2005,215.7440205,3
NE008001,2006,201.06621330000002,3
NE008001,2007,256.26793019999997,3
NE008001,2008,214.9059311,3
NE008001,2009,129.68368379999998,3
NE008001,2010,232.1327245,3
NE008001,2011,114.52369760000002,3
NE008001,2012,299.4606028,3
NE008001,2013,228.33518600000002,3
NE008001,2014,265.77148450000004,3
NE008001,2015,249.05586110000002,3
NE008001,2016,280.3974154,3
NE008001,2017,246.8769108,3
NE008001,2018,187.15744339999998,3
NE008001,2019,252.9949192,3
NE008001,2020,260.7398989,3
NE008001,2021,136.0523241,3
NE008001,2022,191.5245042,3
NE008001,2023,146.7140191,3
NE008001,2024,242.7581791,3
NE008001,2025,195.75004380000001,3
NE008001,2026,93.26019155,3
