pcode,year,junjul_mm,n_months
NE001001,1981,24.015953200000002,2
NE001001,1982,3.58592955,2
NE001001,1983,16.74140865,2
NE001001,1984,1.812348176,2
NE001001,1985,11.00812775,2
NE001001,1986,12.12475187,2
NE001001,1987,5.6694972,2
NE001001,1988,19.9259105,2
NE001001,1989,12.066186250000001,2
NE001001,1990,14.3620533,2
NE001001,1991,20.5825182,2
NE001001,1992,20.15076542,2
NE001001,1993,7.06991098,2
NE001001,1994,11.186294011,2
NE001001,1995,6.846172809999999,2
NE001001,1996,4.43600727,2
NE001001,1997,6.09701351,2
NE001001,1998,19.57573903,2
NE001001,1999,30.1524889941,2
NE001001,2000,32.20504702,2
NE001001,2001,14.08329966,2
NE001001,2002,17.579845015,2
NE001001,2003,13.57944994,2
NE001001,2004,7.521788859999999,2
NE001001,2005,16.4956452,2
NE001001,2006,3.463450674,2
NE001001,2007,14.68544064,2
NE001001,2008,10.87928348,2
NE001001,2009,7.738437579999999,2
NE001001,2010,65.8934873,2
NE001001,2011,7.09145912,2
NE001001,2012,13.39154457,2
NE001001,2013,8.14446001,2
NE001001,2014,11.02153937,2
NE001001,2015,7.62031941,2
NE001001,2016,22.0456378,2
NE001001,2017,20.60126645,2
NE001001,2018,14.575665059999999,2
NE001001,2019,11.12441423,2
NE001001,2020,8.88824022,2
NE001001,2021,8.705511192000001,2
NE001001,2022,9.49832797,2
NE001001,2023,3.254600418,2
NE001001,2024,7.951207159999999,2
NE001001,2025,8.08673062,2
NE001001,2026,6.39606519,2
NE001002,1981,17.01551852,2
NE001002,1982,1.6105169668000001,2
NE001002,1983,2.9592400910000003,2
NE001002,1984,0.37389837940000004,2
NE001002,1985,3.078613866,2
NE001002,1986,4.942633249999999,2
NE001002,1987,2.58743126,2
NE001002,1988,4.436755154,2
NE001002,1989,6.022690449999999,2
NE001002,1990,5.448384704,2
NE001002,1991,4.71851217,2
NE001002,1992,7.008603519999999,2
NE001002,1993,1.5841296589999998,2
NE001002,1994,1.3682546099,2
NE001002,1995,3.42694046,2
NE001002,1996,2.297393644,2
NE001002,1997,2.948263075,2
NE001002,1998,8.16843025,2
NE001002,1999,4.9821433,2
NE001002,2000,11.72260292,2
NE001002,2001,5.44617488,2
NE001002,2002,7.1640405099999995,2
NE001002,2003,7.58355922,2
NE001002,2004,5.15650826,2
NE001002,2005,7.576570353999999,2
NE001002,2006,1.67161651,2
NE001002,2007,6.67433443,2
NE001002,2008,5.199469544,2
NE001002,2009,3.4476881500000003,2
NE001002,2010,13.44118795,2
NE001002,2011,7.04635352,2
NE001002,2012,8.327206010000001,2
NE001002,2013,1.9650080219999997,2
NE001002,2014,2.4289135990000004,2
NE001002,2015,5.53436483,2
NE001002,2016,13.826534259999999,2
NE001002,2017,9.914789249999998,2
NE001002,2018,5.606902294999999,2
NE001002,2019,11.498408730000001,2
NE001002,2020,3.3413682999999996,2
NE001002,2021,3.19448607,2
NE001002,2022,5.47952158,2
NE001002,2023,2.5857534950000005,2
NE001002,2024,4.53409536,2
NE001002,2025,6.6183762999999995,2
NE001002,2026,4.55412529,2
NE001003,1981,1.15032482,2
NE001003,1982,0.26973686607999997,2
NE001003,1983,0.5959474623000001,2
NE001003,1984,0.02032844096,2
NE001003,1985,0.429805245,2
NE001003,1986,0.6403749329999999,2
NE001003,1987,1.132764921,2
NE001003,1988,1.228770921,2
NE001003,1989,0.1260111744,2
NE001003,1990,2.3226102099999997,2
NE001003,1991,0.32168556600000003,2
NE001003,1992,1.3266090209999999,2
NE001003,1993,0.0748388616,2
NE001003,1994,1.004007943,2
NE001003,1995,1.5735611600000001,2
NE001003,1996,0.3432137852,2
NE001003,1997,0.9495418199999999,2
NE001003,1998,1.532393793,2
NE001003,1999,2.47466273,2
NE001003,2000,2.781302026,2
NE001003,2001,0.253510839,2
NE001003,2002,1.3578184759999998,2
NE001003,2003,0.34079859700000004,2
NE001003,2004,1.1616813066999998,2
NE001003,2005,1.641312567,2
NE001003,2006,0.12341247300000001,2
NE001003,2007,0.771980184,2
NE001003,2008,0.895458916,2
NE001003,2009,0.620258714,2
NE001003,2010,2.45966484,2
NE001003,2011,0.1783981044,2
NE001003,2012,0.7011611179999999,2
NE001003,2013,0.41630468,2
NE001003,2014,0.1385547865,2
NE001003,2015,0.608081324,2
NE001003,2016,1.610261203,2
NE001003,2017,3.037722057,2
NE001003,2018,1.1118751075,2
NE001003,2019,0.6766482269999999,2
NE001003,2020,0.472603202,2
NE001003,2021,0.23817336549999998,2
NE001003,2022,0.587103049,2
NE001003,2023,0.5609764384,2
NE001003,2024,0.347024333,2
NE001003,2025,1.0679060169999999,2
NE001003,2026,0.61362281,2
NE001004,1981,7.422411115,2
NE001004,1982,1.09390938858,2
NE001004,1983,1.9817510500000002,2
NE001004,1984,0.01850907946,2
NE001004,1985,0.35899831849999997,2
NE001004,1986,0.753695604,2
NE001004,1987,0.9679689699999999,2
NE001004,1988,1.159331154,2
NE001004,1989,1.7554388300000001,2
NE001004,1990,1.2265119467699999,2
NE001004,1991,1.8981685640000001,2
NE001004,1992,3.4909464800000003,2
NE001004,1993,0.0948346882,2
NE001004,1994,0.69005411205,2
NE001004,1995,0.8745187640000001,2
NE001004,1996,0.5114243075,2
NE001004,1997,1.476925883,2
NE001004,1998,4.11858367,2
NE001004,1999,2.98803849206,2
NE001004,2000,5.48525138,2
NE001004,2001,1.9817288370000001,2
NE001004,2002,4.709102980999999,2
NE001004,2003,3.035683556,2
NE001004,2004,2.248288273,2
NE001004,2005,5.186369708999999,2
NE001004,2006,0.5109220480000001,2
NE001004,2007,2.076655742,2
NE001004,2008,3.19002025,2
NE001004,2009,1.19749553,2
NE001004,2010,5.8413463299999995,2
NE001004,2011,1.82347602,2
NE001004,2012,2.0866508550000002,2
NE001004,2013,0.484220376,2
NE001004,2014,0.4449980235,2
NE001004,2015,2.023789167,2
NE001004,2016,6.754427229999999,2
NE001004,2017,5.31450354,2
NE001004,2018,2.24280811,2
NE001004,2019,3.3154151799999996,2
NE001004,2020,1.33348251,2
NE001004,2021,0.9381491429,2
NE001004,2022,1.4062063550000001,2
NE001004,2023,1.2670981558,2
NE001004,2024,2.152764525,2
NE001004,2025,4.617852094,2
NE001004,2026,1.369608883,2
NE001005,1981,17.60596164,2
NE001005,1982,3.507647833,2
NE001005,1983,9.96247571,2
NE001005,1984,3.2943293459999996,2
NE001005,1985,9.98300288,2
NE001005,1986,13.4291176,2
NE001005,1987,7.55228914,2
NE001005,1988,14.12332442,2
NE001005,1989,15.22524454,2
NE001005,1990,13.164115670000001,2
NE001005,1991,16.96805306,2
NE001005,1992,17.077802950000002,2
NE001005,1993,9.1665374,2
NE001005,1994,10.181741090000001,2
NE001005,1995,8.604652100000001,2
NE001005,1996,6.03854234,2
NE001005,1997,5.539496229999999,2
NE001005,1998,12.339176790000002,2
NE001005,1999,18.181784779,2
NE001005,2000,18.5022257,2
NE001005,2001,11.981540889999998,2
NE001005,2002,16.52486715,2
NE001005,2003,15.9252022,2
NE001005,2004,8.97183146,2
NE001005,2005,16.02247192,2
NE001005,2006,3.406775165,2
NE001005,2007,11.08550955,2
NE001005,2008,12.462776779999999,2
NE001005,2009,8.29794588,2
NE001005,2010,39.277212399999996,2
NE001005,2011,9.67029792,2
NE001005,2012,16.26169388,2
NE001005,2013,7.09012018,2
NE001005,2014,5.87106772,2
NE001005,2015,14.214000079999998,2
NE001005,2016,25.7615641,2
NE001005,2017,18.073248740000004,2
NE001005,2018,17.3517683,2
NE001005,2019,15.8531698,2
NE001005,2020,8.563291640000001,2
NE001005,2021,9.566816300000001,2
NE001005,2022,10.7783073,2
NE001005,2023,4.511874896,2
NE001005,2024,7.72164571,2
NE001005,2025,8.584467850000001,2
NE001005,2026,8.98683462,2
NE001006,1981,24.76730118,2
NE001006,1982,2.9332834329999997,2
NE001006,1983,16.39801438,2
NE001006,1984,1.2631699444,2
NE001006,1985,13.16324425,2
NE001006,1986,12.889097829999999,2
NE001006,1987,6.206162480000001,2
NE001006,1988,13.69113475,2
NE001006,1989,12.01323111,2
NE001006,1990,13.790774379,2
NE001006,1991,20.63369775,2
NE001006,1992,22.396489589999998,2
NE001006,1993,4.59142743,2
NE001006,1994,16.953265769,2
NE001006,1995,6.6517053100000005,2
NE001006,1996,4.35666504,2
NE001006,1997,9.627325760000002,2
NE001006,1998,26.11376166,2
NE001006,1999,36.465123299999995,2
NE001006,2000,23.995026350000003,2
NE001006,2001,15.443034180000001,2
NE001006,2002,17.063055809999998,2
NE001006,2003,16.201244889999998,2
NE001006,2004,12.017426710000002,2
NE001006,2005,19.280450899999998,2
NE001006,2006,2.248557882,2
NE001006,2007,18.35241767,2
NE001006,2008,11.23115795,2
NE001006,2009,10.94397823,2
NE001006,2010,61.7522412,2
NE001006,2011,10.35148208,2
NE001006,2012,21.9809868,2
NE001006,2013,7.0522007900000006,2
NE001006,2014,7.86685415,2
NE001006,2015,8.88003716,2
NE001006,2016,33.5205929,2
NE001006,2017,25.306170799999997,2
NE001006,2018,17.780841679999998,2
NE001006,2019,16.61230293,2
NE001006,2020,14.024920400000001,2
NE001006,2021,8.489220285,2
NE001006,2022,9.90067473,2
NE001006,2023,7.177892699999999,2
NE001006,2024,10.15835617,2
NE001006,2025,11.51812302,2
NE001006,2026,7.601667109999999,2
NE002001,1981,157.0127452,2
NE002001,1982,39.9025744,2
NE002001,1983,65.79608999999999,2
NE002001,1984,51.10566119999999,2
NE002001,1985,93.1364187,2
NE002001,1986,74.8583595,2
NE002001,1987,91.33833849999999,2
NE002001,1988,125.8349996,2
NE002001,1989,72.7866872,2
NE002001,1990,95.92175959999999,2
NE002001,1991,76.1899179,2
NE002001,1992,81.0025068,2
NE002001,1993,47.743714399999995,2
NE002001,1994,105.55674339999999,2
NE002001,1995,89.6370502,2
NE002001,1996,74.0349017,2
NE002001,1997,82.7328321,2
NE002001,1998,72.9156748,2
NE002001,1999,110.0612589,2
NE002001,2000,122.34988500000001,2
NE002001,2001,76.5536975,2
NE002001,2002,80.6223374,2
NE002001,2003,80.77408340000001,2
NE002001,2004,65.1351134,2
NE002001,2005,87.37903539999999,2
NE002001,2006,43.756809000000004,2
NE002001,2007,72.50811920000001,2
NE002001,2008,44.8518533,2
NE002001,2009,40.25695230000001,2
NE002001,2010,122.1610216,2
NE002001,2011,35.9819398,2
NE002001,2012,61.2730255,2
NE002001,2013,46.44038456,2
NE002001,2014,49.16604890000001,2
NE002001,2015,47.1934623,2
NE002001,2016,146.2046123,2
NE002001,2017,82.3304123,2
NE002001,2018,71.1221872,2
NE002001,2019,54.8218902,2
NE002001,2020,43.1969858,2
NE002001,2021,79.9125106,2
NE002001,2022,68.15528809999999,2
NE002001,2023,54.3538435,2
NE002001,2024,67.9864405,2
NE002001,2025,58.1081833,2
NE002001,2026,49.4527004,2
NE002002,1981,146.16170580000002,2
NE002002,1982,39.824649799999996,2
NE002002,1983,71.3940216,2
NE002002,1984,44.5276721,2
NE002002,1985,91.01223900000001,2
NE002002,1986,60.6396005,2
NE002002,1987,89.427007,2
NE002002,1988,105.69560530000001,2
NE002002,1989,68.6429195,2
NE002002,1990,91.8544589,2
NE002002,1991,75.3597714,2
NE002002,1992,70.3990231,2
NE002002,1993,34.907538200000005,2
NE002002,1994,82.0287639,2
NE002002,1995,82.61008519999999,2
NE002002,1996,63.547625000000004,2
NE002002,1997,64.1592523,2
NE002002,1998,77.05926939999999,2
NE002002,1999,107.8110818,2
NE002002,2000,104.8956492,2
NE002002,2001,68.5528708,2
NE002002,2002,68.19616309999999,2
NE002002,2003,58.010859,2
NE002002,2004,55.5675879,2
NE002002,2005,91.1883047,2
NE002002,2006,32.82482036,2
NE002002,2007,57.2548465,2
NE002002,2008,45.83402546000001,2
NE002002,2009,38.472660160000004,2
NE002002,2010,153.787997,2
NE002002,2011,27.030006540000002,2
NE002002,2012,49.097401649999995,2
NE002002,2013,33.7418709,2
NE002002,2014,45.6809992,2
NE002002,2015,42.5959326,2
NE002002,2016,133.38083569999998,2
NE002002,2017,63.7582759,2
NE002002,2018,73.00604774,2
NE002002,2019,33.85389344,2
NE002002,2020,32.5182482,2
NE002002,2021,69.7226148,2
NE002002,2022,95.7091798,2
NE002002,2023,38.931809019999996,2
NE002002,2024,49.5348114,2
NE002002,2025,57.4610418,2
NE002002,2026,33.3264201,2
NE002003,1981,98.77045079999999,2
NE002003,1982,34.904890200000004,2
NE002003,1983,67.7021301,2
NE002003,1984,30.04792425,2
NE002003,1985,68.2701476,2
NE002003,1986,62.8301626,2
NE002003,1987,72.9905474,2
NE002003,1988,88.6437847,2
NE002003,1989,62.98644529999999,2
NE002003,1990,93.69619560000001,2
NE002003,1991,70.9083103,2
NE002003,1992,60.3466899,2
NE002003,1993,32.050007539999996,2
NE002003,1994,73.31688749999999,2
NE002003,1995,63.3925948,2
NE002003,1996,50.0975261,2
NE002003,1997,44.0329507,2
NE002003,1998,106.5931737,2
NE002003,1999,117.2937831,2
NE002003,2000,110.93210499999999,2
NE002003,2001,53.8790537,2
NE002003,2002,56.2043949,2
NE002003,2003,57.8858803,2
NE002003,2004,55.2522741,2
NE002003,2005,100.6654514,2
NE002003,2006,26.174083680000003,2
NE002003,2007,52.7518252,2
NE002003,2008,40.4482031,2
NE002003,2009,24.94931514,2
NE002003,2010,128.3118127,2
NE002003,2011,27.59898235,2
NE002003,2012,53.561409,2
NE002003,2013,34.059144,2
NE002003,2014,32.89719335,2
NE002003,2015,42.8636015,2
NE002003,2016,118.898866,2
NE002003,2017,79.1170993,2
NE002003,2018,58.6350819,2
NE002003,2019,37.08702226,2
NE002003,2020,25.7487084,2
NE002003,2021,81.64519589999999,2
NE002003,2022,62.280249600000005,2
NE002003,2023,18.554138000000002,2
NE002003,2024,34.06115287,2
NE002003,2025,48.0452409,2
NE002003,2026,20.225592380000002,2
NE002004,1981,124.8708797,2
NE002004,1982,37.20228575,2
NE002004,1983,59.3079312,2
NE002004,1984,32.34189604,2
NE002004,1985,78.70036209999999,2
NE002004,1986,55.426208700000004,2
NE002004,1987,82.3954761,2
NE002004,1988,93.24819600000001,2
NE002004,1989,55.0479283,2
NE002004,1990,90.6813293,2
NE002004,1991,69.2587417,2
NE002004,1992,59.5541393,2
NE002004,1993,29.168022259999997,2
NE002004,1994,74.9180969,2
NE002004,1995,68.8068083,2
NE002004,1996,49.78823129999999,2
NE002004,1997,54.2160946,2
NE002004,1998,80.5052657,2
NE002004,1999,105.3005365,2
NE002004,2000,102.61775155000001,2
NE002004,2001,54.4836262,2
NE002004,2002,55.3054973,2
NE002004,2003,56.333787199999996,2
NE002004,2004,52.358230119999995,2
NE002004,2005,89.59280199999999,2
NE002004,2006,27.54160317,2
NE002004,2007,46.990499799999995,2
NE002004,2008,41.19255124,2
NE002004,2009,30.21141823,2
NE002004,2010,157.8636309,2
NE002004,2011,23.661758470000002,2
NE002004,2012,48.83357960000001,2
NE002004,2013,25.9608154,2
NE002004,2014,34.630950899999995,2
NE002004,2015,41.25838322,2
NE002004,2016,112.27596290000001,2
NE002004,2017,61.1536854,2
NE002004,2018,59.4096612,2
NE002004,2019,31.177826,2
NE002004,2020,24.71078455,2
NE002004,2021,59.2293033,2
NE002004,2022,88.62277459999999,2
NE002004,2023,29.105987569999996,2
NE002004,2024,40.396127199999995,2
NE002004,2025,57.88616089999999,2
NE002004,2026,23.55036929,2
NE002005,1981,17.7238957,2
NE002005,1982,2.8724185799999997,2
NE002005,1983,9.610419270000001,2
NE002005,1984,4.217909488,2
NE002005,1985,11.72389948,2
NE002005,1986,15.32191432,2
NE002005,1987,15.99120808,2
NE002005,1988,12.902408950000002,2
NE002005,1989,9.209132910000001,2
NE002005,1990,11.84708369,2
NE002005,1991,10.65876945,2
NE002005,1992,16.840749849999998,2
NE002005,1993,3.0365270154,2
NE002005,1994,18.589727429999996,2
NE002005,1995,6.2434152,2
NE002005,1996,7.709249440000001,2
NE002005,1997,8.026123259999999,2
NE002005,1998,17.809360100000003,2
NE002005,1999,32.874371828,2
NE002005,2000,18.37900501,2
NE002005,2001,5.940452542,2
NE002005,2002,10.333599094,2
NE002005,2003,7.349234339999999,2
NE002005,2004,6.6307978,2
NE002005,2005,15.71430998,2
NE002005,2006,2.9545622750000002,2
NE002005,2007,5.301142079999999,2
NE002005,2008,5.609667480000001,2
NE002005,2009,4.832172154,2
NE002005,2010,22.735114199999998,2
NE002005,2011,2.67508937,2
NE002005,2012,8.058961,2
NE002005,2013,3.9323851459999997,2
NE002005,2014,3.856118707,2
NE002005,2015,6.474018921,2
NE002005,2016,20.010169599999998,2
NE002005,2017,9.820770280000001,2
NE002005,2018,11.621290909999999,2
NE002005,2019,6.202792959999999,2
NE002005,2020,8.215158166,2
NE002005,2021,6.24811058,2
NE002005,2022,5.91317014,2
NE002005,2023,4.40265135,2
NE002005,2024,4.70108276,2
NE002005,2025,7.3113656,2
NE002005,2026,3.630343365,2
NE002006,1981,117.48350209999998,2
NE002006,1982,27.377462700000002,2
NE002006,1983,46.443977399999994,2
NE002006,1984,26.250814450000004,2
NE002006,1985,64.2615108,2
NE002006,1986,57.0372487,2
NE002006,1987,65.82236950000001,2
NE002006,1988,85.89917100000001,2
NE002006,1989,47.8383615,2
NE002006,1990,65.2044803,2
NE002006,1991,55.087750500000006,2
NE002006,1992,52.6449997,2
NE002006,1993,23.88645135,2
NE002006,1994,68.74957479999999,2
NE002006,1995,45.9907977,2
NE002006,1996,53.3701088,2
NE002006,1997,45.0163309,2
NE002006,1998,60.1436507,2
NE002006,1999,97.7865448,2
NE002006,2000,78.7925345,2
NE002006,2001,40.9354455,2
NE002006,2002,61.7481514,2
NE002006,2003,50.120690499999995,2
NE002006,2004,39.3347673,2
NE002006,2005,67.273312,2
NE002006,2006,20.5102525,2
NE002006,2007,44.3276585,2
NE002006,2008,27.398336999999998,2
NE002006,2009,26.9577927,2
NE002006,2010,165.24917739999998,2
NE002006,2011,18.73274355,2
NE002006,2012,39.49110956,2
NE002006,2013,22.95413287,2
NE002006,2014,35.51423392,2
NE002006,2015,35.9059356,2
NE002006,2016,106.8273319,2
NE002006,2017,54.20625939999999,2
NE002006,2018,65.22472616,2
NE002006,2019,32.4747632,2
NE002006,2020,23.630317129999998,2
NE002006,2021,34.6063211,2
NE002006,2022,45.496711399999995,2
NE002006,2023,29.698992649999997,2
NE002006,2024,39.0042142,2
NE002006,2025,40.206920999999994,2
NE002006,2026,26.28469177,2
NE003001,1981,149.5047094,2
NE003001,1982,100.92669049999999,2
NE003001,1983,66.0027766,2
NE003001,1984,73.4738679,2
NE003001,1985,103.2283894,2
NE003001,1986,172.507707,2
NE003001,1987,84.68658210000001,2
NE003001,1988,141.00443180000002,2
NE003001,1989,87.31533870000001,2
NE003001,1990,77.0676311,2
NE003001,1991,134.2284338,2
NE003001,1992,107.77769839999999,2
NE003001,1993,89.16395650000001,2
NE003001,1994,123.94636599999998,2
NE003001,1995,89.84771330000001,2
NE003001,1996,83.4445045,2
NE003001,1997,79.86317840000001,2
NE003001,1998,133.0260149,2
NE003001,1999,84.80510070000001,2
NE003001,2000,97.851332,2
NE003001,2001,188.93471200000002,2
NE003001,2002,115.28403879999999,2
NE003001,2003,89.43795610000001,2
NE003001,2004,85.48647890000001,2
NE003001,2005,110.75231209999998,2
NE003001,2006,78.9842656,2
NE003001,2007,97.8419265,2
NE003001,2008,117.16528980000001,2
NE003001,2009,87.2942704,2
NE003001,2010,117.3817133,2
NE003001,2011,55.1903048,2
NE003001,2012,110.51701120000001,2
NE003001,2013,85.7603637,2
NE003001,2014,88.6506756,2
NE003001,2015,77.912696,2
NE003001,2016,175.1697788,2
NE003001,2017,127.09561029999999,2
NE003001,2018,80.1982093,2
NE003001,2019,96.9791242,2
NE003001,2020,57.571485,2
NE003001,2021,61.9532522,2
NE003001,2022,108.53897380000001,2
NE003001,2023,66.4669063,2
NE003001,2024,146.608506,2
NE003001,2025,135.1099458,2
NE003001,2026,59.6611099,2
NE003002,1981,196.3594376,2
NE003002,1982,127.1904127,2
NE003002,1983,129.548209,2
NE003002,1984,131.6499543,2
NE003002,1985,149.52195920000003,2
NE003002,1986,163.892004,2
NE003002,1987,114.803079,2
NE003002,1988,226.82629740000002,2
NE003002,1989,149.99038910000002,2
NE003002,1990,115.93063369999999,2
NE003002,1991,168.34142640000002,2
NE003002,1992,134.5941202,2
NE003002,1993,138.6314685,2
NE003002,1994,140.2129365,2
NE003002,1995,118.77067550000001,2
NE003002,1996,128.68465070000002,2
NE003002,1997,126.46382960000001,2
NE003002,1998,159.652309,2
NE003002,1999,145.0838347,2
NE003002,2000,161.131867,2
NE003002,2001,218.7856477,2
NE003002,2002,156.5942194,2
NE003002,2003,121.97681600000001,2
NE003002,2004,103.5204872,2
NE003002,2005,159.3791743,2
NE003002,2006,118.6629677,2
NE003002,2007,119.96382419999999,2
NE003002,2008,201.0791934,2
NE003002,2009,100.9923996,2
NE003002,2010,153.8877272,2
NE003002,2011,64.218756,2
NE003002,2012,147.9456792,2
NE003002,2013,113.55894659999998,2
NE003002,2014,131.45006310000002,2
NE003002,2015,111.24256480000001,2
NE003002,2016,213.42200099999997,2
NE003002,2017,160.60517760000002,2
NE003002,2018,138.7352838,2
NE003002,2019,134.3922866,2
NE003002,2020,88.3952558,2
NE003002,2021,128.2454549,2
NE003002,2022,180.0259966,2
NE003002,2023,90.4245151,2
NE003002,2024,178.33067549999998,2
NE003002,2025,151.774383,2
NE003002,2026,97.1725608,2
NE003003,1981,118.4185467,2
NE003003,1982,74.9136783,2
NE003003,1983,77.9669698,2
NE003003,1984,53.246945,2
NE003003,1985,72.637421,2
NE003003,1986,81.604896,2
NE003003,1987,48.795074400000004,2
NE003003,1988,118.8087607,2
NE003003,1989,42.41910684,2
NE003003,1990,103.20253539999999,2
NE003003,1991,76.5773077,2
NE003003,1992,60.474592,2
NE003003,1993,70.8786333,2
NE003003,1994,69.7259112,2
NE003003,1995,67.6491748,2
NE003003,1996,47.0584263,2
NE003003,1997,56.893155199999995,2
NE003003,1998,86.54506989999999,2
NE003003,1999,68.7088364,2
NE003003,2000,125.86639699999999,2
NE003003,2001,129.6881149,2
NE003003,2002,85.4672875,2
NE003003,2003,70.2384019,2
NE003003,2004,55.377661100000005,2
NE003003,2005,86.12019190000001,2
NE003003,2006,49.2486601,2
NE003003,2007,66.6343998,2
NE003003,2008,85.50286840000001,2
NE003003,2009,47.32672205,2
NE003003,2010,119.5996243,2
NE003003,2011,44.39651764,2
NE003003,2012,76.8752571,2
NE003003,2013,57.048772699999994,2
NE003003,2014,68.9527949,2
NE003003,2015,60.10760020000001,2
NE003003,2016,116.8501471,2
NE003003,2017,117.76599920000001,2
NE003003,2018,85.52911780000001,2
NE003003,2019,59.250495599999994,2
NE003003,2020,67.7632777,2
NE003003,2021,48.5033815,2
NE003003,2022,72.2882537,2
NE003003,2023,33.406348300000005,2
NE003003,2024,52.2616174,2
NE003003,2025,91.3807057,2
NE003003,2026,30.114460200000003,2
NE003004,1981,163.207767,2
NE003004,1982,119.3344343,2
NE003004,1983,102.1384293,2
NE003004,1984,99.82645489999999,2
NE003004,1985,123.7212185,2
NE003004,1986,157.00206649999998,2
NE003004,1987,101.65188,2
NE003004,1988,184.4544212,2
NE003004,1989,113.56728670000001,2
NE003004,1990,98.8549936,2
NE003004,1991,159.1964759,2
NE003004,1992,119.69869029999998,2
NE003004,1993,114.770777,2
NE003004,1994,127.48501759999999,2
NE003004,1995,104.7103579,2
NE003004,1996,105.88787160000001,2
NE003004,1997,98.21971070000001,2
NE003004,1998,152.2852322,2
NE003004,1999,109.8255595,2
NE003004,2000,124.420662,2
NE003004,2001,203.50047949999998,2
NE003004,2002,133.9601109,2
NE003004,2003,103.05558059999998,2
NE003004,2004,102.8513749,2
NE003004,2005,137.4102814,2
NE003004,2006,100.13176149999998,2
NE003004,2007,113.192001,2
NE003004,2008,151.22880579999998,2
NE003004,2009,88.903084,2
NE003004,2010,141.760872,2
NE003004,2011,64.1369229,2
NE003004,2012,125.95660360000001,2
NE003004,2013,105.6973969,2
NE003004,2014,110.61398940000001,2
NE003004,2015,95.6541165,2
NE003004,2016,186.79796200000004,2
NE003004,2017,147.9609375,2
NE003004,2018,110.6149217,2
NE003004,2019,112.45256400000001,2
NE003004,2020,72.90187259999999,2
NE003004,2021,103.83699279999999,2
NE003004,2022,125.93779570000001,2
NE003004,2023,81.97360789999999,2
NE003004,2024,154.7399059,2
NE003004,2025,158.385509,2
NE003004,2026,70.44207990000001,2
NE003005,1981,179.21385780000003,2
NE003005,1982,123.3687885,2
NE003005,1983,98.2887513,2
NE003005,1984,106.16485329999999,2
NE003005,1985,144.3356842,2
NE003005,1986,185.71907750000003,2
NE003005,1987,118.5671709,2
NE003005,1988,196.4243993,2
NE003005,1989,139.1045281,2
NE003005,1990,95.29502649999999,2
NE003005,1991,232.0990247,2
NE003005,1992,152.2831847,2
NE003005,1993,131.74231609999998,2
NE003005,1994,163.0947354,2
NE003005,1995,116.4911204,2
NE003005,1996,110.207111,2
NE003005,1997,115.7210615,2
NE003005,1998,166.8980675,2
NE003005,1999,120.0911081,2
NE003005,2000,149.1770038,2
NE003005,2001,223.2389574,2
NE003005,2002,146.0835197,2
NE003005,2003,127.760207,2
NE003005,2004,113.8987248,2
NE003005,2005,139.7933583,2
NE003005,2006,119.285232,2
NE003005,2007,121.37140169999999,2
NE003005,2008,159.0353556,2
NE003005,2009,126.09638,2
NE003005,2010,139.5699207,2
NE003005,2011,64.1659732,2
NE003005,2012,145.62922020000002,2
NE003005,2013,113.236095,2
NE003005,2014,126.3661697,2
NE003005,2015,114.99011519999999,2
NE003005,2016,240.5044747,2
NE003005,2017,144.9845006,2
NE003005,2018,110.5711813,2
NE003005,2019,134.724244,2
NE003005,2020,82.1362743,2
NE003005,2021,143.70358019999998,2
NE003005,2022,169.1732266,2
NE003005,2023,94.3082278,2
NE003005,2024,198.1352213,2
NE003005,2025,165.26382360000002,2
NE003005,2026,70.4225464,2
NE003006,1981,224.83838500000002,2
NE003006,1982,200.69095400000003,2
NE003006,1983,150.059325,2
NE003006,1984,140.782076,2
NE003006,1985,194.8606773,2
NE003006,1986,212.21151299999997,2
NE003006,1987,155.5563462,2
NE003006,1988,287.245705,2
NE003006,1989,186.3281245,2
NE003006,1990,136.5188367,2
NE003006,1991,277.9782334,2
NE003006,1992,194.9135037,2
NE003006,1993,195.47483999999997,2
NE003006,1994,207.63323839999998,2
NE003006,1995,148.093156,2
NE003006,1996,178.3942793,2
NE003006,1997,161.31465050000003,2
NE003006,1998,222.6948857,2
NE003006,1999,188.862472,2
NE003006,2000,222.884197,2
NE003006,2001,308.596612,2
NE003006,2002,207.6760855,2
NE003006,2003,179.743948,2
NE003006,2004,140.3306669,2
NE003006,2005,189.662692,2
NE003006,2006,156.731766,2
NE003006,2007,187.5235996,2
NE003006,2008,264.67850699999997,2
NE003006,2009,191.941427,2
NE003006,2010,176.2730353,2
NE003006,2011,92.3576583,2
NE003006,2012,244.432341,2
NE003006,2013,179.7774573,2
NE003006,2014,165.013823,2
NE003006,2015,154.0364782,2
NE003006,2016,255.7778213,2
NE003006,2017,194.6388475,2
NE003006,2018,188.1267886,2
NE003006,2019,179.406232,2
NE003006,2020,169.56516069999998,2
NE003006,2021,238.2458153,2
NE003006,2022,264.7194757,2
NE003006,2023,134.1658512,2
NE003006,2024,259.5809655,2
NE003006,2025,209.1631252,2
NE003006,2026,119.6506612,2
NE003007,1981,129.1863922,2
NE003007,1982,101.3503619,2
NE003007,1983,80.2556284,2
NE003007,1984,59.7770302,2
NE003007,1985,78.8201983,2
NE003007,1986,99.3711168,2
NE003007,1987,60.411469999999994,2
NE003007,1988,129.4218993,2
NE003007,1989,49.6895823,2
NE003007,1990,93.5866106,2
NE003007,1991,76.2507376,2
NE003007,1992,76.0162744,2
NE003007,1993,82.41390919999999,2
NE003007,1994,93.28583270000001,2
NE003007,1995,86.9857794,2
NE003007,1996,64.4874756,2
NE003007,1997,59.7384419,2
NE003007,1998,118.40005090000001,2
NE003007,1999,74.645792,2
NE003007,2000,93.2884595,2
NE003007,2001,157.7529657,2
NE003007,2002,105.6211763,2
NE003007,2003,68.8625547,2
NE003007,2004,72.8494547,2
NE003007,2005,99.0524899,2
NE003007,2006,63.529285,2
NE003007,2007,94.2912037,2
NE003007,2008,103.3692602,2
NE003007,2009,54.105396760000005,2
NE003007,2010,128.5106825,2
NE003007,2011,58.3210205,2
NE003007,2012,86.34129300000001,2
NE003007,2013,83.88294309999999,2
NE003007,2014,71.7289363,2
NE003007,2015,70.90357780000001,2
NE003007,2016,123.30912329999998,2
NE003007,2017,128.0929352,2
NE003007,2018,85.81031130000001,2
NE003007,2019,78.5762617,2
NE003007,2020,59.1750701,2
NE003007,2021,54.7973834,2
NE003007,2022,76.7708631,2
NE003007,2023,45.3761444,2
NE003007,2024,79.0514683,2
NE003007,2025,118.55902110000001,2
NE003007,2026,37.133949099999995,2
NE003008,1981,168.1004009,2
NE003008,1982,108.01859100000001,2
NE003008,1983,111.4815863,2
NE003008,1984,93.10863069999999,2
NE003008,1985,109.73374639999999,2
NE003008,1986,146.6594346,2
NE003008,1987,93.2495596,2
NE003008,1988,191.369517,2
NE003008,1989,86.3352618,2
NE003008,1990,123.3093155,2
NE003008,1991,109.4388956,2
NE003008,1992,102.0817343,2
NE003008,1993,123.3379846,2
NE003008,1994,116.81181240000001,2
NE003008,1995,110.6564977,2
NE003008,1996,109.32496699999999,2
NE003008,1997,86.8014467,2
NE003008,1998,135.79404780000002,2
NE003008,1999,103.3916902,2
NE003008,2000,121.96906280000002,2
NE003008,2001,155.0281641,2
NE003008,2002,128.0509231,2
NE003008,2003,88.1996536,2
NE003008,2004,89.05591530000001,2
NE003008,2005,126.50229549999999,2
NE003008,2006,82.5809241,2
NE003008,2007,102.7739205,2
NE003008,2008,152.75339639999999,2
NE003008,2009,62.749325799999994,2
NE003008,2010,137.6720493,2
NE003008,2011,60.7519961,2
NE003008,2012,103.512944,2
NE003008,2013,103.0319925,2
NE003008,2014,112.73955900000001,2
NE003008,2015,87.88343120000002,2
NE003008,2016,162.7224514,2
NE003008,2017,146.5959108,2
NE003008,2018,106.106719,2
NE003008,2019,100.3703695,2
NE003008,2020,66.90963099999999,2
NE003008,2021,89.16841050000001,2
NE003008,2022,131.86848120000002,2
NE003008,2023,64.0076772,2
NE003008,2024,129.2061981,2
NE003008,2025,132.8437763,2
NE003008,2026,57.8960409,2
NE004001,1981,165.263735,2
NE004001,1982,89.0718905,2
NE004001,1983,114.47586749999999,2
NE004001,1984,101.0827187,2
NE004001,1985,111.6453877,2
NE004001,1986,114.8506459,2
NE004001,1987,88.614705,2
NE004001,1988,165.7368263,2
NE004001,1989,88.73567560000001,2
NE004001,1990,117.38625230000001,2
NE004001,1991,113.73740129999999,2
NE004001,1992,103.90492400000001,2
NE004001,1993,83.80689509999999,2
NE004001,1994,87.2274532,2
NE004001,1995,75.4440407,2
NE004001,1996,85.401084,2
NE004001,1997,121.01011079999999,2
NE004001,1998,125.0411859,2
NE004001,1999,99.76978669999998,2
NE004001,2000,94.7548186,2
NE004001,2001,144.87767499999998,2
NE004001,2002,102.0435386,2
NE004001,2003,93.6562481,2
NE004001,2004,86.82852799999999,2
NE004001,2005,134.858148,2
NE004001,2006,76.333609,2
NE004001,2007,76.45949809999999,2
NE004001,2008,97.1261985,2
NE004001,2009,77.2137746,2
NE004001,2010,131.2526762,2
NE004001,2011,69.32332579999999,2
NE004001,2012,110.7187754,2
NE004001,2013,48.175621,2
NE004001,2014,86.8342782,2
NE004001,2015,76.7801249,2
NE004001,2016,146.6550043,2
NE004001,2017,155.3184116,2
NE004001,2018,104.8239672,2
NE004001,2019,126.91100460000001,2
NE004001,2020,77.97260720000001,2
NE004001,2021,69.4296876,2
NE004001,2022,68.3912788,2
NE004001,2023,61.193367699999996,2
NE004001,2024,78.7789305,2
NE004001,2025,103.45048639999999,2
NE004001,2026,43.6992322,2
NE004002,1981,84.6148341,2
NE004002,1982,28.565202400000004,2
NE004002,1983,54.1200653,2
NE004002,1984,29.55951086,2
NE004002,1985,57.7984464,2
NE004002,1986,71.1414171,2
NE004002,1987,21.1945594,2
NE004002,1988,88.51220799999999,2
NE004002,1989,59.907895499999995,2
NE004002,1990,71.84748019999999,2
NE004002,1991,53.9421506,2
NE004002,1992,53.745592200000004,2
NE004002,1993,36.963209000000006,2
NE004002,1994,39.59091791,2
NE004002,1995,48.3585936,2
NE004002,1996,36.1866036,2
NE004002,1997,35.57670924,2
NE004002,1998,55.1865958,2
NE004002,1999,66.70971772,2
NE004002,2000,62.6265971,2
NE004002,2001,80.13017190000001,2
NE004002,2002,51.27685916,2
NE004002,2003,47.3459327,2
NE004002,2004,32.31982066,2
NE004002,2005,73.5264217,2
NE004002,2006,34.62645372000001,2
NE004002,2007,53.2652975,2
NE004002,2008,42.3632489,2
NE004002,2009,25.9005862,2
NE004002,2010,94.0179099,2
NE004002,2011,31.198043399999996,2
NE004002,2012,40.655957900000004,2
NE004002,2013,28.441509600000003,2
NE004002,2014,57.35117419,2
NE004002,2015,31.58871672,2
NE004002,2016,82.9682685,2
NE004002,2017,65.5242005,2
NE004002,2018,75.8147438,2
NE004002,2019,57.655556700000005,2
NE004002,2020,44.1257409,2
NE004002,2021,56.02310968,2
NE004002,2022,59.0876547,2
NE004002,2023,18.31031315,2
NE004002,2024,39.028136999999994,2
NE004002,2025,33.5879421,2
NE004002,2026,27.501105730000003,2
NE004003,1981,100.6988708,2
NE004003,1982,40.309896370000004,2
NE004003,1983,70.325728,2
NE004003,1984,55.709449899999996,2
NE004003,1985,60.5606728,2
NE004003,1986,75.674576,2
NE004003,1987,41.694336699999994,2
NE004003,1988,103.03511019999999,2
NE004003,1989,66.4814389,2
NE004003,1990,92.8225572,2
NE004003,1991,61.2757788,2
NE004003,1992,72.3107986,2
NE004003,1993,52.948926400000005,2
NE004003,1994,53.2620016,2
NE004003,1995,45.9066918,2
NE004003,1996,48.487633499999994,2
NE004003,1997,69.8680905,2
NE004003,1998,69.8012651,2
NE004003,1999,70.74470406000002,2
NE004003,2000,78.8040346,2
NE004003,2001,100.7728896,2
NE004003,2002,74.1870176,2
NE004003,2003,58.2933768,2
NE004003,2004,40.6260957,2
NE004003,2005,93.17014300000001,2
NE004003,2006,46.0022427,2
NE004003,2007,56.7405148,2
NE004003,2008,53.2611146,2
NE004003,2009,39.45424065,2
NE004003,2010,93.3246441,2
NE004003,2011,40.2605959,2
NE004003,2012,58.6652679,2
NE004003,2013,34.7333574,2
NE004003,2014,72.15465950000001,2
NE004003,2015,47.351463599999995,2
NE004003,2016,110.1923289,2
NE004003,2017,117.0864248,2
NE004003,2018,95.93428399999999,2
NE004003,2019,62.294224699999994,2
NE004003,2020,69.7102423,2
NE004003,2021,87.4967015,2
NE004003,2022,70.3234897,2
NE004003,2023,24.8583377,2
NE004003,2024,40.527299,2
NE004003,2025,55.8954124,2
NE004003,2026,34.317164559999995,2
NE004004,1981,180.0064697,2
NE004004,1982,98.6352301,2
NE004004,1983,124.44585029999999,2
NE004004,1984,98.67217029999999,2
NE004004,1985,119.80368440000001,2
NE004004,1986,132.8673068,2
NE004004,1987,98.24917970000001,2
NE004004,1988,152.9401808,2
NE004004,1989,92.7238463,2
NE004004,1990,128.4767143,2
NE004004,1991,125.97198399999999,2
NE004004,1992,116.620759,2
NE004004,1993,84.48670700000001,2
NE004004,1994,100.6867698,2
NE004004,1995,71.8290964,2
NE004004,1996,84.24949670000001,2
NE004004,1997,129.02380780000001,2
NE004004,1998,129.5982381,2
NE004004,1999,110.6241891,2
NE004004,2000,100.4166886,2
NE004004,2001,148.92807200000001,2
NE004004,2002,104.6816532,2
NE004004,2003,98.3641298,2
NE004004,2004,91.29905570000001,2
NE004004,2005,133.807178,2
NE004004,2006,71.8644465,2
NE004004,2007,87.02729839999999,2
NE004004,2008,112.4837877,2
NE004004,2009,80.13312020000001,2
NE004004,2010,140.92617090000002,2
NE004004,2011,80.2771245,2
NE004004,2012,130.493672,2
NE004004,2013,51.1614463,2
NE004004,2014,90.3557487,2
NE004004,2015,90.5606008,2
NE004004,2016,157.958791,2
NE004004,2017,137.67636099999999,2
NE004004,2018,107.4203474,2
NE004004,2019,135.2158236,2
NE004004,2020,73.75323379999999,2
NE004004,2021,75.9569849,2
NE004004,2022,64.1040806,2
NE004004,2023,64.8549426,2
NE004004,2024,79.0469448,2
NE004004,2025,105.0046253,2
NE004004,2026,49.739329149999996,2
NE004005,1981,145.64886330000002,2
NE004005,1982,74.1362209,2
NE004005,1983,89.1261727,2
NE004005,1984,73.5726358,2
NE004005,1985,95.18925619999999,2
NE004005,1986,88.3906052,2
NE004005,1987,75.7425745,2
NE004005,1988,148.73513559999998,2
NE004005,1989,77.63262470000001,2
NE004005,1990,102.23190739999998,2
NE004005,1991,87.2740637,2
NE004005,1992,92.1416453,2
NE004005,1993,77.2611765,2
NE004005,1994,72.5093238,2
NE004005,1995,77.7913818,2
NE004005,1996,95.137831,2
NE004005,1997,88.8268281,2
NE004005,1998,105.25218869999999,2
NE004005,1999,95.95047100000001,2
NE004005,2000,92.0872315,2
NE004005,2001,138.7151666,2
NE004005,2002,102.111922,2
NE004005,2003,85.4063899,2
NE004005,2004,68.360255,2
NE004005,2005,129.66504,2
NE004005,2006,63.3927147,2
NE004005,2007,62.3226153,2
NE004005,2008,82.3622373,2
NE004005,2009,60.721092000000006,2
NE004005,2010,117.70701849999999,2
NE004005,2011,51.990481900000006,2
NE004005,2012,77.24541669999999,2
NE004005,2013,44.410680299999996,2
NE004005,2014,79.9165009,2
NE004005,2015,75.5194294,2
NE004005,2016,151.5324157,2
NE004005,2017,201.2818307,2
NE004005,2018,98.0036819,2
NE004005,2019,89.5082642,2
NE004005,2020,86.0914789,2
NE004005,2021,67.6392406,2
NE004005,2022,96.9973248,2
NE004005,2023,46.0244295,2
NE004005,2024,66.0657521,2
NE004005,2025,96.35213669999999,2
NE004005,2026,26.37460976,2
NE004006,1981,183.2008074,2
NE004006,1982,107.2494952,2
NE004006,1983,128.4744685,2
NE004006,1984,108.96739299999999,2
NE004006,1985,123.81439219999999,2
NE004006,1986,117.91020800000001,2
NE004006,1987,101.6182503,2
NE004006,1988,220.5583682,2
NE004006,1989,105.6920835,2
NE004006,1990,107.9651908,2
NE004006,1991,120.33490450000001,2
NE004006,1992,102.79939379999999,2
NE004006,1993,110.6070728,2
NE004006,1994,106.80332920000001,2
NE004006,1995,87.4194151,2
NE004006,1996,120.5273737,2
NE004006,1997,115.70977339999999,2
NE004006,1998,145.9888072,2
NE004006,1999,115.30938699999999,2
NE004006,2000,113.7119325,2
NE004006,2001,175.36371110000002,2
NE004006,2002,116.06484999999999,2
NE004006,2003,98.2572064,2
NE004006,2004,114.55742359999999,2
NE004006,2005,151.286443,2
NE004006,2006,77.5364738,2
NE004006,2007,78.9612463,2
NE004006,2008,119.5955106,2
NE004006,2009,85.0224254,2
NE004006,2010,130.6285837,2
NE004006,2011,83.770827,2
NE004006,2012,108.6307135,2
NE004006,2013,62.0634974,2
NE004006,2014,93.07350160000001,2
NE004006,2015,91.93249899999999,2
NE004006,2016,204.12465,2
NE004006,2017,236.011127,2
NE004006,2018,114.59315609999999,2
NE004006,2019,130.9168481,2
NE004006,2020,93.12538599999999,2
NE004006,2021,87.678532,2
NE004006,2022,116.4220867,2
NE004006,2023,65.764927,2
NE004006,2024,112.2027324,2
NE004006,2025,108.92933819999999,2
NE004006,2026,42.9346049,2
NE004007,1981,159.3132008,2
NE004007,1982,84.2539449,2
NE004007,1983,96.031825,2
NE004007,1984,87.9853566,2
NE004007,1985,104.6326936,2
NE004007,1986,100.4009248,2
NE004007,1987,85.3945432,2
NE004007,1988,170.75602229999998,2
NE004007,1989,88.00315739999999,2
NE004007,1990,96.0769637,2
NE004007,1991,100.8186368,2
NE004007,1992,84.177658,2
NE004007,1993,87.1601095,2
NE004007,1994,75.5977623,2
NE004007,1995,77.8134677,2
NE004007,1996,99.92917460000001,2
NE004007,1997,101.8784838,2
NE004007,1998,121.21582020000001,2
NE004007,1999,99.1147326,2
NE004007,2000,91.976167,2
NE004007,2001,142.83561500000002,2
NE004007,2002,97.83681059999999,2
NE004007,2003,78.9546971,2
NE004007,2004,72.0322936,2
NE004007,2005,132.0788098,2
NE004007,2006,67.12659310000001,2
NE004007,2007,61.300910800000004,2
NE004007,2008,86.3355008,2
NE004007,2009,67.6663748,2
NE004007,2010,115.0061323,2
NE004007,2011,60.2219908,2
NE004007,2012,87.0602911,2
NE004007,2013,47.0670068,2
NE004007,2014,78.4842179,2
NE004007,2015,68.3314003,2
NE004007,2016,157.4579871,2
NE004007,2017,211.2801853,2
NE004007,2018,104.3853789,2
NE004007,2019,104.59645630000001,2
NE004007,2020,80.098471,2
NE004007,2021,62.6811975,2
NE004007,2022,92.5343783,2
NE004007,2023,43.4652943,2
NE004007,2024,79.24461409999999,2
NE004007,2025,106.1515803,2
NE004007,2026,31.588872,2
NE004008,1981,103.1415029,2
NE004008,1982,44.52624674,2
NE004008,1983,86.5775259,2
NE004008,1984,67.3659536,2
NE004008,1985,64.86544860000001,2
NE004008,1986,76.29645070000001,2
NE004008,1987,51.525972100000004,2
NE004008,1988,97.1771355,2
NE004008,1989,64.2811725,2
NE004008,1990,96.86230929999999,2
NE004008,1991,86.1153635,2
NE004008,1992,78.8388104,2
NE004008,1993,53.1948456,2
NE004008,1994,63.5631662,2
NE004008,1995,50.987552599999994,2
NE004008,1996,52.2326851,2
NE004008,1997,91.66507920000001,2
NE004008,1998,79.2675027,2
NE004008,1999,71.3413172,2
NE004008,2000,78.71318109999999,2
NE004008,2001,114.48911000000001,2
NE004008,2002,73.4988575,2
NE004008,2003,70.3096648,2
NE004008,2004,46.0621268,2
NE004008,2005,102.7733905,2
NE004008,2006,50.4717358,2
NE004008,2007,69.5420523,2
NE004008,2008,54.570474499999996,2
NE004008,2009,47.790920400000005,2
NE004008,2010,108.7972611,2
NE004008,2011,48.4904531,2
NE004008,2012,70.4985884,2
NE004008,2013,38.4961736,2
NE004008,2014,82.94378339999999,2
NE004008,2015,49.3643742,2
NE004008,2016,112.8617477,2
NE004008,2017,104.6981199,2
NE004008,2018,91.9434294,2
NE004008,2019,76.5501143,2
NE004008,2020,77.4067416,2
NE004008,2021,93.96367860000001,2
NE004008,2022,60.24952030000001,2
NE004008,2023,33.627114469999995,2
NE004008,2024,51.2258343,2
NE004008,2025,60.695710500000004,2
NE004008,2026,35.150735,2
NE004009,1981,132.0663532,2
NE004009,1982,67.9760659,2
NE004009,1983,106.075006,2
NE004009,1984,76.916804,2
NE004009,1985,83.25032850000001,2
NE004009,1986,87.84737770000001,2
NE004009,1987,59.786391200000004,2
NE004009,1988,101.01077140000001,2
NE004009,1989,81.57136160000002,2
NE004009,1990,107.51852579999999,2
NE004009,1991,91.3706578,2
NE004009,1992,98.1551619,2
NE004009,1993,61.712541599999994,2
NE004009,1994,76.7278136,2
NE004009,1995,53.8793331,2
NE004009,1996,59.0792695,2
NE004009,1997,102.3568693,2
NE004009,1998,94.713804,2
NE004009,1999,94.6621555,2
NE004009,2000,88.9365718,2
NE004009,2001,134.54356769999998,2
NE004009,2002,88.2916378,2
NE004009,2003,86.2455467,2
NE004009,2004,57.525599199999995,2
NE004009,2005,104.8932671,2
NE004009,2006,56.7926432,2
NE004009,2007,87.8088263,2
NE004009,2008,77.37032590000001,2
NE004009,2009,48.24635036,2
NE004009,2010,136.6589088,2
NE004009,2011,60.641770199999996,2
NE004009,2012,95.7092437,2
NE004009,2013,45.7484592,2
NE004009,2014,91.9469072,2
NE004009,2015,62.5701209,2
NE004009,2016,143.269442,2
NE004009,2017,106.40325430000001,2
NE004009,2018,96.6714439,2
NE004009,2019,104.83284900000001,2
NE004009,2020,64.9525873,2
NE004009,2021,99.2029696,2
NE004009,2022,53.867582299999995,2
NE004009,2023,52.5710548,2
NE004009,2024,64.0048232,2
NE004009,2025,77.0051584,2
NE004009,2026,43.04975777,2
NE005001,1981,94.5020735,2
NE005001,1982,26.783518100000002,2
NE005001,1983,49.58091230000001,2
NE005001,1984,24.68812765,2
NE005001,1985,49.6637827,2
NE005001,1986,69.4737612,2
NE005001,1987,19.793628050000002,2
NE005001,1988,79.0924378,2
NE005001,1989,45.7971218,2
NE005001,1990,68.2342752,2
NE005001,1991,46.8886607,2
NE005001,1992,48.42865020000001,2
NE005001,1993,48.83865779999999,2
NE005001,1994,40.2941875,2
NE005001,1995,45.051097799999994,2
NE005001,1996,36.392240900000004,2
NE005001,1997,34.179249060000004,2
NE005001,1998,53.8430469,2
NE005001,1999,61.25623866,2
NE005001,2000,56.8033501,2
NE005001,2001,59.8628553,2
NE005001,2002,55.55699480999999,2
NE005001,2003,49.6635587,2
NE005001,2004,35.5684383,2
NE005001,2005,62.913679300000005,2
NE005001,2006,29.1300587,2
NE005001,2007,50.1039615,2
NE005001,2008,39.69648263,2
NE005001,2009,27.69851643,2
NE005001,2010,87.9119647,2
NE005001,2011,33.885395439999996,2
NE005001,2012,44.09380147,2
NE005001,2013,30.054108839999998,2
NE005001,2014,35.10139358,2
NE005001,2015,32.5147262,2
NE005001,2016,80.57674060000001,2
NE005001,2017,71.065943,2
NE005001,2018,59.7111736,2
NE005001,2019,46.0933542,2
NE005001,2020,42.593085599999995,2
NE005001,2021,42.6640457,2
NE005001,2022,48.4376484,2
NE005001,2023,21.15396982,2
NE005001,2024,37.441240300000004,2
NE005001,2025,26.892244400000003,2
NE005001,2026,26.3143828,2
NE005002,1981,111.274681,2
NE005002,1982,57.799094800000006,2
NE005002,1983,80.4669439,2
NE005002,1984,44.6322368,2
NE005002,1985,64.1855162,2
NE005002,1986,79.32045600000001,2
NE005002,1987,45.8164582,2
NE005002,1988,80.7033629,2
NE005002,1989,41.81310156,2
NE005002,1990,97.182875,2
NE005002,1991,66.3348149,2
NE005002,1992,52.70232059999999,2
NE005002,1993,55.7574317,2
NE005002,1994,57.658476,2
NE005002,1995,52.3354426,2
NE005002,1996,43.927623940000004,2
NE005002,1997,49.474568,2
NE005002,1998,67.3228617,2
NE005002,1999,65.9433272,2
NE005002,2000,94.07732060000001,2
NE005002,2001,90.7039662,2
NE005002,2002,72.72374489999999,2
NE005002,2003,61.094360800000004,2
NE005002,2004,44.5587298,2
NE005002,2005,74.10414119999999,2
NE005002,2006,43.154399,2
NE005002,2007,73.57914960000001,2
NE005002,2008,59.3036779,2
NE005002,2009,43.6794062,2
NE005002,2010,99.6072063,2
NE005002,2011,38.40334224,2
NE005002,2012,74.324645,2
NE005002,2013,39.440490499999996,2
NE005002,2014,45.7263295,2
NE005002,2015,51.381689300000005,2
NE005002,2016,101.08508,2
NE005002,2017,107.9451444,2
NE005002,2018,83.2700908,2
NE005002,2019,56.946773400000005,2
NE005002,2020,66.9453185,2
NE005002,2021,48.151857899999996,2
NE005002,2022,63.9075853,2
NE005002,2023,27.9927333,2
NE005002,2024,41.5734469,2
NE005002,2025,51.106903300000006,2
NE005002,2026,22.704648759999998,2
NE005003,1981,134.7702414,2
NE005003,1982,74.1299981,2
NE005003,1983,88.9672114,2
NE005003,1984,54.5042039,2
NE005003,1985,74.53276220000001,2
NE005003,1986,94.9443982,2
NE005003,1987,68.213262,2
NE005003,1988,121.7299433,2
NE005003,1989,63.512257999999996,2
NE005003,1990,90.0115785,2
NE005003,1991,82.691191,2
NE005003,1992,82.6372255,2
NE005003,1993,79.96419270000001,2
NE005003,1994,74.76441249999999,2
NE005003,1995,77.2091918,2
NE005003,1996,54.045319,2
NE005003,1997,79.4808804,2
NE005003,1998,96.6171459,2
NE005003,1999,88.01091290000001,2
NE005003,2000,138.0733893,2
NE005003,2001,169.4708408,2
NE005003,2002,114.731465,2
NE005003,2003,80.2958778,2
NE005003,2004,62.04220300000001,2
NE005003,2005,107.31599069999999,2
NE005003,2006,55.1262256,2
NE005003,2007,86.22416150000001,2
NE005003,2008,79.94574589999999,2
NE005003,2009,50.931178329999995,2
NE005003,2010,126.48634799999999,2
NE005003,2011,55.41449840000001,2
NE005003,2012,77.3024272,2
NE005003,2013,59.36579,2
NE005003,2014,71.6926139,2
NE005003,2015,75.9695896,2
NE005003,2016,126.12040580000001,2
NE005003,2017,125.52516680000001,2
NE005003,2018,96.07495029999998,2
NE005003,2019,69.508807,2
NE005003,2020,98.9489379,2
NE005003,2021,74.136893,2
NE005003,2022,133.224066,2
NE005003,2023,28.7002789,2
NE005003,2024,68.1051755,2
NE005003,2025,72.7186775,2
NE005003,2026,32.8589966,2
NE005004,1981,147.9486052,2
NE005004,1982,75.67173310000001,2
NE005004,1983,95.0538046,2
NE005004,1984,62.5440608,2
NE005004,1985,84.56896610000001,2
NE005004,1986,120.6729163,2
NE005004,1987,51.68619819999999,2
NE005004,1988,129.56613299999998,2
NE005004,1989,70.2346659,2
NE005004,1990,92.2833892,2
NE005004,1991,69.2242552,2
NE005004,1992,94.6402652,2
NE005004,1993,73.187226,2
NE005004,1994,73.4923047,2
NE005004,1995,69.4985587,2
NE005004,1996,66.8436926,2
NE005004,1997,70.5289269,2
NE005004,1998,74.7045635,2
NE005004,1999,98.0288709,2
NE005004,2000,96.843109,2
NE005004,2001,108.64091379999999,2
NE005004,2002,94.8452856,2
NE005004,2003,82.2281878,2
NE005004,2004,58.0599649,2
NE005004,2005,104.28513360000001,2
NE005004,2006,55.2633576,2
NE005004,2007,79.3747458,2
NE005004,2008,65.98937459999999,2
NE005004,2009,48.618169699999996,2
NE005004,2010,111.2894483,2
NE005004,2011,68.7716185,2
NE005004,2012,89.3052206,2
NE005004,2013,46.76908616,2
NE005004,2014,85.4921119,2
NE005004,2015,65.1549167,2
NE005004,2016,135.8694523,2
NE005004,2017,133.0594299,2
NE005004,2018,106.78483739999999,2
NE005004,2019,85.04604660000001,2
NE005004,2020,90.21486949999999,2
NE005004,2021,82.09932330000001,2
NE005004,2022,102.3888618,2
NE005004,2023,42.5675497,2
NE005004,2024,72.5809775,2
NE005004,2025,74.0439776,2
NE005004,2026,41.442806000000004,2
NE005005,1981,146.478337,2
NE005005,1982,84.06543909999999,2
NE005005,1983,99.1444118,2
NE005005,1984,59.4060747,2
NE005005,1985,70.9570262,2
NE005005,1986,103.3406898,2
NE005005,1987,68.7128391,2
NE005005,1988,105.5662767,2
NE005005,1989,57.178592300000005,2
NE005005,1990,87.67020000000001,2
NE005005,1991,74.0238185,2
NE005005,1992,84.135088,2
NE005005,1993,73.9984516,2
NE005005,1994,72.9826577,2
NE005005,1995,68.53710699999999,2
NE005005,1996,58.03555,2
NE005005,1997,66.9207723,2
NE005005,1998,79.10206769999999,2
NE005005,1999,74.5246216,2
NE005005,2000,94.23615559999999,2
NE005005,2001,101.850955,2
NE005005,2002,90.93745200000001,2
NE005005,2003,80.9859937,2
NE005005,2004,64.5644021,2
NE005005,2005,93.1202102,2
NE005005,2006,50.9694245,2
NE005005,2007,90.1298525,2
NE005005,2008,71.4271877,2
NE005005,2009,53.744285000000005,2
NE005005,2010,108.0658141,2
NE005005,2011,58.519236400000004,2
NE005005,2012,92.2949472,2
NE005005,2013,53.668372500000004,2
NE005005,2014,66.67952639999999,2
NE005005,2015,64.8177937,2
NE005005,2016,104.45182910000001,2
NE005005,2017,120.8132135,2
NE005005,2018,92.62173680000001,2
NE005005,2019,88.29776430000001,2
NE005005,2020,95.2877338,2
NE005005,2021,77.611269,2
NE005005,2022,96.1926749,2
NE005005,2023,39.5817591,2
NE005005,2024,61.9116927,2
NE005005,2025,57.0578432,2
NE005005,2026,33.76391694,2
NE005006,1981,156.5715792,2
NE005006,1982,79.5971201,2
NE005006,1983,90.9836521,2
NE005006,1984,58.6625121,2
NE005006,1985,83.0570998,2
NE005006,1986,115.8807523,2
NE005006,1987,50.139732699999996,2
NE005006,1988,113.2726968,2
NE005006,1989,69.9277669,2
NE005006,1990,97.7908784,2
NE005006,1991,62.2873784,2
NE005006,1992,88.43544700000001,2
NE005006,1993,85.50512889999999,2
NE005006,1994,80.89113840000002,2
NE005006,1995,77.3763184,2
NE005006,1996,70.5031396,2
NE005006,1997,63.2066918,2
NE005006,1998,81.7382962,2
NE005006,1999,90.20624149999999,2
NE005006,2000,90.3528175,2
NE005006,2001,107.04078,2
NE005006,2002,75.3593627,2
NE005006,2003,92.9350469,2
NE005006,2004,67.451994,2
NE005006,2005,106.61826599999999,2
NE005006,2006,56.269806900000006,2
NE005006,2007,95.60404199999999,2
NE005006,2008,67.7765185,2
NE005006,2009,58.7413413,2
NE005006,2010,115.66415980000001,2
NE005006,2011,65.69797679999999,2
NE005006,2012,87.507621,2
NE005006,2013,47.482926500000005,2
NE005006,2014,71.3726307,2
NE005006,2015,64.0764226,2
NE005006,2016,137.1314966,2
NE005006,2017,126.31770230000001,2
NE005006,2018,103.7337243,2
NE005006,2019,87.6289148,2
NE005006,2020,82.1361245,2
NE005006,2021,75.2406684,2
NE005006,2022,93.1311513,2
NE005006,2023,52.0009987,2
NE005006,2024,69.65404480000001,2
NE005006,2025,59.5172807,2
NE005006,2026,47.04837239999999,2
NE005007,1981,160.8855019,2
NE005007,1982,76.75565010000001,2
NE005007,1983,94.455904,2
NE005007,1984,62.4684213,2
NE005007,1985,77.7130226,2
NE005007,1986,97.1037637,2
NE005007,1987,60.04361279999999,2
NE005007,1988,128.2763952,2
NE005007,1989,65.0752494,2
NE005007,1990,87.3527802,2
NE005007,1991,66.920577,2
NE005007,1992,99.49041009999999,2
NE005007,1993,69.9958297,2
NE005007,1994,74.8791981,2
NE005007,1995,66.60787350000001,2
NE005007,1996,72.9885605,2
NE005007,1997,75.7693862,2
NE005007,1998,89.1034686,2
NE005007,1999,104.69462250000001,2
NE005007,2000,99.3444436,2
NE005007,2001,130.6881168,2
NE005007,2002,98.478971,2
NE005007,2003,78.8062876,2
NE005007,2004,67.2733855,2
NE005007,2005,101.28242039999999,2
NE005007,2006,55.83905970000001,2
NE005007,2007,76.18135129999999,2
NE005007,2008,67.6744585,2
NE005007,2009,38.349870960000004,2
NE005007,2010,118.67299550000001,2
NE005007,2011,57.3595069,2
NE005007,2012,74.6800393,2
NE005007,2013,48.7941946,2
NE005007,2014,78.5090372,2
NE005007,2015,75.7975253,2
NE005007,2016,142.453937,2
NE005007,2017,141.63978699999998,2
NE005007,2018,98.4444773,2
NE005007,2019,76.9203908,2
NE005007,2020,105.8894828,2
NE005007,2021,82.2562775,2
NE005007,2022,117.0050687,2
NE005007,2023,36.7404478,2
NE005007,2024,72.54937559999999,2
NE005007,2025,79.8434312,2
NE005007,2026,24.103202449999998,2
NE005008,1981,195.89205729999998,2
NE005008,1982,97.725076,2
NE005008,1983,110.3804123,2
NE005008,1984,66.0742925,2
NE005008,1985,84.02170759999998,2
NE005008,1986,121.72906230000001,2
NE005008,1987,84.0939453,2
NE005008,1988,135.5425304,2
NE005008,1989,70.0620691,2
NE005008,1990,83.630132,2
NE005008,1991,85.1461553,2
NE005008,1992,105.14020050000002,2
NE005008,1993,90.42422880000001,2
NE005008,1994,98.25114210000001,2
NE005008,1995,72.7010694,2
NE005008,1996,85.3902119,2
NE005008,1997,88.23232340000001,2
NE005008,1998,106.36552899999998,2
NE005008,1999,105.1228263,2
NE005008,2000,117.0676239,2
NE005008,2001,145.5803287,2
NE005008,2002,129.194707,2
NE005008,2003,100.76190030000001,2
NE005008,2004,75.9480245,2
NE005008,2005,122.76239799999999,2
NE005008,2006,66.0036366,2
NE005008,2007,93.84901920000001,2
NE005008,2008,85.1659134,2
NE005008,2009,51.5719067,2
NE005008,2010,136.489182,2
NE005008,2011,75.31730400000001,2
NE005008,2012,90.5784458,2
NE005008,2013,65.3931617,2
NE005008,2014,81.0648345,2
NE005008,2015,85.52952850000001,2
NE005008,2016,142.7451573,2
NE005008,2017,131.58100380000002,2
NE005008,2018,103.0128545,2
NE005008,2019,106.15361469999999,2
NE005008,2020,122.66069990000001,2
NE005008,2021,92.0157308,2
NE005008,2022,139.207961,2
NE005008,2023,43.36795474,2
NE005008,2024,93.68449939999999,2
NE005008,2025,76.42616249999999,2
NE005008,2026,30.76196314,2
NE005009,1981,118.473927,2
NE005009,1982,53.9986269,2
NE005009,1983,66.5422944,2
NE005009,1984,42.725418399999995,2
NE005009,1985,57.4934103,2
NE005009,1986,77.2812973,2
NE005009,1987,44.92590285,2
NE005009,1988,74.23598700000001,2
NE005009,1989,49.4616377,2
NE005009,1990,69.7515967,2
NE005009,1991,57.7213233,2
NE005009,1992,52.8640642,2
NE005009,1993,57.312495,2
NE005009,1994,55.3987754,2
NE005009,1995,55.7181608,2
NE005009,1996,57.637623399999995,2
NE005009,1997,42.14541345000001,2
NE005009,1998,61.3875199,2
NE005009,1999,56.80481082,2
NE005009,2000,62.327587199999996,2
NE005009,2001,72.969944,2
NE005009,2002,53.6541531,2
NE005009,2003,63.2199221,2
NE005009,2004,46.5674087,2
NE005009,2005,78.2692441,2
NE005009,2006,38.36911565,2
NE005009,2007,73.6600464,2
NE005009,2008,47.4970766,2
NE005009,2009,36.982525769999995,2
NE005009,2010,83.3265233,2
NE005009,2011,39.90423965,2
NE005009,2012,67.1200238,2
NE005009,2013,33.79486087,2
NE005009,2014,35.676012,2
NE005009,2015,48.780036100000004,2
NE005009,2016,88.3934573,2
NE005009,2017,107.27484,2
NE005009,2018,63.2512889,2
NE005009,2019,66.3890175,2
NE005009,2020,45.055292800000004,2
NE005009,2021,48.9349066,2
NE005009,2022,49.675853700000005,2
NE005009,2023,33.081799950000004,2
NE005009,2024,36.659703400000005,2
NE005009,2025,33.513690499999996,2
NE005009,2026,29.741117700000004,2
NE005010,1981,18.612369119999997,2
NE005010,1982,6.366319600000001,2
NE005010,1983,14.80848816,2
NE005010,1984,5.067003580000001,2
NE005010,1985,12.18600635,2
NE005010,1986,14.73627015,2
NE005010,1987,8.47303874,2
NE005010,1988,21.67349815,2
NE005010,1989,14.954696420000001,2
NE005010,1990,12.84280455,2
NE005010,1991,17.12784658,2
NE005010,1992,17.31657322,2
NE005010,1993,9.64363458,2
NE005010,1994,8.41720319,2
NE005010,1995,13.33617784,2
NE005010,1996,8.49965973,2
NE005010,1997,6.14452262,2
NE005010,1998,10.65078658,2
NE005010,1999,15.63058032,2
NE005010,2000,20.9592484,2
NE005010,2001,13.24099062,2
NE005010,2002,19.47008752,2
NE005010,2003,14.99538317,2
NE005010,2004,9.28700522,2
NE005010,2005,18.80140555,2
NE005010,2006,5.09458723,2
NE005010,2007,11.50341733,2
NE005010,2008,11.63744762,2
NE005010,2009,8.17768411,2
NE005010,2010,72.4686066,2
NE005010,2011,8.50399266,2
NE005010,2012,18.43694603,2
NE005010,2013,5.86273036,2
NE005010,2014,4.602728264,2
NE005010,2015,13.57435878,2
NE005010,2016,24.594135639999998,2
NE005010,2017,21.647550770000002,2
NE005010,2018,16.57336353,2
NE005010,2019,13.55158517,2
NE005010,2020,8.40093526,2
NE005010,2021,9.236048140000001,2
NE005010,2022,9.81249248,2
NE005010,2023,4.66765219,2
NE005010,2024,5.79788231,2
NE005010,2025,7.594525030000001,2
NE005010,2026,8.56229129,2
NE005011,1981,70.3061635,2
NE005011,1982,22.97667295,2
NE005011,1983,38.96330754,2
NE005011,1984,23.471524260000002,2
NE005011,1985,38.5626905,2
NE005011,1986,39.882347599999996,2
NE005011,1987,23.12023172,2
NE005011,1988,70.0080287,2
NE005011,1989,37.87632017,2
NE005011,1990,45.0904642,2
NE005011,1991,39.144746,2
NE005011,1992,47.381728,2
NE005011,1993,39.012895500000006,2
NE005011,1994,30.4761979,2
NE005011,1995,35.83721995,2
NE005011,1996,28.23947443,2
NE005011,1997,26.363521749999997,2
NE005011,1998,42.05300930000001,2
NE005011,1999,53.513859079999996,2
NE005011,2000,41.767912499999994,2
NE005011,2001,44.1008816,2
NE005011,2002,48.284171300000004,2
NE005011,2003,40.6364082,2
NE005011,2004,30.49514688,2
NE005011,2005,52.28710649999999,2
NE005011,2006,21.01755694,2
NE005011,2007,37.84581133,2
NE005011,2008,33.733064569999996,2
NE005011,2009,21.40958218,2
NE005011,2010,73.129609,2
NE005011,2011,29.438739,2
NE005011,2012,38.464075199999996,2
NE005011,2013,24.5572942,2
NE005011,2014,19.8055583,2
NE005011,2015,31.972864,2
NE005011,2016,64.8459515,2
NE005011,2017,60.49493199999999,2
NE005011,2018,39.778743739999996,2
NE005011,2019,42.4647629,2
NE005011,2020,30.261828799999996,2
NE005011,2021,31.2391271,2
NE005011,2022,34.82503587,2
NE005011,2023,16.66170855,2
NE005011,2024,27.076402199999997,2
NE005011,2025,20.7886095,2
NE005011,2026,24.616808029999998,2
NE005012,1981,69.2545729,2
NE005012,1982,23.34463084,2
NE005012,1983,40.600789899999995,2
NE005012,1984,23.259535949999997,2
NE005012,1985,30.74060707,2
NE005012,1986,32.5710241,2
NE005012,1987,20.7011735,2
NE005012,1988,55.4928192,2
NE005012,1989,28.719261599999996,2
NE005012,1990,37.8165403,2
NE005012,1991,34.7005945,2
NE005012,1992,34.8016936,2
NE005012,1993,30.2043033,2
NE005012,1994,33.41809626,2
NE005012,1995,32.64451775,2
NE005012,1996,26.541465600000002,2
NE005012,1997,23.0201433,2
NE005012,1998,37.3437903,2
NE005012,1999,39.57318267,2
NE005012,2000,33.567131260000004,2
NE005012,2001,36.61456235,2
NE005012,2002,34.6355571,2
NE005012,2003,27.98899044,2
NE005012,2004,25.847304800000003,2
NE005012,2005,43.481886700000004,2
NE005012,2006,18.9229558,2
NE005012,2007,36.3503721,2
NE005012,2008,24.655504030000003,2
NE005012,2009,17.70197873,2
NE005012,2010,84.06837159999999,2
NE005012,2011,25.243699139999997,2
NE005012,2012,33.72899775,2
NE005012,2013,17.1175442,2
NE005012,2014,14.427057340000001,2
NE005012,2015,26.79063773,2
NE005012,2016,49.1454272,2
NE005012,2017,57.189550929999996,2
NE005012,2018,31.88649235,2
NE005012,2019,35.1795633,2
NE005012,2020,19.336954499999997,2
NE005012,2021,24.18925125,2
NE005012,2022,21.74615127,2
NE005012,2023,16.76948914,2
NE005012,2024,21.15033635,2
NE005012,2025,15.772572,2
NE005012,2026,19.13673876,2
NE005013,1981,140.62796450000002,2
NE005013,1982,62.7739533,2
NE005013,1983,75.7328325,2
NE005013,1984,51.8599615,2
NE005013,1985,63.210096500000006,2
NE005013,1986,93.28043900000002,2
NE005013,1987,53.6681286,2
NE005013,1988,78.4548307,2
NE005013,1989,57.1959436,2
NE005013,1990,70.1583573,2
NE005013,1991,47.9182479,2
NE005013,1992,55.8391137,2
NE005013,1993,68.232287,2
NE005013,1994,57.730358100000004,2
NE005013,1995,65.94862880000001,2
NE005013,1996,64.1792439,2
NE005013,1997,56.290872500000006,2
NE005013,1998,63.4439255,2
NE005013,1999,55.01952031,2
NE005013,2000,78.5607243,2
NE005013,2001,84.4631898,2
NE005013,2002,62.5637908,2
NE005013,2003,79.6335043,2
NE005013,2004,48.90632539999999,2
NE005013,2005,85.79204630000001,2
NE005013,2006,42.4062244,2
NE005013,2007,86.7587209,2
NE005013,2008,53.9694901,2
NE005013,2009,44.9642606,2
NE005013,2010,86.86341200000001,2
NE005013,2011,45.4324805,2
NE005013,2012,79.4640315,2
NE005013,2013,38.03521644,2
NE005013,2014,43.2549942,2
NE005013,2015,54.1355012,2
NE005013,2016,106.3262802,2
NE005013,2017,122.3636873,2
NE005013,2018,70.1393564,2
NE005013,2019,69.0338002,2
NE005013,2020,53.9929453,2
NE005013,2021,60.206661600000004,2
NE005013,2022,62.1383817,2
NE005013,2023,40.096990500000004,2
NE005013,2024,41.0724919,2
NE005013,2025,37.37202344,2
NE005013,2026,31.48580495,2
NE006001,1981,110.13795249999998,2
NE006001,1982,48.5196208,2
NE006001,1983,52.9525741,2
NE006001,1984,28.4023732,2
NE006001,1985,45.0915927,2
NE006001,1986,57.767620599999994,2
NE006001,1987,26.3411052,2
NE006001,1988,60.4554005,2
NE006001,1989,28.672845059999997,2
NE006001,1990,64.1581458,2
NE006001,1991,64.7888548,2
NE006001,1992,41.318769599999996,2
NE006001,1993,46.44409650000001,2
NE006001,1994,42.8645841,2
NE006001,1995,49.826139,2
NE006001,1996,37.165898600000006,2
NE006001,1997,26.426718140000002,2
NE006001,1998,66.9204249,2
NE006001,1999,55.47826186,2
NE006001,2000,38.582096,2
NE006001,2001,54.4008868,2
NE006001,2002,52.89519000000001,2
NE006001,2003,43.89527667,2
NE006001,2004,37.3400106,2
NE006001,2005,64.2123507,2
NE006001,2006,26.38177275,2
NE006001,2007,56.541369499999995,2
NE006001,2008,32.8138432,2
NE006001,2009,25.143755929999998,2
NE006001,2010,87.699271,2
NE006001,2011,29.173690299999997,2
NE006001,2012,54.4819701,2
NE006001,2013,31.33901537,2
NE006001,2014,22.21613036,2
NE006001,2015,42.4794224,2
NE006001,2016,67.0415318,2
NE006001,2017,89.6770454,2
NE006001,2018,39.8465944,2
NE006001,2019,43.5899987,2
NE006001,2020,34.99327297,2
NE006001,2021,21.534782629999995,2
NE006001,2022,37.7572135,2
NE006001,2023,23.61592547,2
NE006001,2024,29.3263663,2
NE006001,2025,42.2951015,2
NE006001,2026,26.380630699999998,2
NE006002,1981,104.66759230000001,2
NE006002,1982,67.3866283,2
NE006002,1983,57.8773757,2
NE006002,1984,23.773633529999998,2
NE006002,1985,75.1099074,2
NE006002,1986,95.604527,2
NE006002,1987,31.3362337,2
NE006002,1988,87.66275499999999,2
NE006002,1989,46.088237500000005,2
NE006002,1990,98.27431829999999,2
NE006002,1991,62.963193600000004,2
NE006002,1992,51.0289834,2
NE006002,1993,75.02297580000001,2
NE006002,1994,34.9931897,2
NE006002,1995,99.5691762,2
NE006002,1996,40.96099056,2
NE006002,1997,41.1685614,2
NE006002,1998,76.3476798,2
NE006002,1999,80.99460930000001,2
NE006002,2000,59.201571200000004,2
NE006002,2001,101.7184958,2
NE006002,2002,64.34382,2
NE006002,2003,107.4598356,2
NE006002,2004,47.163118499999996,2
NE006002,2005,76.5947575,2
NE006002,2006,32.3406917,2
NE006002,2007,67.19537700000001,2
NE006002,2008,29.384411200000002,2
NE006002,2009,42.223782799999995,2
NE006002,2010,69.469943,2
NE006002,2011,41.80130774,2
NE006002,2012,88.4251581,2
NE006002,2013,34.88944016,2
NE006002,2014,24.839603099999998,2
NE006002,2015,41.412663800000004,2
NE006002,2016,82.4552311,2
NE006002,2017,85.0849911,2
NE006002,2018,32.90270015,2
NE006002,2019,43.37386013,2
NE006002,2020,46.0819838,2
NE006002,2021,31.588518,2
NE006002,2022,46.6130718,2
NE006002,2023,20.00440137,2
NE006002,2024,36.2868855,2
NE006002,2025,75.37455209999999,2
NE006002,2026,28.871499800000002,2
NE006003,1981,130.15227819999998,2
NE006003,1982,91.8301506,2
NE006003,1983,59.1330841,2
NE006003,1984,47.2781811,2
NE006003,1985,84.1171571,2
NE006003,1986,102.7588537,2
NE006003,1987,49.403494269999996,2
NE006003,1988,98.3498399,2
NE006003,1989,53.060452299999994,2
NE006003,1990,76.3051084,2
NE006003,1991,75.65243009999999,2
NE006003,1992,83.26015000000001,2
NE006003,1993,66.142468,2
NE006003,1994,87.78008120000001,2
NE006003,1995,78.9944307,2
NE006003,1996,53.285882099999995,2
NE006003,1997,48.83611777,2
NE006003,1998,113.89655359999999,2
NE006003,1999,60.235532500000005,2
NE006003,2000,66.2402718,2
NE006003,2001,150.5792996,2
NE006003,2002,103.77514590000001,2
NE006003,2003,73.6355904,2
NE006003,2004,64.7292032,2
NE006003,2005,89.2263385,2
NE006003,2006,63.2524286,2
NE006003,2007,108.29605179999999,2
NE006003,2008,75.9139378,2
NE006003,2009,60.4307719,2
NE006003,2010,110.2151243,2
NE006003,2011,51.507463900000005,2
NE006003,2012,77.8503035,2
NE006003,2013,78.1573852,2
NE006003,2014,60.168855199999996,2
NE006003,2015,48.8134345,2
NE006003,2016,127.524798,2
NE006003,2017,114.09569300000001,2
NE006003,2018,65.4859325,2
NE006003,2019,71.75567520000001,2
NE006003,2020,47.12904270000001,2
NE006003,2021,39.0919622,2
NE006003,2022,82.16922930000001,2
NE006003,2023,40.5141959,2
NE006003,2024,70.3077916,2
NE006003,2025,94.5996184,2
NE006003,2026,35.0518725,2
NE006004,1981,93.621785,2
NE006004,1982,64.3395611,2
NE006004,1983,48.3111461,2
NE006004,1984,23.63658153,2
NE006004,1985,45.4531424,2
NE006004,1986,52.4095976,2
NE006004,1987,19.086486649999998,2
NE006004,1988,64.12011989999999,2
NE006004,1989,35.1623397,2
NE006004,1990,61.672071800000005,2
NE006004,1991,64.3550797,2
NE006004,1992,44.53629420000001,2
NE006004,1993,66.0283175,2
NE006004,1994,27.639853,2
NE006004,1995,70.5533495,2
NE006004,1996,37.2826987,2
NE006004,1997,29.035944899999997,2
NE006004,1998,78.1595556,2
NE006004,1999,58.79076606,2
NE006004,2000,34.73773576,2
NE006004,2001,47.1920481,2
NE006004,2002,57.2840588,2
NE006004,2003,52.0634781,2
NE006004,2004,46.801725700000006,2
NE006004,2005,66.5111727,2
NE006004,2006,26.96287553,2
NE006004,2007,55.849233600000005,2
NE006004,2008,32.6127307,2
NE006004,2009,30.287532730000002,2
NE006004,2010,86.2250718,2
NE006004,2011,37.5970085,2
NE006004,2012,68.0649188,2
NE006004,2013,37.21464675,2
NE006004,2014,18.4264232,2
NE006004,2015,39.0858457,2
NE006004,2016,63.217447500000006,2
NE006004,2017,85.7686194,2
NE006004,2018,30.662065,2
NE006004,2019,32.58855,2
NE006004,2020,35.19865135,2
NE006004,2021,21.279607300000002,2
NE006004,2022,31.42555475,2
NE006004,2023,18.59573065,2
NE006004,2024,27.425346669999996,2
NE006004,2025,47.550253500000004,2
NE006004,2026,27.498253940000005,2
NE006005,1981,123.79796960000002,2
NE006005,1982,87.68145369999999,2
NE006005,1983,70.40890189999999,2
NE006005,1984,26.130080559999996,2
NE006005,1985,80.85079479999999,2
NE006005,1986,120.4264588,2
NE006005,1987,35.5121309,2
NE006005,1988,94.8109188,2
NE006005,1989,55.8826917,2
NE006005,1990,103.9429911,2
NE006005,1991,100.90883229999999,2
NE006005,1992,79.992846,2
NE006005,1993,86.46146820000001,2
NE006005,1994,72.0633262,2
NE006005,1995,100.7398794,2
NE006005,1996,54.41971889999999,2
NE006005,1997,46.184501499999996,2
NE006005,1998,87.483884,2
NE006005,1999,98.1819633,2
NE006005,2000,77.2022428,2
NE006005,2001,175.20392180000002,2
NE006005,2002,86.0393454,2
NE006005,2003,127.17719890000001,2
NE006005,2004,49.673239699999996,2
NE006005,2005,93.99063989999999,2
NE006005,2006,43.374419800000005,2
NE006005,2007,89.3116025,2
NE006005,2008,46.13014013,2
NE006005,2009,45.76400966,2
NE006005,2010,82.9103006,2
NE006005,2011,54.33797763,2
NE006005,2012,96.1555692,2
NE006005,2013,43.6675556,2
NE006005,2014,41.0314809,2
NE006005,2015,45.543790699999995,2
NE006005,2016,97.33640899999999,2
NE006005,2017,106.625911,2
NE006005,2018,41.8035575,2
NE006005,2019,53.134403400000004,2
NE006005,2020,64.6087325,2
NE006005,2021,35.89077693,2
NE006005,2022,50.707102,2
NE006005,2023,32.842833999999996,2
NE006005,2024,50.9522335,2
NE006005,2025,85.0104072,2
NE006005,2026,48.04023180000001,2
NE006006,1981,111.7193942,2
NE006006,1982,76.57029659999999,2
NE006006,1983,69.1281558,2
NE006006,1984,36.02316804,2
NE006006,1985,72.0971222,2
NE006006,1986,76.87912659999999,2
NE006006,1987,36.937636069999996,2
NE006006,1988,83.1318796,2
NE006006,1989,35.776640400000005,2
NE006006,1990,86.9614732,2
NE006006,1991,70.9238508,2
NE006006,1992,58.5415036,2
NE006006,1993,63.90644239999999,2
NE006006,1994,63.7583006,2
NE006006,1995,58.570038,2
NE006006,1996,51.680021200000006,2
NE006006,1997,37.9618398,2
NE006006,1998,98.5989337,2
NE006006,1999,62.35568315,2
NE006006,2000,82.92863870000001,2
NE006006,2001,110.9900324,2
NE006006,2002,89.46498240000001,2
NE006006,2003,63.3258838,2
NE006006,2004,49.710393599999996,2
NE006006,2005,78.7134603,2
NE006006,2006,40.9902448,2
NE006006,2007,88.38763979999999,2
NE006006,2008,51.7686395,2
NE006006,2009,42.9561422,2
NE006006,2010,116.0137139,2
NE006006,2011,43.8008728,2
NE006006,2012,72.6770645,2
NE006006,2013,63.06203000000001,2
NE006006,2014,40.6859223,2
NE006006,2015,51.4154244,2
NE006006,2016,97.22609159999999,2
NE006006,2017,120.4250212,2
NE006006,2018,61.4936504,2
NE006006,2019,63.58790379999999,2
NE006006,2020,47.481981000000005,2
NE006006,2021,31.22326475,2
NE006006,2022,57.7880205,2
NE006006,2023,31.69793434,2
NE006006,2024,48.7161877,2
NE006006,2025,68.6204418,2
NE006006,2026,29.0866591,2
NE006007,1981,138.285764,2
NE006007,1982,88.8755735,2
NE006007,1983,77.6407162,2
NE006007,1984,58.6674647,2
NE006007,1985,97.0837783,2
NE006007,1986,161.9858425,2
NE006007,1987,59.7917616,2
NE006007,1988,110.7511058,2
NE006007,1989,79.00609650000001,2
NE006007,1990,115.3409652,2
NE006007,1991,91.7378553,2
NE006007,1992,97.0806818,2
NE006007,1993,88.39052910000001,2
NE006007,1994,120.8453466,2
NE006007,1995,73.7639585,2
NE006007,1996,76.8102333,2
NE006007,1997,44.38640014,2
NE006007,1998,112.646274,2
NE006007,1999,92.085784,2
NE006007,2000,112.3507478,2
NE006007,2001,120.37125850000001,2
NE006007,2002,98.55117870000001,2
NE006007,2003,105.43042059999999,2
NE006007,2004,65.8211708,2
NE006007,2005,104.87127199999999,2
NE006007,2006,61.104074,2
NE006007,2007,100.23622850000001,2
NE006007,2008,72.0265085,2
NE006007,2009,57.92448130000001,2
NE006007,2010,88.15578959999999,2
NE006007,2011,59.23894,2
NE006007,2012,117.02517750000001,2
NE006007,2013,71.8074125,2
NE006007,2014,59.390799200000004,2
NE006007,2015,55.5290325,2
NE006007,2016,102.2178145,2
NE006007,2017,117.23361369999999,2
NE006007,2018,61.3692618,2
NE006007,2019,61.9401928,2
NE006007,2020,69.8197307,2
NE006007,2021,43.47213636,2
NE006007,2022,66.09829769999999,2
NE006007,2023,44.815933400000006,2
NE006007,2024,72.9319253,2
NE006007,2025,99.604646,2
NE006007,2026,58.9269475,2
NE006008,1981,152.8399019,2
NE006008,1982,97.74312259999999,2
NE006008,1983,62.3660819,2
NE006008,1984,69.6709979,2
NE006008,1985,102.13986290000001,2
NE006008,1986,152.4219793,2
NE006008,1987,67.0910983,2
NE006008,1988,124.98828069999999,2
NE006008,1989,72.1038486,2
NE006008,1990,100.3346997,2
NE006008,1991,114.5508613,2
NE006008,1992,104.73814970000001,2
NE006008,1993,82.1728312,2
NE006008,1994,122.80277400000001,2
NE006008,1995,83.58842569999999,2
NE006008,1996,73.1832388,2
NE006008,1997,57.0087037,2
NE006008,1998,137.0433555,2
NE006008,1999,80.04097209999999,2
NE006008,2000,92.6830574,2
NE006008,2001,151.125033,2
NE006008,2002,113.71350250000002,2
NE006008,2003,91.02490219999999,2
NE006008,2004,79.32235130000001,2
NE006008,2005,105.0022173,2
NE006008,2006,64.2630577,2
NE006008,2007,108.32349380000001,2
NE006008,2008,101.1560908,2
NE006008,2009,63.8383824,2
NE006008,2010,114.639118,2
NE006008,2011,51.0702579,2
NE006008,2012,110.0708138,2
NE006008,2013,79.82990759999998,2
NE006008,2014,73.91063059999999,2
NE006008,2015,63.9435464,2
NE006008,2016,152.0050956,2
NE006008,2017,114.7484927,2
NE006008,2018,69.8167512,2
NE006008,2019,84.4112912,2
NE006008,2020,61.793365,2
NE006008,2021,47.514606,2
NE006008,2022,92.29712119999999,2
NE006008,2023,51.9700718,2
NE006008,2024,96.77612020000001,2
NE006008,2025,94.5249262,2
NE006008,2026,61.215046799999996,2
NE006009,1981,122.1800867,2
NE006009,1982,78.9344904,2
NE006009,1983,69.924336,2
NE006009,1984,36.81157387,2
NE006009,1985,76.6664934,2
NE006009,1986,68.5327326,2
NE006009,1987,31.984517460000003,2
NE006009,1988,90.9395387,2
NE006009,1989,47.572108899999996,2
NE006009,1990,93.45430400000001,2
NE006009,1991,80.446692,2
NE006009,1992,61.0917569,2
NE006009,1993,79.52571409999999,2
NE006009,1994,53.908277999999996,2
NE006009,1995,79.9255106,2
NE006009,1996,49.408049,2
NE006009,1997,35.20023595,2
NE006009,1998,102.55560599999998,2
NE006009,1999,73.727738,2
NE006009,2000,67.6309864,2
NE006009,2001,112.51541040000001,2
NE006009,2002,79.7467381,2
NE006009,2003,77.8278129,2
NE006009,2004,51.2726866,2
NE006009,2005,88.6449983,2
NE006009,2006,40.6053065,2
NE006009,2007,86.20241899999999,2
NE006009,2008,38.55603415,2
NE006009,2009,44.0738271,2
NE006009,2010,108.8129868,2
NE006009,2011,43.817084539999996,2
NE006009,2012,75.4115044,2
NE006009,2013,55.6490688,2
NE006009,2014,33.1617274,2
NE006009,2015,50.1672828,2
NE006009,2016,88.801232,2
NE006009,2017,98.1237242,2
NE006009,2018,43.49860355,2
NE006009,2019,49.72426777,2
NE006009,2020,61.46580900000001,2
NE006009,2021,31.4780152,2
NE006009,2022,51.4701007,2
NE006009,2023,26.814391099999998,2
NE006009,2024,46.776866000000005,2
NE006009,2025,69.54663120000001,2
NE006009,2026,36.967186999999996,2
NE006010,1981,172.8349718,2
NE006010,1982,127.28022679999998,2
NE006010,1983,92.3121444,2
NE006010,1984,113.22726739999999,2
NE006010,1985,135.46801299999998,2
NE006010,1986,228.863811,2
NE006010,1987,105.2415137,2
NE006010,1988,184.85000300000002,2
NE006010,1989,118.44117639999999,2
NE006010,1990,123.62655699999999,2
NE006010,1991,186.571437,2
NE006010,1992,166.2613767,2
NE006010,1993,132.97041420000002,2
NE006010,1994,176.8274802,2
NE006010,1995,116.90705200000001,2
NE006010,1996,107.94182430000001,2
NE006010,1997,103.6619588,2
NE006010,1998,181.289746,2
NE006010,1999,107.21819,2
NE006010,2000,164.1007207,2
NE006010,2001,189.83571,2
NE006010,2002,152.410989,2
NE006010,2003,141.6168913,2
NE006010,2004,104.2207927,2
NE006010,2005,121.6074922,2
NE006010,2006,113.22230100000002,2
NE006010,2007,132.118156,2
NE006010,2008,188.655037,2
NE006010,2009,118.73282940000001,2
NE006010,2010,130.286977,2
NE006010,2011,74.8921916,2
NE006010,2012,173.3736777,2
NE006010,2013,121.06336960000002,2
NE006010,2014,129.82446729999998,2
NE006010,2015,117.4268792,2
NE006010,2016,205.03675499999997,2
NE006010,2017,144.01576899999998,2
NE006010,2018,100.451149,2
NE006010,2019,129.0006597,2
NE006010,2020,98.2606354,2
NE006010,2021,137.7996644,2
NE006010,2022,173.669605,2
NE006010,2023,99.2651788,2
NE006010,2024,173.9433756,2
NE006010,2025,135.8025743,2
NE006010,2026,84.2900038,2
NE006011,1981,127.33177049999999,2
NE006011,1982,87.6381671,2
NE006011,1983,72.95369679999999,2
NE006011,1984,33.14610375,2
NE006011,1985,88.7526646,2
NE006011,1986,119.65721470000001,2
NE006011,1987,44.2909936,2
NE006011,1988,98.0829512,2
NE006011,1989,59.802233799999996,2
NE006011,1990,102.19496090000001,2
NE006011,1991,98.0473489,2
NE006011,1992,84.5176036,2
NE006011,1993,88.1155939,2
NE006011,1994,86.4741347,2
NE006011,1995,92.6534854,2
NE006011,1996,64.6248175,2
NE006011,1997,46.725522,2
NE006011,1998,93.92275350000001,2
NE006011,1999,103.6749171,2
NE006011,2000,90.76182250000001,2
NE006011,2001,146.4992223,2
NE006011,2002,91.0173609,2
NE006011,2003,123.76434900000001,2
NE006011,2004,54.17970340000001,2
NE006011,2005,100.9842036,2
NE006011,2006,50.165706699999994,2
NE006011,2007,89.7669514,2
NE006011,2008,58.3069175,2
NE006011,2009,51.2837545,2
NE006011,2010,88.1251188,2
NE006011,2011,55.7097909,2
NE006011,2012,107.753191,2
NE006011,2013,54.43947146,2
NE006011,2014,43.043113,2
NE006011,2015,49.080394,2
NE006011,2016,92.8209875,2
NE006011,2017,109.6177099,2
NE006011,2018,49.8982506,2
NE006011,2019,50.13864550000001,2
NE006011,2020,58.9752421,2
NE006011,2021,37.68429303,2
NE006011,2022,53.2644306,2
NE006011,2023,35.97393093,2
NE006011,2024,60.7224659,2
NE006011,2025,88.2092814,2
NE006011,2026,50.006604499999995,2
NE006012,1981,134.8292422,2
NE006012,1982,86.537264,2
NE006012,1983,75.1661323,2
NE006012,1984,41.84911415,2
NE006012,1985,87.56625480000001,2
NE006012,1986,109.504351,2
NE006012,1987,40.97126376,2
NE006012,1988,99.64343970000002,2
NE006012,1989,58.53221069999999,2
NE006012,1990,110.1180427,2
NE006012,1991,84.2001525,2
NE006012,1992,73.5616374,2
NE006012,1993,88.1318215,2
NE006012,1994,69.8472216,2
NE006012,1995,84.778952,2
NE006012,1996,55.038654199999996,2
NE006012,1997,40.2766387,2
NE006012,1998,94.90423729999999,2
NE006012,1999,82.8563908,2
NE006012,2000,82.605676,2
NE006012,2001,146.9800777,2
NE006012,2002,81.8717973,2
NE006012,2003,105.07065599999999,2
NE006012,2004,55.8333685,2
NE006012,2005,91.4957136,2
NE006012,2006,45.848759799999996,2
NE006012,2007,85.8978408,2
NE006012,2008,42.6517034,2
NE006012,2009,43.2238283,2
NE006012,2010,90.63509599999999,2
NE006012,2011,56.304224399999995,2
NE006012,2012,86.6021188,2
NE006012,2013,49.4948668,2
NE006012,2014,39.5905332,2
NE006012,2015,46.7642615,2
NE006012,2016,92.34761180000001,2
NE006012,2017,102.7686762,2
NE006012,2018,45.1054538,2
NE006012,2019,53.9440496,2
NE006012,2020,64.23741360000001,2
NE006012,2021,38.71523816,2
NE006012,2022,57.7280581,2
NE006012,2023,27.18545076,2
NE006012,2024,49.8979689,2
NE006012,2025,79.5954231,2
NE006012,2026,43.4220484,2
NE006013,1981,168.1317645,2
NE006013,1982,121.125555,2
NE006013,1983,84.025383,2
NE006013,1984,100.2260286,2
NE006013,1985,123.4542157,2
NE006013,1986,215.8881085,2
NE006013,1987,97.170254,2
NE006013,1988,144.44213200000002,2
NE006013,1989,115.79927,2
NE006013,1990,131.1899792,2
NE006013,1991,115.1624956,2
NE006013,1992,142.8858439,2
NE006013,1993,114.4781815,2
NE006013,1994,161.6406488,2
NE006013,1995,89.3270268,2
NE006013,1996,104.01303870000001,2
NE006013,1997,66.658674,2
NE006013,1998,152.152516,2
NE006013,1999,97.9442442,2
NE006013,2000,164.61818700000003,2
NE006013,2001,135.98484560000003,2
NE006013,2002,126.16358500000001,2
NE006013,2003,111.82327000000001,2
NE006013,2004,88.5973456,2
NE006013,2005,110.2949496,2
NE006013,2006,90.83538970000001,2
NE006013,2007,114.64154250000001,2
NE006013,2008,143.3493282,2
NE006013,2009,92.8499863,2
NE006013,2010,91.85062629999999,2
NE006013,2011,56.5786345,2
NE006013,2012,140.64142859999998,2
NE006013,2013,89.3755151,2
NE006013,2014,90.990002,2
NE006013,2015,86.4798572,2
NE006013,2016,154.16206640000001,2
NE006013,2017,126.5939845,2
NE006013,2018,82.534791,2
NE006013,2019,95.10368829999999,2
NE006013,2020,80.7163176,2
NE006013,2021,80.605561,2
NE006013,2022,96.1290432,2
NE006013,2023,78.6251994,2
NE006013,2024,140.60520400000001,2
NE006013,2025,119.8195818,2
NE006013,2026,77.3793767,2
NE007001,1981,66.0349331,2
NE007001,1982,17.3509586,2
NE007001,1983,52.1190176,2
NE007001,1984,23.196204899999998,2
NE007001,1985,42.0637347,2
NE007001,1986,43.813352200000004,2
NE007001,1987,18.73286706,2
NE007001,1988,65.7166669,2
NE007001,1989,45.002629899999995,2
NE007001,1990,64.57398125,2
NE007001,1991,54.2439095,2
NE007001,1992,45.6956568,2
NE007001,1993,27.01461256,2
NE007001,1994,39.679775660000004,2
NE007001,1995,31.36139163,2
NE007001,1996,21.460245799999996,2
NE007001,1997,36.32090555,2
NE007001,1998,50.740102,2
NE007001,1999,60.236511465,2
NE007001,2000,65.7254099,2
NE007001,2001,70.11159660000001,2
NE007001,2002,50.006970869999996,2
NE007001,2003,32.28906045,2
NE007001,2004,21.960755119999998,2
NE007001,2005,59.8175144,2
NE007001,2006,21.489591100000002,2
NE007001,2007,55.336786000000004,2
NE007001,2008,27.4080367,2
NE007001,2009,15.22597565,2
NE007001,2010,85.0603659,2
NE007001,2011,24.2241244,2
NE007001,2012,37.0348581,2
NE007001,2013,25.602852019999997,2
NE007001,2014,46.765973800000005,2
NE007001,2015,23.623667400000002,2
NE007001,2016,74.8442928,2
NE007001,2017,53.5586353,2
NE007001,2018,64.3525171,2
NE007001,2019,46.935751599999996,2
NE007001,2020,33.70638016,2
NE007001,2021,38.709745000000005,2
NE007001,2022,39.57011945,2
NE007001,2023,14.97326072,2
NE007001,2024,27.34768226,2
NE007001,2025,32.13916366,2
NE007001,2026,23.0734739,2
NE007002,1981,108.68658920000001,2
NE007002,1982,45.07657657,2
NE007002,1983,113.0465837,2
NE007002,1984,57.0960322,2
NE007002,1985,71.90367659999998,2
NE007002,1986,58.6317645,2
NE007002,1987,57.616422500000006,2
NE007002,1988,102.83077,2
NE007002,1989,81.7724058,2
NE007002,1990,104.9807735,2
NE007002,1991,88.9114184,2
NE007002,1992,81.9555265,2
NE007002,1993,55.4107887,2
NE007002,1994,82.85007169999999,2
NE007002,1995,59.169772099999996,2
NE007002,1996,57.1017016,2
NE007002,1997,78.0812611,2
NE007002,1998,97.1822024,2
NE007002,1999,101.6186524,2
NE007002,2000,75.8571087,2
NE007002,2001,80.3295909,2
NE007002,2002,81.69514489999999,2
NE007002,2003,88.9584101,2
NE007002,2004,53.1217939,2
NE007002,2005,113.75905340000001,2
NE007002,2006,53.4818059,2
NE007002,2007,105.4351632,2
NE007002,2008,46.7243276,2
NE007002,2009,33.23601824,2
NE007002,2010,118.8999292,2
NE007002,2011,45.7125717,2
NE007002,2012,66.7103789,2
NE007002,2013,41.996700499999996,2
NE007002,2014,60.15336215,2
NE007002,2015,56.6081895,2
NE007002,2016,130.9073535,2
NE007002,2017,96.4173592,2
NE007002,2018,80.3210809,2
NE007002,2019,76.4746433,2
NE007002,2020,52.6135715,2
NE007002,2021,110.157139,2
NE007002,2022,56.5077225,2
NE007002,2023,49.1516454,2
NE007002,2024,59.766956099999994,2
NE007002,2025,66.2002772,2
NE007002,2026,38.7390133,2
NE007003,1981,203.52250700000002,2
NE007003,1982,89.4857049,2
NE007003,1983,156.5402156,2
NE007003,1984,90.13277769999999,2
NE007003,1985,115.6532013,2
NE007003,1986,136.7914681,2
NE007003,1987,96.7144521,2
NE007003,1988,169.3140424,2
NE007003,1989,100.78482679999999,2
NE007003,1990,149.6059081,2
NE007003,1991,109.964531,2
NE007003,1992,132.5545247,2
NE007003,1993,77.0420644,2
NE007003,1994,141.4918064,2
NE007003,1995,71.4630889,2
NE007003,1996,105.981477,2
NE007003,1997,123.8076237,2
NE007003,1998,136.3173469,2
NE007003,1999,167.7314068,2
NE007003,2000,157.9396667,2
NE007003,2001,137.2071142,2
NE007003,2002,95.192907,2
NE007003,2003,111.19264900000002,2
NE007003,2004,103.0480666,2
NE007003,2005,133.4970356,2
NE007003,2006,82.8631996,2
NE007003,2007,100.1303535,2
NE007003,2008,84.92871500000001,2
NE007003,2009,57.8698821,2
NE007003,2010,206.16361,2
NE007003,2011,82.7206615,2
NE007003,2012,114.61762929999999,2
NE007003,2013,72.8107779,2
NE007003,2014,85.98106119999998,2
NE007003,2015,79.8446219,2
NE007003,2016,171.816682,2
NE007003,2017,133.6280787,2
NE007003,2018,103.84790770000001,2
NE007003,2019,129.497247,2
NE007003,2020,110.6367827,2
NE007003,2021,136.790687,2
NE007003,2022,61.843439599999996,2
NE007003,2023,41.291571999999995,2
NE007003,2024,106.715701,2
NE007003,2025,109.84530749999999,2
NE007003,2026,41.0763653,2
NE007004,1981,108.116546,2
NE007004,1982,37.3590886,2
NE007004,1983,92.0035657,2
NE007004,1984,38.2059749,2
NE007004,1985,68.0049448,2
NE007004,1986,60.5828985,2
NE007004,1987,71.1423093,2
NE007004,1988,113.01505800000001,2
NE007004,1989,74.6581226,2
NE007004,1990,92.4030153,2
NE007004,1991,80.84010099999999,2
NE007004,1992,75.2676641,2
NE007004,1993,43.7629124,2
NE007004,1994,78.2248007,2
NE007004,1995,60.255962800000006,2
NE007004,1996,50.488224200000005,2
NE007004,1997,59.9191709,2
NE007004,1998,113.18094330000001,2
NE007004,1999,115.90348515,2
NE007004,2000,98.1944209,2
NE007004,2001,76.02406390000002,2
NE007004,2002,76.27721747999999,2
NE007004,2003,76.2904537,2
NE007004,2004,60.1380764,2
NE007004,2005,105.461933,2
NE007004,2006,40.8747179,2
NE007004,2007,64.4868839,2
NE007004,2008,48.312263400000006,2
NE007004,2009,30.9647949,2
NE007004,2010,135.6895136,2
NE007004,2011,40.7165442,2
NE007004,2012,63.2974342,2
NE007004,2013,36.705942359999995,2
NE007004,2014,42.910148899999996,2
NE007004,2015,47.16661785,2
NE007004,2016,121.94182180000001,2
NE007004,2017,84.2749789,2
NE007004,2018,67.6684545,2
NE007004,2019,62.0925817,2
NE007004,2020,43.7174053,2
NE007004,2021,102.9361211,2
NE007004,2022,55.8454271,2
NE007004,2023,25.13289426,2
NE007004,2024,53.0279568,2
NE007004,2025,60.2877159,2
NE007004,2026,27.06321882,2
NE007005,1981,166.0560675,2
NE007005,1982,104.98705999999999,2
NE007005,1983,134.1417609,2
NE007005,1984,86.2625313,2
NE007005,1985,115.2258037,2
NE007005,1986,119.86335319999999,2
NE007005,1987,100.78033020000001,2
NE007005,1988,130.5316503,2
NE007005,1989,94.5689372,2
NE007005,1990,131.93720960000002,2
NE007005,1991,123.33392039999998,2
NE007005,1992,131.2583472,2
NE007005,1993,83.3448636,2
NE007005,1994,124.5285164,2
NE007005,1995,71.3875136,2
NE007005,1996,105.585673,2
NE007005,1997,115.10208429999999,2
NE007005,1998,110.9106515,2
NE007005,1999,146.6230055,2
NE007005,2000,115.4113123,2
NE007005,2001,136.30764720000002,2
NE007005,2002,103.774085,2
NE007005,2003,112.09105840000001,2
NE007005,2004,95.07819,2
NE007005,2005,128.6199097,2
NE007005,2006,67.4822569,2
NE007005,2007,99.84745099999999,2
NE007005,2008,121.29310679999999,2
NE007005,2009,81.6235762,2
NE007005,2010,183.3919917,2
NE007005,2011,84.88404109999999,2
NE007005,2012,123.47840550000001,2
NE007005,2013,72.85000590000001,2
NE007005,2014,89.88610010000001,2
NE007005,2015,92.478482,2
NE007005,2016,180.79514600000002,2
NE007005,2017,135.7492396,2
NE007005,2018,110.557138,2
NE007005,2019,137.6736751,2
NE007005,2020,78.1243206,2
NE007005,2021,99.6726321,2
NE007005,2022,60.38378350000001,2
NE007005,2023,56.17329900000001,2
NE007005,2024,74.4822537,2
NE007005,2025,112.7962862,2
NE007005,2026,51.96317809999999,2
NE007006,1981,195.39122099999997,2
NE007006,1982,116.2876743,2
NE007006,1983,151.816798,2
NE007006,1984,93.7620485,2
NE007006,1985,138.745149,2
NE007006,1986,141.4350362,2
NE007006,1987,98.4086868,2
NE007006,1988,158.3245506,2
NE007006,1989,107.64761490000001,2
NE007006,1990,151.62588000000002,2
NE007006,1991,126.4576558,2
NE007006,1992,141.6236907,2
NE007006,1993,92.12729879999999,2
NE007006,1994,151.73946949999998,2
NE007006,1995,73.0791206,2
NE007006,1996,106.134735,2
NE007006,1997,140.08306700000003,2
NE007006,1998,124.98250839999999,2
NE007006,1999,169.7367078,2
NE007006,2000,141.2549178,2
NE007006,2001,141.8281162,2
NE007006,2002,110.3146778,2
NE007006,2003,116.572937,2
NE007006,2004,108.1689847,2
NE007006,2005,139.1288927,2
NE007006,2006,82.2813302,2
NE007006,2007,103.4220919,2
NE007006,2008,114.9246795,2
NE007006,2009,82.1044916,2
NE007006,2010,205.3242106,2
NE007006,2011,79.3262944,2
NE007006,2012,129.3014357,2
NE007006,2013,81.46749439999999,2
NE007006,2014,95.7776888,2
NE007006,2015,89.72876740000001,2
NE007006,2016,202.71213049999997,2
NE007006,2017,152.41502350000002,2
NE007006,2018,120.0418482,2
NE007006,2019,151.0156345,2
NE007006,2020,107.0593585,2
NE007006,2021,121.8734869,2
NE007006,2022,59.7099747,2
NE007006,2023,59.3558826,2
NE007006,2024,102.25423749999999,2
NE007006,2025,121.37150030000001,2
NE007006,2026,43.9210735,2
NE007007,1981,138.7486223,2
NE007007,1982,93.39858050000001,2
NE007007,1983,142.7552587,2
NE007007,1984,78.8992635,2
NE007007,1985,107.40595820000001,2
NE007007,1986,102.723101,2
NE007007,1987,75.11992529999999,2
NE007007,1988,112.70113190000001,2
NE007007,1989,91.1547712,2
NE007007,1990,137.24834909999998,2
NE007007,1991,97.6833022,2
NE007007,1992,121.06830079999999,2
NE007007,1993,69.2566894,2
NE007007,1994,123.6541598,2
NE007007,1995,58.7736654,2
NE007007,1996,89.3607985,2
NE007007,1997,105.07803740000001,2
NE007007,1998,107.9667821,2
NE007007,1999,138.690262,2
NE007007,2000,104.6645672,2
NE007007,2001,123.5374692,2
NE007007,2002,102.89686379999999,2
NE007007,2003,99.1503764,2
NE007007,2004,80.1616435,2
NE007007,2005,118.6847075,2
NE007007,2006,72.1755586,2
NE007007,2007,104.59931499999999,2
NE007007,2008,80.4147292,2
NE007007,2009,56.355727099999996,2
NE007007,2010,167.16403880000001,2
NE007007,2011,64.0008677,2
NE007007,2012,95.54187420000001,2
NE007007,2013,57.74031790000001,2
NE007007,2014,84.9864947,2
NE007007,2015,68.1348531,2
NE007007,2016,164.074948,2
NE007007,2017,124.356427,2
NE007007,2018,98.8348335,2
NE007007,2019,108.778015,2
NE007007,2020,73.7768106,2
NE007007,2021,118.7667369,2
NE007007,2022,53.659689099999994,2
NE007007,2023,57.6564913,2
NE007007,2024,78.9328753,2
NE007007,2025,88.8292605,2
NE007007,2026,39.4044009,2
NE007008,1981,110.38078900000001,2
NE007008,1982,68.03184710000001,2
NE007008,1983,106.2053753,2
NE007008,1984,74.631855,2
NE007008,1985,83.18293740000001,2
NE007008,1986,74.969678,2
NE007008,1987,57.090757800000006,2
NE007008,1988,93.4070623,2
NE007008,1989,88.6926167,2
NE007008,1990,104.6739367,2
NE007008,1991,89.878751,2
NE007008,1992,98.2089784,2
NE007008,1993,58.386032400000005,2
NE007008,1994,78.2821713,2
NE007008,1995,47.7745982,2
NE007008,1996,64.4575609,2
NE007008,1997,81.7992895,2
NE007008,1998,81.5914512,2
NE007008,1999,98.7845265,2
NE007008,2000,84.2542127,2
NE007008,2001,110.2499346,2
NE007008,2002,86.7354737,2
NE007008,2003,91.9835745,2
NE007008,2004,56.337256000000004,2
NE007008,2005,105.1843035,2
NE007008,2006,54.080326899999996,2
NE007008,2007,105.76207600000001,2
NE007008,2008,65.52906949999999,2
NE007008,2009,36.6028568,2
NE007008,2010,144.7535034,2
NE007008,2011,52.3504775,2
NE007008,2012,80.541243,2
NE007008,2013,45.403095099999994,2
NE007008,2014,85.03035372000001,2
NE007008,2015,63.4015718,2
NE007008,2016,155.9855007,2
NE007008,2017,106.4569554,2
NE007008,2018,88.2279593,2
NE007008,2019,99.20861159999998,2
NE007008,2020,58.547705699999995,2
NE007008,2021,115.00026989999999,2
NE007008,2022,53.3436745,2
NE007008,2023,63.528127,2
NE007008,2024,62.3219827,2
NE007008,2025,76.04881979999999,2
NE007008,2026,42.83359693999999,2
NE007009,1981,55.18012710000001,2
NE007009,1982,11.842436209999999,2
NE007009,1983,45.6385076,2
NE007009,1984,19.146424999999997,2
NE007009,1985,34.309316249999995,2
NE007009,1986,31.59600626,2
NE007009,1987,18.2798987,2
NE007009,1988,52.4692057,2
NE007009,1989,36.801146849999995,2
NE007009,1990,43.9515236,2
NE007009,1991,46.5978335,2
NE007009,1992,38.13162450000001,2
NE007009,1993,19.3074797,2
NE007009,1994,32.879261,2
NE007009,1995,26.4610459,2
NE007009,1996,14.00933198,2
NE007009,1997,32.06013207,2
NE007009,1998,56.4363876,2
NE007009,1999,53.85739224,2
NE007009,2000,60.3852631,2
NE007009,2001,47.834073000000004,2
NE007009,2002,47.4775166,2
NE007009,2003,31.9284113,2
NE007009,2004,20.157092999999996,2
NE007009,2005,48.0875532,2
NE007009,2006,16.74438953,2
NE007009,2007,54.5599889,2
NE007009,2008,26.74869868,2
NE007009,2009,11.00281886,2
NE007009,2010,116.51492699999999,2
NE007009,2011,16.3793813,2
NE007009,2012,31.222977800000002,2
NE007009,2013,21.013912149999996,2
NE007009,2014,30.5195261,2
NE007009,2015,21.08645255,2
NE007009,2016,71.9173577,2
NE007009,2017,46.1261999,2
NE007009,2018,43.6140951,2
NE007009,2019,40.355963,2
NE007009,2020,23.3860063,2
NE007009,2021,38.611325480000005,2
NE007009,2022,28.1301703,2
NE007009,2023,19.2198144,2
NE007009,2024,27.187004960000003,2
NE007009,2025,38.0142195,2
NE007009,2026,20.67867456,2
NE007010,1981,39.89233779999999,2
NE007010,1982,4.589308355,2
NE007010,1983,17.63677335,2
NE007010,1984,5.04543419,2
NE007010,1985,15.134806099999999,2
NE007010,1986,17.19325175,2
NE007010,1987,20.00266645,2
NE007010,1988,23.0322418,2
NE007010,1989,12.28215275,2
NE007010,1990,22.10011592,2
NE007010,1991,23.93209536,2
NE007010,1992,22.0897085,2
NE007010,1993,6.3260154481,2
NE007010,1994,17.69930351,2
NE007010,1995,11.12841032,2
NE007010,1996,6.8705732059999995,2
NE007010,1997,11.4129242,2
NE007010,1998,34.516099479999994,2
NE007010,1999,34.46013912,2
NE007010,2000,29.073577919999998,2
NE007010,2001,14.59863614,2
NE007010,2002,18.806682165,2
NE007010,2003,14.480573969999998,2
NE007010,2004,12.476839220999999,2
NE007010,2005,21.02904658,2
NE007010,2006,5.31009958,2
NE007010,2007,14.15339015,2
NE007010,2008,11.0390056,2
NE007010,2009,7.18925182,2
NE007010,2010,87.01542949,2
NE007010,2011,4.23373911,2
NE007010,2012,13.77205474,2
NE007010,2013,8.63449854,2
NE007010,2014,6.638439666,2
NE007010,2015,9.039623151,2
NE007010,2016,36.4580319,2
NE007010,2017,22.4329693,2
NE007010,2018,15.4008185,2
NE007010,2019,10.655563820000001,2
NE007010,2020,6.764979195,2
NE007010,2021,12.55496817,2
NE007010,2022,13.928049000000001,2
NE007010,2023,6.9099793400000005,2
NE007010,2024,7.93745046,2
NE007010,2025,18.773789060000002,2
NE007010,2026,8.21265352,2
NE007011,1981,109.6815832,2
NE007011,1982,89.9973424,2
NE007011,1983,135.0337627,2
NE007011,1984,77.29490170000001,2
NE007011,1985,102.1421331,2
NE007011,1986,82.13766220000001,2
NE007011,1987,61.3590039,2
NE007011,1988,97.4259677,2
NE007011,1989,91.322648,2
NE007011,1990,122.83415120000001,2
NE007011,1991,95.3397254,2
NE007011,1992,112.5277455,2
NE007011,1993,66.4314464,2
NE007011,1994,108.3216449,2
NE007011,1995,53.1234747,2
NE007011,1996,79.1640041,2
NE007011,1997,88.9545234,2
NE007011,1998,91.556755,2
NE007011,1999,110.6207958,2
NE007011,2000,90.85906179999999,2
NE007011,2001,118.7478089,2
NE007011,2002,90.70657530000001,2
NE007011,2003,98.80959229999999,2
NE007011,2004,74.05009840000001,2
NE007011,2005,111.11440280000001,2
NE007011,2006,70.0361356,2
NE007011,2007,100.645662,2
NE007011,2008,67.2135605,2
NE007011,2009,46.8154701,2
NE007011,2010,153.2522457,2
NE007011,2011,52.684280699999995,2
NE007011,2012,85.0993713,2
NE007011,2013,51.111118399999995,2
NE007011,2014,88.5005765,2
NE007011,2015,64.3577596,2
NE007011,2016,163.8716618,2
NE007011,2017,118.9445705,2
NE007011,2018,93.51589820000001,2
NE007011,2019,99.7160897,2
NE007011,2020,59.4376008,2
NE007011,2021,118.70223759999999,2
NE007011,2022,51.7028011,2
NE007011,2023,64.19984740000001,2
NE007011,2024,73.1818574,2
NE007011,2025,76.9071088,2
NE007011,2026,39.3966883,2
NE008001,1981,157.1186072,2
NE008001,1982,100.6279006,2
NE008001,1983,62.7727525,2
NE008001,1984,69.7349572,2
NE008001,1985,105.50308340000001,2
NE008001,1986,142.24815999999998,2
NE008001,1987,60.18524094,2
NE008001,1988,122.4182116,2
NE008001,1989,66.2490854,2
NE008001,1990,111.20567120000001,2
NE008001,1991,109.66033859999999,2
NE008001,1992,102.97088579999999,2
NE008001,1993,77.1358489,2
NE008001,1994,124.282077,2
NE008001,1995,75.629429,2
NE008001,1996,69.2180621,2
NE008001,1997,44.5678721,2
NE008001,1998,132.7484121,2
NE008001,1999,75.6660461,2
NE008001,2000,92.88406499999999,2
NE008001,2001,143.55621150000002,2
NE008001,2002,113.09928760000001,2
NE008001,2003,89.7251129,2
NE008001,2004,83.80241539999999,2
NE008001,2005,104.1343702,2
NE008001,2006,51.5792843,2
NE008001,2007,113.8526902,2
NE008001,2008,104.3487556,2
NE008001,2009,53.9291388,2
NE008001,2010,112.209705,2
NE008001,2011,43.3338158,2
NE008001,2012,108.25309879999999,2
NE008001,2013,74.307253,2
NE008001,2014,68.308258,2
NE008001,2015,59.775924700000004,2
NE008001,2016,143.835831,2
NE008001,2017,111.27319539999999,2
NE008001,2018,66.41845740000001,2
NE008001,2019,81.216814,2
NE008001,2020,62.1177684,2
NE008001,2021,44.0376281,2
NE008001,2022,82.4810029,2
NE008001,2023,51.2107846,2
NE008001,2024,81.4693455,2
NE008001,2025,79.7649388,2
NE008001,2026,65.1153551,2
