wmo_id,name,year,month,precip_mm,quintile,n_rain_days,source,lat,lon
61017,Bilma,2008,6,0.0,4.0,0.0,CLIMAT,,
61036,Tillabery,2008,6,84.0,5.0,10.0,CLIMAT,,
61043,Tahoua,2008,6,48.0,3.0,6.0,CLIMAT,,
61045,Goure,2008,6,19.0,2.0,4.0,CLIMAT,,
61052,Niamey-Aero,2008,6,0.0,,,CLIMAT,,
61075,Birni-N Konni,2008,6,154.0,5.0,8.0,CLIMAT,,
61080,Maradi,2008,6,72.0,4.0,6.0,CLIMAT,,
61091,Magaria,2008,6,44.0,3.0,6.0,CLIMAT,,
61096,Maine-Soroa,2008,6,23.0,3.0,3.0,CLIMAT,,
61099,Gaya,2008,6,127.0,3.0,11.0,CLIMAT,,
61049,N Guigmi,2008,6,0.0,0.0,0.0,CLIMAT,,
61024,Agadez,2008,7,0.0,,,CLIMAT,,
61036,Tillabery,2008,7,77.0,2.0,6.0,CLIMAT,,
61043,Tahoua,2008,7,109.0,3.0,9.0,CLIMAT,,
61049,N Guigmi,2008,7,70.0,4.0,6.0,CLIMAT,,
61080,Maradi,2008,7,88.0,1.0,7.0,CLIMAT,,
61085,Diffa,2008,7,192.0,5.0,15.0,CLIMAT,,
61091,Magaria,2008,7,147.0,2.0,12.0,CLIMAT,,
61099,Gaya,2008,7,126.0,2.0,9.0,CLIMAT,,
61052,Niamey-Aero,2008,7,26.2,0.0,154.0,CLIMAT,,
61017,Bilma,2008,7,0.0,0.0,0.0,CLIMAT,,
61045,Goure,2008,7,0.0,0.0,0.0,CLIMAT,,
61075,Birni-N Konni,2008,7,0.0,0.0,0.0,CLIMAT,,
61090,Zinder,2008,7,0.0,0.0,0.0,CLIMAT,,
61036,Tillabery,2008,8,236.0,4.0,10.0,CLIMAT,,
61043,Tahoua,2008,8,150.0,4.0,8.0,CLIMAT,,
61049,N Guigmi,2008,8,62.0,2.0,6.0,CLIMAT,,
61052,Niamey-Aero,2008,8,0.0,,,CLIMAT,,
61075,Birni-N Konni,2008,8,166.0,2.0,15.0,CLIMAT,,
61080,Maradi,2008,8,157.0,1.0,17.0,CLIMAT,,
61091,Magaria,2008,8,258.0,4.0,16.0,CLIMAT,,
61099,Gaya,2008,8,241.0,3.0,15.0,CLIMAT,,
61017,Bilma,2008,8,0.0,0.0,0.0,CLIMAT,,
61017,Bilma,2009,6,0.0,4.0,0.0,CLIMAT,,
61024,Agadez,2009,6,0.0,,,CLIMAT,,
61043,Tahoua,2009,6,445.0,2.0,6.0,CLIMAT,,
61049,N Guigmi,2009,6,12.0,4.0,2.0,CLIMAT,,
61052,Niamey-Aero,2009,6,0.0,,,CLIMAT,,
61085,Diffa,2009,6,1.0,0.0,1.0,CLIMAT,,
61090,Zinder,2009,6,74.0,2.0,6.0,CLIMAT,,
61096,Maine-Soroa,2009,6,3.0,1.0,2.0,CLIMAT,,
61099,Gaya,2009,6,172.0,5.0,12.0,CLIMAT,,
61045,Goure,2009,6,0.0,0.0,0.0,CLIMAT,,
61080,Maradi,2009,6,0.0,0.0,0.0,CLIMAT,,
61091,Magaria,2009,6,0.0,0.0,0.0,CLIMAT,,
61017,Bilma,2009,7,5.0,4.0,2.0,CLIMAT,,
61036,Tillabery,2009,7,47.0,1.0,4.0,CLIMAT,,
61043,Tahoua,2009,7,68.0,1.0,9.0,CLIMAT,,
61045,Goure,2009,7,70.0,1.0,5.0,CLIMAT,,
61049,N Guigmi,2009,7,51.0,3.0,7.0,CLIMAT,,
61052,Niamey-Aero,2009,7,183.0,4.0,9.0,CLIMAT,,
61075,Birni-N Konni,2009,7,80.0,1.0,4.0,CLIMAT,,
61080,Maradi,2009,7,129.0,2.0,6.0,CLIMAT,,
61091,Magaria,2009,7,217.0,4.0,13.0,CLIMAT,,
61099,Gaya,2009,7,194.0,4.0,10.0,CLIMAT,,
61096,Maine-Soroa,2009,7,0.0,0.0,0.0,CLIMAT,,
61017,Bilma,2009,8,9.0,4.0,4.0,CLIMAT,,
61024,Agadez,2009,8,0.0,,,CLIMAT,,
61043,Tahoua,2009,8,1445.0,3.0,8.0,CLIMAT,,
61052,Niamey-Aero,2009,8,0.0,,,CLIMAT,,
61075,Birni-N Konni,2009,8,130.0,1.0,9.0,CLIMAT,,
61080,Maradi,2009,8,141.0,1.0,11.0,CLIMAT,,
61085,Diffa,2009,8,133.0,1.0,10.0,CLIMAT,,
61090,Zinder,2009,8,0.0,4.0,0.0,CLIMAT,,
61091,Magaria,2009,8,201.0,3.0,10.0,CLIMAT,,
61096,Maine-Soroa,2009,8,105.0,2.0,7.0,CLIMAT,,
61045,Goure,2009,8,0.0,0.0,0.0,CLIMAT,,
61049,N Guigmi,2009,8,0.0,0.0,0.0,CLIMAT,,
61043,Tahoua,2010,6,3032.0,3.0,,CLIMAT,,
61049,N Guigmi,2010,6,296.0,5.0,6.0,CLIMAT,,
61052,Niamey-Aero,2010,6,24.5,0.0,69.0,CLIMAT,,
61017,Bilma,2010,7,5.0,4.0,1.0,CLIMAT,,
61024,Agadez,2010,7,0.0,,,CLIMAT,,
61036,Tillabery,2010,7,140.0,4.0,13.0,CLIMAT,,
61017,Bilma,2010,8,1.0,2.0,0.0,CLIMAT,,
61024,Agadez,2010,8,0.0,,,CLIMAT,,
61036,Tillabery,2010,8,129.0,2.0,7.0,CLIMAT,,
61043,Tahoua,2010,8,1157.0,2.0,11.0,CLIMAT,,
61045,Goure,2010,8,128.0,3.0,12.0,CLIMAT,,
61049,N Guigmi,2010,8,121.0,3.0,10.0,CLIMAT,,
61052,Niamey-Aero,2010,8,27.4,,0.0,CLIMAT,,
61080,Maradi,2010,8,214.0,,15.0,CLIMAT,,
61096,Maine-Soroa,2010,8,162.0,3.0,12.0,CLIMAT,,
61017,Bilma,2011,6,0.0,4.0,0.0,CLIMAT,,
61024,Agadez,2011,6,0.0,,,CLIMAT,,
61043,Tahoua,2011,6,886.0,5.0,7.0,CLIMAT,,
61045,Goure,2011,6,78.0,6.0,6.0,CLIMAT,,
61052,Niamey-Aero,2011,6,42.0,1.0,6.0,CLIMAT,,
61080,Maradi,2011,6,75.0,,7.0,CLIMAT,,
61090,Zinder,2011,6,80.0,5.0,6.0,CLIMAT,,
61091,Magaria,2011,6,814.0,4.0,5.0,CLIMAT,,
61096,Maine-Soroa,2011,6,24.0,3.0,4.0,CLIMAT,,
61099,Gaya,2011,6,53.0,1.0,6.0,CLIMAT,,
61075,Birni-N Konni,2011,6,0.0,0.0,0.0,CLIMAT,,
61017,Bilma,2011,7,1.0,3.0,1.0,CLIMAT,,
61036,Tillabery,2011,7,84.0,2.0,7.0,CLIMAT,,
61045,Goure,2011,7,99.0,3.0,6.0,CLIMAT,,
61049,N Guigmi,2011,7,80.0,4.0,4.0,CLIMAT,,
61052,Niamey-Aero,2011,7,79.0,1.0,7.0,CLIMAT,,
61075,Birni-N Konni,2011,7,82.0,1.0,4.0,CLIMAT,,
61080,Maradi,2011,7,97.0,,9.0,CLIMAT,,
61090,Zinder,2011,7,68.0,4.0,6.0,CLIMAT,,
61096,Maine-Soroa,2011,7,47.0,3.0,6.0,CLIMAT,,
61099,Gaya,2011,7,122.0,2.0,13.0,CLIMAT,,
61017,Bilma,2011,8,6.0,3.0,1.0,CLIMAT,,
61024,Agadez,2011,8,66.0,6.0,10.0,CLIMAT,,
61036,Tillabery,2011,8,62.0,1.0,5.0,CLIMAT,,
61043,Tahoua,2011,8,630.0,1.0,5.0,CLIMAT,,
61045,Goure,2011,8,89.0,1.0,6.0,CLIMAT,,
61049,N Guigmi,2011,8,75.0,2.0,8.0,CLIMAT,,
61052,Niamey-Aero,2011,8,138.0,2.0,11.0,CLIMAT,,
61075,Birni-N Konni,2011,8,154.0,2.0,7.0,CLIMAT,,
61080,Maradi,2011,8,142.0,,11.0,CLIMAT,,
61090,Zinder,2011,8,186.0,3.0,10.0,CLIMAT,,
61091,Magaria,2011,8,288.0,4.0,15.0,CLIMAT,,
61096,Maine-Soroa,2011,8,153.0,3.0,10.0,CLIMAT,,
61099,Gaya,2011,8,409.0,5.0,15.0,CLIMAT,,
61075,Birni-N Konni,2012,6,46.0,2.0,4.0,CLIMAT,,
61096,Maine-Soroa,2012,6,58.0,5.0,4.0,CLIMAT,,
61090,Zinder,2012,6,0.0,0.0,0.0,CLIMAT,,
61017,Bilma,2012,7,0.0,3.0,1.0,CLIMAT,,
61036,Tillabery,2012,7,208.0,5.0,10.0,CLIMAT,,
61045,Goure,2012,7,82.0,2.0,6.0,CLIMAT,,
61049,N Guigmi,2012,7,114.0,5.0,9.0,CLIMAT,,
61052,Niamey-Aero,2012,7,125.0,2.0,10.0,CLIMAT,,
61017,Bilma,2012,8,3.0,3.0,3.0,CLIMAT,,
61024,Agadez,2012,8,0.0,,,CLIMAT,,
61036,Tillabery,2012,8,190.0,4.0,10.0,CLIMAT,,
61043,Tahoua,2012,8,1115.0,2.0,11.0,CLIMAT,,
61045,Goure,2012,8,220.0,5.0,12.0,CLIMAT,,
61049,N Guigmi,2012,8,167.0,4.0,8.0,CLIMAT,,
61052,Niamey-Aero,2012,8,328.0,5.0,13.0,CLIMAT,,
61075,Birni-N Konni,2012,8,139.0,1.0,11.0,CLIMAT,,
61080,Maradi,2012,8,173.0,2.0,11.0,CLIMAT,,
61090,Zinder,2012,8,260.0,4.0,11.0,CLIMAT,,
61017,Bilma,2013,6,0.0,4.0,0.0,CLIMAT,,
61024,Agadez,2013,6,4.0,2.0,1.0,CLIMAT,,
61036,Tillabery,2013,6,44.0,2.0,3.0,CLIMAT,,
61045,Goure,2013,6,55.0,5.0,6.0,CLIMAT,,
61049,N Guigmi,2013,6,7.0,4.0,1.0,CLIMAT,,
61052,Niamey-Aero,2013,6,69.0,3.0,6.0,CLIMAT,,
61053,Dosso,2013,6,74.0,,10.0,CLIMAT,,
61075,Birni-N Konni,2013,6,66.0,3.0,7.0,CLIMAT,,
61080,Maradi,2013,6,24.0,1.0,4.0,CLIMAT,,
61085,Diffa,2013,6,22.0,4.0,4.0,CLIMAT,,
61090,Zinder,2013,6,54.0,4.0,4.0,CLIMAT,,
61091,Magaria,2013,6,98.0,5.0,8.0,CLIMAT,,
61099,Gaya,2013,6,134.0,4.0,9.0,CLIMAT,,
61017,Bilma,2013,7,2.0,4.0,1.0,CLIMAT,,
61024,Agadez,2013,7,62.0,5.0,6.0,CLIMAT,,
61036,Tillabery,2013,7,84.0,2.0,7.0,CLIMAT,,
61043,Tahoua,2013,7,47.0,1.0,7.0,CLIMAT,,
61045,Goure,2013,7,84.0,2.0,6.0,CLIMAT,,
61049,N Guigmi,2013,7,14.0,1.0,3.0,CLIMAT,,
61052,Niamey-Aero,2013,7,89.0,1.0,13.0,CLIMAT,,
61053,Dosso,2013,7,101.0,,7.0,CLIMAT,,
61075,Birni-N Konni,2013,7,85.0,1.0,6.0,CLIMAT,,
61080,Maradi,2013,7,103.0,1.0,11.0,CLIMAT,,
61085,Diffa,2013,7,83.0,4.0,8.0,CLIMAT,,
61090,Zinder,2013,7,72.0,1.0,8.0,CLIMAT,,
61091,Magaria,2013,7,131.0,2.0,9.0,CLIMAT,,
61096,Maine-Soroa,2013,7,183.0,5.0,7.0,CLIMAT,,
61099,Gaya,2013,7,139.0,2.0,11.0,CLIMAT,,
61024,Agadez,2013,8,135.0,5.0,8.0,CLIMAT,,
61036,Tillabery,2013,8,303.0,5.0,16.0,CLIMAT,,
61043,Tahoua,2013,8,126.0,3.0,9.0,CLIMAT,,
61045,Goure,2013,8,200.0,6.0,14.0,CLIMAT,,
61049,N Guigmi,2013,8,140.0,4.0,11.0,CLIMAT,,
61052,Niamey-Aero,2013,8,300.0,5.0,17.0,CLIMAT,,
61053,Dosso,2013,8,281.0,,19.0,CLIMAT,,
61075,Birni-N Konni,2013,8,163.0,2.0,12.0,CLIMAT,,
61080,Maradi,2013,8,282.0,5.0,10.0,CLIMAT,,
61090,Zinder,2013,8,256.0,4.0,14.0,CLIMAT,,
61091,Magaria,2013,8,217.0,3.0,14.0,CLIMAT,,
61096,Maine-Soroa,2013,8,132.0,3.0,13.0,CLIMAT,,
61099,Gaya,2013,8,225.0,3.0,17.0,CLIMAT,,
61017,Bilma,2013,8,0.0,0.0,0.0,CLIMAT,,
61085,Diffa,2013,8,0.0,0.0,0.0,CLIMAT,,
61017,Bilma,2014,6,0.0,4.0,0.0,CLIMAT,,
61036,Tillabery,2014,6,50.0,3.0,5.0,CLIMAT,,
61043,Tahoua,2014,6,43.0,2.0,5.0,CLIMAT,,
61045,Goure,2014,6,12.0,2.0,1.0,CLIMAT,,
61049,N Guigmi,2014,6,0.0,3.0,1.0,CLIMAT,,
61052,Niamey-Aero,2014,6,48.0,2.0,3.0,CLIMAT,,
61053,Dosso,2014,6,53.0,,7.0,CLIMAT,,
61075,Birni-N Konni,2014,6,55.0,3.0,7.0,CLIMAT,,
61080,Maradi,2014,6,20.0,1.0,5.0,CLIMAT,,
61085,Diffa,2014,6,2.0,1.0,1.0,CLIMAT,,
61091,Magaria,2014,6,9.0,1.0,6.0,CLIMAT,,
61099,Gaya,2014,6,87.0,2.0,8.0,CLIMAT,,
61024,Agadez,2014,6,0.0,0.0,0.0,CLIMAT,,
61090,Zinder,2014,6,0.0,0.0,0.0,CLIMAT,,
61017,Bilma,2014,7,0.0,3.0,0.0,CLIMAT,,
61045,Goure,2014,7,875.0,2.0,9.0,CLIMAT,,
61049,N Guigmi,2014,7,15.0,1.0,5.0,CLIMAT,,
61052,Niamey-Aero,2014,7,147.0,3.0,11.0,CLIMAT,,
61075,Birni-N Konni,2014,7,199.0,5.0,10.0,CLIMAT,,
61085,Diffa,2014,7,64.0,3.0,7.0,CLIMAT,,
61091,Magaria,2014,7,128.0,2.0,8.0,CLIMAT,,
61096,Maine-Soroa,2014,7,97.0,3.0,8.0,CLIMAT,,
61099,Gaya,2014,7,7.0,0.0,8.0,CLIMAT,,
61024,Agadez,2014,8,66.0,3.0,12.0,CLIMAT,,
61036,Tillabery,2014,8,151.0,3.0,9.0,CLIMAT,,
61043,Tahoua,2014,8,106.0,2.0,11.0,CLIMAT,,
61045,Goure,2014,8,96.0,2.0,8.0,CLIMAT,,
61052,Niamey-Aero,2014,8,227.0,4.0,12.0,CLIMAT,,
61053,Dosso,2014,8,230.0,,9.0,CLIMAT,,
61080,Maradi,2014,8,142.0,1.0,11.0,CLIMAT,,
61085,Diffa,2014,8,162.0,4.0,12.0,CLIMAT,,
61090,Zinder,2014,8,178.0,3.0,8.0,CLIMAT,,
61091,Magaria,2014,8,161.0,2.0,16.0,CLIMAT,,
61096,Maine-Soroa,2014,8,232.0,5.0,12.0,CLIMAT,,
61099,Gaya,2014,8,185.0,2.0,14.0,CLIMAT,,
61017,Bilma,2014,8,0.0,0.0,0.0,CLIMAT,,
61075,Birni-N Konni,2014,8,0.0,0.0,0.0,CLIMAT,,
61017,Bilma,2015,6,0.0,5.0,0.0,CLIMAT,,
61024,Agadez,2015,6,0.0,2.0,1.0,CLIMAT,,
61036,Tillabery,2015,6,74.0,4.0,5.0,CLIMAT,,
61045,Goure,2015,6,14.0,2.0,5.0,CLIMAT,,
61049,N Guigmi,2015,6,1.0,3.0,1.0,CLIMAT,,
61052,Niamey-Aero,2015,6,470.0,2.0,5.0,CLIMAT,,
61053,Dosso,2015,6,89.0,,4.0,CLIMAT,,
61075,Birni-N Konni,2015,6,57.0,3.0,8.0,CLIMAT,,
61080,Maradi,2015,6,18.0,1.0,4.0,CLIMAT,,
61085,Diffa,2015,6,9.0,2.0,2.0,CLIMAT,,
61090,Zinder,2015,6,39.0,3.0,4.0,CLIMAT,,
61091,Magaria,2015,6,33.0,2.0,7.0,CLIMAT,,
61096,Maine-Soroa,2015,6,4.0,1.0,1.0,CLIMAT,,
61099,Gaya,2015,6,40.0,1.0,5.0,CLIMAT,,
61017,Bilma,2015,7,0.0,3.0,2.0,CLIMAT,,
61036,Tillabery,2015,7,163.0,5.0,12.0,CLIMAT,,
61043,Tahoua,2015,7,73.0,1.0,8.0,CLIMAT,,
61049,N Guigmi,2015,7,427.0,3.0,8.0,CLIMAT,,
61052,Niamey-Aero,2015,7,196.0,4.0,12.0,CLIMAT,,
61075,Birni-N Konni,2015,7,115.0,2.0,8.0,CLIMAT,,
61085,Diffa,2015,7,42.0,1.0,11.0,CLIMAT,,
61090,Zinder,2015,7,97.0,2.0,12.0,CLIMAT,,
61091,Magaria,2015,7,183.0,4.0,14.0,CLIMAT,,
61096,Maine-Soroa,2015,7,100.0,3.0,10.0,CLIMAT,,
61099,Gaya,2015,7,159.0,3.0,11.0,CLIMAT,,
61017,Bilma,2015,8,7.0,3.0,2.0,CLIMAT,,
61024,Agadez,2015,8,115.0,5.0,8.0,CLIMAT,,
61036,Tillabery,2015,8,186.0,4.0,14.0,CLIMAT,,
61045,Goure,2015,8,134.0,3.0,10.0,CLIMAT,,
61049,N Guigmi,2015,8,167.0,4.0,6.0,CLIMAT,,
61052,Niamey-Aero,2015,8,141.0,2.0,14.0,CLIMAT,,
61053,Dosso,2015,8,185.0,,13.0,CLIMAT,,
61075,Birni-N Konni,2015,8,196.0,3.0,16.0,CLIMAT,,
61080,Maradi,2015,8,231.0,3.0,13.0,CLIMAT,,
61090,Zinder,2015,8,178.0,3.0,11.0,CLIMAT,,
61099,Gaya,2015,8,279.0,4.0,19.0,CLIMAT,,
61043,Tahoua,2015,8,0.0,0.0,0.0,CLIMAT,,
61017,Bilma,2016,6,0.0,5.0,0.0,CLIMAT,,
61024,Agadez,2016,6,30.0,5.0,4.0,CLIMAT,,
61036,Tillabery,2016,6,115.0,5.0,8.0,CLIMAT,,
61043,Tahoua,2016,6,396.0,2.0,3.0,CLIMAT,,
61045,Goure,2016,6,82.0,6.0,6.0,CLIMAT,,
61049,N Guigmi,2016,6,25.0,5.0,5.0,CLIMAT,,
61053,Dosso,2016,6,28.0,,5.0,CLIMAT,,
61075,Birni-N Konni,2016,6,73.0,4.0,10.0,CLIMAT,,
61080,Maradi,2016,6,36.0,2.0,4.0,CLIMAT,,
61085,Diffa,2016,6,88.0,6.0,5.0,CLIMAT,,
61090,Zinder,2016,6,31.0,3.0,5.0,CLIMAT,,
61091,Magaria,2016,6,156.0,6.0,10.0,CLIMAT,,
61096,Maine-Soroa,2016,6,58.0,5.0,6.0,CLIMAT,,
61052,Niamey-Aero,2016,6,0.0,0.0,0.0,CLIMAT,,
61017,Bilma,2016,7,3.0,4.0,2.0,CLIMAT,,
61024,Agadez,2016,7,83.0,5.0,7.0,CLIMAT,,
61036,Tillabery,2016,7,112.0,3.0,10.0,CLIMAT,,
61043,Tahoua,2016,7,117.0,3.0,11.0,CLIMAT,,
61045,Goure,2016,7,75.0,4.0,6.0,CLIMAT,,
61049,N Guigmi,2016,7,147.0,5.0,11.0,CLIMAT,,
61052,Niamey-Aero,2016,7,85.0,1.0,9.0,CLIMAT,,
61053,Dosso,2016,7,142.0,,12.0,CLIMAT,,
61075,Birni-N Konni,2016,7,161.0,4.0,12.0,CLIMAT,,
61080,Maradi,2016,7,198.0,4.0,9.0,CLIMAT,,
61085,Diffa,2016,7,106.0,4.0,10.0,CLIMAT,,
61090,Zinder,2016,7,91.0,1.0,11.0,CLIMAT,,
61096,Maine-Soroa,2016,7,120.0,3.0,10.0,CLIMAT,,
61017,Bilma,2016,8,12.0,4.0,1.0,CLIMAT,,
61024,Agadez,2016,8,44.0,2.0,12.0,CLIMAT,,
61043,Tahoua,2016,8,94.0,2.0,8.0,CLIMAT,,
61045,Goure,2016,8,220.0,5.0,14.0,CLIMAT,,
61049,N Guigmi,2016,8,109.0,5.0,11.0,CLIMAT,,
61075,Birni-N Konni,2016,8,126.0,2.0,10.0,CLIMAT,,
61080,Maradi,2016,8,217.0,3.0,14.0,CLIMAT,,
61085,Diffa,2016,8,157.0,4.0,8.0,CLIMAT,,
61091,Magaria,2016,8,138.0,1.0,11.0,CLIMAT,,
61096,Maine-Soroa,2016,8,239.0,5.0,11.0,CLIMAT,,
61099,Gaya,2016,8,228.0,3.0,14.0,CLIMAT,,
61090,Zinder,2016,8,0.0,0.0,0.0,CLIMAT,,
61017,Bilma,2017,6,0.0,5.0,0.0,CLIMAT,,
61024,Agadez,2017,6,23.0,5.0,4.0,CLIMAT,,
61036,Tillabery,2017,6,58.0,3.0,4.0,CLIMAT,,
61043,Tahoua,2017,6,141.0,5.0,6.0,CLIMAT,,
61049,N Guigmi,2017,6,40.0,5.0,4.0,CLIMAT,,
61053,Dosso,2017,6,73.0,,6.0,CLIMAT,,
61075,Birni-N Konni,2017,6,58.0,3.0,8.0,CLIMAT,,
61085,Diffa,2017,6,72.0,5.0,5.0,CLIMAT,,
61091,Magaria,2017,6,139.0,5.0,7.0,CLIMAT,,
61099,Gaya,2017,6,120.0,3.0,12.0,CLIMAT,,
61080,Maradi,2017,6,0.0,0.0,0.0,CLIMAT,,
61096,Maine-Soroa,2017,6,0.0,0.0,0.0,CLIMAT,,
61017,Bilma,2017,7,0.0,3.0,0.0,CLIMAT,,
61024,Agadez,2017,7,37.0,3.0,6.0,CLIMAT,,
61036,Tillabery,2017,7,94.0,2.0,13.0,CLIMAT,,
61043,Tahoua,2017,7,105.0,3.0,10.0,CLIMAT,,
61045,Goure,2017,7,100.0,3.0,9.0,CLIMAT,,
61049,N Guigmi,2017,7,52.0,3.0,4.0,CLIMAT,,
61053,Dosso,2017,7,263.0,,11.0,CLIMAT,,
61075,Birni-N Konni,2017,7,131.0,3.0,10.0,CLIMAT,,
61080,Maradi,2017,7,270.0,5.0,9.0,CLIMAT,,
61085,Diffa,2017,7,89.0,4.0,6.0,CLIMAT,,
61090,Zinder,2017,7,132.0,3.0,10.0,CLIMAT,,
61091,Magaria,2017,7,135.0,2.0,6.0,CLIMAT,,
61096,Maine-Soroa,2017,7,118.0,4.0,6.0,CLIMAT,,
61099,Gaya,2017,7,194.0,4.0,12.0,CLIMAT,,
61017,Bilma,2017,8,2.0,1.0,1.0,CLIMAT,,
61024,Agadez,2017,8,37.0,2.0,6.0,CLIMAT,,
61036,Tillabery,2017,8,176.0,3.0,13.0,CLIMAT,,
61043,Tahoua,2017,8,32.0,0.0,5.0,CLIMAT,,
61045,Goure,2017,8,128.0,3.0,34.0,CLIMAT,,
61049,N Guigmi,2017,8,71.0,5.0,3.0,CLIMAT,,
61052,Niamey-Aero,2017,8,210.0,4.0,17.0,CLIMAT,,
61053,Dosso,2017,8,117.0,,8.0,CLIMAT,,
61075,Birni-N Konni,2017,8,119.0,1.0,8.0,CLIMAT,,
61080,Maradi,2017,8,128.0,3.0,9.0,CLIMAT,,
61090,Zinder,2017,8,249.0,4.0,13.0,CLIMAT,,
61091,Magaria,2017,8,232.0,3.0,11.0,CLIMAT,,
61099,Gaya,2017,8,397.0,5.0,16.0,CLIMAT,,
61024,Agadez,2018,6,5.0,3.0,3.0,CLIMAT,,
61043,Tahoua,2018,6,29.0,2.0,6.0,CLIMAT,,
61045,Goure,2018,6,89.0,6.0,6.0,CLIMAT,,
61049,N Guigmi,2018,6,75.0,5.0,3.0,CLIMAT,,
61052,Niamey-Aero,2018,6,34.0,1.0,5.0,CLIMAT,,
61053,Dosso,2018,6,42.0,,5.0,CLIMAT,,
61075,Birni-N Konni,2018,6,31.0,2.0,5.0,CLIMAT,,
61080,Maradi,2018,6,91.0,5.0,8.0,CLIMAT,,
61085,Diffa,2018,6,72.0,6.0,6.0,CLIMAT,,
61090,Zinder,2018,6,47.0,3.0,8.0,CLIMAT,,
61096,Maine-Soroa,2018,6,88.0,5.0,5.0,CLIMAT,,
61099,Gaya,2018,6,149.0,4.0,8.0,CLIMAT,,
61017,Bilma,2018,7,2.0,4.0,1.0,CLIMAT,,
61024,Agadez,2018,7,1083.0,5.0,9.0,CLIMAT,,
61036,Tillabery,2018,7,151.0,4.0,8.0,CLIMAT,,
61043,Tahoua,2018,7,115.0,3.0,7.0,CLIMAT,,
61045,Goure,2018,7,75.0,1.0,7.0,CLIMAT,,
61049,N Guigmi,2018,7,85.0,4.0,8.0,CLIMAT,,
61052,Niamey-Aero,2018,7,130.0,2.0,7.0,CLIMAT,,
61075,Birni-N Konni,2018,7,90.0,1.0,7.0,CLIMAT,,
61080,Maradi,2018,7,162.0,4.0,8.0,CLIMAT,,
61085,Diffa,2018,7,24.0,1.0,7.0,CLIMAT,,
61090,Zinder,2018,7,245.0,5.0,13.0,CLIMAT,,
61091,Magaria,2018,7,228.0,4.0,13.0,CLIMAT,,
61096,Maine-Soroa,2018,7,75.0,2.0,6.0,CLIMAT,,
61099,Gaya,2018,7,318.0,6.0,15.0,CLIMAT,,
61053,Dosso,2018,7,0.0,0.0,0.0,CLIMAT,,
61024,Agadez,2019,7,63.0,5.0,8.0,CLIMAT,,
61036,Tillabery,2019,7,79.0,2.0,7.0,CLIMAT,,
61043,Tahoua,2019,7,49.0,1.0,7.0,CLIMAT,,
61045,Goure,2019,7,98.0,2.0,7.0,CLIMAT,,
61049,N Guigmi,2019,7,25.0,2.0,4.0,CLIMAT,,
61052,Niamey-Aero,2019,7,107.0,2.0,10.0,CLIMAT,,
61075,Birni-N Konni,2019,7,99.0,2.0,8.0,CLIMAT,,
61080,Maradi,2019,7,108.0,2.0,9.0,CLIMAT,,
61085,Diffa,2019,7,139.0,5.0,10.0,CLIMAT,,
61090,Zinder,2019,7,131.0,3.0,13.0,CLIMAT,,
61091,Magaria,2019,7,226.0,4.0,11.0,CLIMAT,,
61096,Maine-Soroa,2019,7,129.0,4.0,6.0,CLIMAT,,
61017,Bilma,2019,7,0.0,0.0,0.0,CLIMAT,,
61053,Dosso,2019,7,0.0,0.0,0.0,CLIMAT,,
61017,Bilma,2019,8,40.0,5.0,2.0,CLIMAT,,
61024,Agadez,2019,8,134.0,5.0,15.0,CLIMAT,,
61036,Tillabery,2019,8,182.0,4.0,17.0,CLIMAT,,
61043,Tahoua,2019,8,119.0,3.0,9.0,CLIMAT,,
61045,Goure,2019,8,388.0,5.0,12.0,CLIMAT,,
61049,N Guigmi,2019,8,143.0,4.0,15.0,CLIMAT,,
61052,Niamey-Aero,2019,8,123.0,1.0,9.0,CLIMAT,,
61053,Dosso,2019,8,179.0,,13.0,CLIMAT,,
61075,Birni-N Konni,2019,8,103.0,1.0,9.0,CLIMAT,,
61080,Maradi,2019,8,252.0,4.0,12.0,CLIMAT,,
61085,Diffa,2019,8,160.0,4.0,16.0,CLIMAT,,
61090,Zinder,2019,8,222.0,4.0,17.0,CLIMAT,,
61091,Magaria,2019,8,251.0,4.0,15.0,CLIMAT,,
61096,Maine-Soroa,2019,8,245.0,6.0,13.0,CLIMAT,,
61099,Gaya,2019,8,255.0,4.0,15.0,CLIMAT,,
61017,Bilma,2020,6,0.0,4.0,0.0,CLIMAT,,
61024,Agadez,2020,6,32.0,5.0,3.0,CLIMAT,,
61036,Tillabery,2020,6,46.0,3.0,6.0,CLIMAT,,
61043,Tahoua,2020,6,42.0,2.0,4.0,CLIMAT,,
61045,Goure,2020,6,6.0,2.0,3.0,CLIMAT,,
61049,N Guigmi,2020,6,0.0,5.0,0.0,CLIMAT,,
61053,Dosso,2020,6,59.0,,6.0,CLIMAT,,
61075,Birni-N Konni,2020,6,97.0,4.0,8.0,CLIMAT,,
61080,Maradi,2020,6,78.0,4.0,8.0,CLIMAT,,
61085,Diffa,2020,6,0.0,5.0,0.0,CLIMAT,,
61090,Zinder,2020,6,22.0,2.0,4.0,CLIMAT,,
61091,Magaria,2020,6,28.0,2.0,5.0,CLIMAT,,
61096,Maine-Soroa,2020,6,5.0,1.0,1.0,CLIMAT,,
61099,Gaya,2020,6,69.0,1.0,3.0,CLIMAT,,
61017,Bilma,2020,7,0.0,3.0,0.0,CLIMAT,,
61024,Agadez,2020,7,60.0,4.0,9.0,CLIMAT,,
61036,Tillabery,2020,7,115.0,3.0,10.0,CLIMAT,,
61043,Tahoua,2020,7,165.0,5.0,8.0,CLIMAT,,
61045,Goure,2020,7,155.0,5.0,5.0,CLIMAT,,
61052,Niamey-Aero,2020,7,174.0,3.0,10.0,CLIMAT,,
61053,Dosso,2020,7,205.0,,9.0,CLIMAT,,
61080,Maradi,2020,7,209.0,5.0,9.0,CLIMAT,,
61090,Zinder,2020,7,265.0,5.0,18.0,CLIMAT,,
61091,Magaria,2020,7,321.0,5.0,15.0,CLIMAT,,
61096,Maine-Soroa,2020,7,0.0,0.0,0.0,CLIMAT,,
61017,Bilma,2020,8,8.0,4.0,2.0,CLIMAT,,
61024,Agadez,2020,8,113.0,5.0,10.0,CLIMAT,,
61043,Tahoua,2020,8,196.0,5.0,13.0,CLIMAT,,
61045,Goure,2020,8,111.0,2.0,7.0,CLIMAT,,
61049,N Guigmi,2020,8,203.0,5.0,9.0,CLIMAT,,
61053,Dosso,2020,8,305.0,,16.0,CLIMAT,,
61075,Birni-N Konni,2020,8,223.0,4.0,10.0,CLIMAT,,
61080,Maradi,2020,8,238.0,4.0,12.0,CLIMAT,,
61085,Diffa,2020,8,225.0,5.0,17.0,CLIMAT,,
61090,Zinder,2020,8,179.0,3.0,16.0,CLIMAT,,
61091,Magaria,2020,8,260.0,4.0,13.0,CLIMAT,,
61096,Maine-Soroa,2020,8,227.0,4.0,10.0,CLIMAT,,
61099,Gaya,2020,8,462.0,6.0,19.0,CLIMAT,,
61036,Tillabery,2020,8,0.0,0.0,0.0,CLIMAT,,
61017,Bilma,2021,6,0.0,3.0,0.0,CLIMAT,,
61036,Tillabery,2021,6,3.0,2.0,9.0,CLIMAT,,
61043,Tahoua,2021,6,54.0,4.0,5.0,CLIMAT,,
61045,Goure,2021,6,19.0,2.0,5.0,CLIMAT,,
61052,Niamey-Aero,2021,6,46.0,1.0,5.0,CLIMAT,,
61053,Dosso,2021,6,73.0,,4.0,CLIMAT,,
61075,Birni-N Konni,2021,6,51.0,6.0,4.0,CLIMAT,,
61080,Maradi,2021,6,46.0,2.0,6.0,CLIMAT,,
61085,Diffa,2021,6,13.0,3.0,3.0,CLIMAT,,
61090,Zinder,2021,6,19.0,2.0,7.0,CLIMAT,,
61091,Magaria,2021,6,24.0,2.0,2.0,CLIMAT,,
61096,Maine-Soroa,2021,6,22.0,2.0,6.0,CLIMAT,,
61024,Agadez,2021,6,0.0,0.0,0.0,CLIMAT,,
61052,Niamey-Aero,2021,7,102.0,6.0,9.0,CLIMAT,,
61017,Bilma,2021,8,4.0,3.0,1.0,CLIMAT,,
61024,Agadez,2021,8,56.0,3.0,7.0,CLIMAT,,
61036,Tillabery,2021,8,159.0,3.0,9.0,CLIMAT,,
61043,Tahoua,2021,8,172.0,6.0,14.0,CLIMAT,,
61049,N Guigmi,2021,8,530.0,1.0,7.0,CLIMAT,,
61052,Niamey-Aero,2021,8,160.0,6.0,7.0,CLIMAT,,
61053,Dosso,2021,8,155.0,,14.0,CLIMAT,,
61080,Maradi,2021,8,194.0,2.0,12.0,CLIMAT,,
61085,Diffa,2021,8,106.0,3.0,10.0,CLIMAT,,
61091,Magaria,2021,8,206.0,3.0,16.0,CLIMAT,,
61096,Maine-Soroa,2021,8,108.0,2.0,9.0,CLIMAT,,
61099,Gaya,2021,8,307.0,5.0,18.0,CLIMAT,,
61075,Birni-N Konni,2021,8,0.0,0.0,0.0,CLIMAT,,
61017,Bilma,2022,6,0.0,5.0,0.0,CLIMAT,,
61024,Agadez,2022,6,12.0,4.0,3.0,CLIMAT,,
61036,Tillabery,2022,6,61.0,4.0,4.0,CLIMAT,,
61043,Tahoua,2022,6,31.0,2.0,5.0,CLIMAT,,
61045,Goure,2022,6,47.0,5.0,5.0,CLIMAT,,
61049,N Guigmi,2022,6,0.0,3.0,0.0,CLIMAT,,
61052,Niamey-Aero,2022,6,45.0,,5.0,CLIMAT,,
61053,Dosso,2022,6,82.0,,7.0,CLIMAT,,
61075,Birni-N Konni,2022,6,726.0,4.0,8.0,CLIMAT,,
61080,Maradi,2022,6,53.0,3.0,4.0,CLIMAT,,
61085,Diffa,2022,6,36.0,1.0,3.0,CLIMAT,,
61090,Zinder,2022,6,51.0,2.0,6.0,CLIMAT,,
61091,Magaria,2022,6,84.0,4.0,6.0,CLIMAT,,
61096,Maine-Soroa,2022,6,29.0,3.0,3.0,CLIMAT,,
61099,Gaya,2022,6,163.0,5.0,10.0,CLIMAT,,
61017,Bilma,2022,7,0.0,3.0,15.0,CLIMAT,,
61024,Agadez,2022,7,82.0,5.0,7.0,CLIMAT,,
61036,Tillabery,2022,7,107.0,2.0,10.0,CLIMAT,,
61043,Tahoua,2022,7,64.0,1.0,6.0,CLIMAT,,
61045,Goure,2022,7,146.0,4.0,8.0,CLIMAT,,
61049,N Guigmi,2022,7,56.0,3.0,9.0,CLIMAT,,
61052,Niamey-Aero,2022,7,39.0,,5.0,CLIMAT,,
61053,Dosso,2022,7,87.0,,7.0,CLIMAT,,
61075,Birni-N Konni,2022,7,105.0,2.0,7.0,CLIMAT,,
61080,Maradi,2022,7,103.0,1.0,11.0,CLIMAT,,
61085,Diffa,2022,7,185.0,5.0,11.0,CLIMAT,,
61090,Zinder,2022,7,185.0,4.0,11.0,CLIMAT,,
61096,Maine-Soroa,2022,7,237.0,6.0,11.0,CLIMAT,,
61099,Gaya,2022,7,264.0,5.0,16.0,CLIMAT,,
61091,Magaria,2022,7,0.0,0.0,0.0,CLIMAT,,
61017,Bilma,2022,8,12.0,4.0,15.0,CLIMAT,,
61024,Agadez,2022,8,97.0,4.0,10.0,CLIMAT,,
61036,Tillabery,2022,8,167.0,3.0,12.0,CLIMAT,,
61043,Tahoua,2022,8,142.0,3.0,9.0,CLIMAT,,
61049,N Guigmi,2022,8,131.0,4.0,10.0,CLIMAT,,
61052,Niamey-Aero,2022,8,238.0,4.0,16.0,CLIMAT,,
61053,Dosso,2022,8,276.0,,14.0,CLIMAT,,
61075,Birni-N Konni,2022,8,188.0,2.0,10.0,CLIMAT,,
61080,Maradi,2022,8,271.0,4.0,18.0,CLIMAT,,
61085,Diffa,2022,8,234.0,5.0,12.0,CLIMAT,,
61090,Zinder,2022,8,279.0,4.0,11.0,CLIMAT,,
61091,Magaria,2022,8,311.0,5.0,18.0,CLIMAT,,
61096,Maine-Soroa,2022,8,255.0,5.0,14.0,CLIMAT,,
61099,Gaya,2022,8,249.0,4.0,16.0,CLIMAT,,
61017,Bilma,2023,6,4.0,5.0,1.0,CLIMAT,,
61024,Agadez,2023,6,8.0,4.0,2.0,CLIMAT,,
61036,Tillabery,2023,6,66.0,4.0,8.0,CLIMAT,,
61043,Tahoua,2023,6,64.0,4.0,5.0,CLIMAT,,
61045,Goure,2023,6,110.0,6.0,8.0,CLIMAT,,
61049,N Guigmi,2023,6,58.0,5.0,6.0,CLIMAT,,
61052,Niamey-Aero,2023,6,93.0,0.0,5.0,CLIMAT,,
61053,Dosso,2023,6,132.0,,5.0,CLIMAT,,
61075,Birni-N Konni,2023,6,31.0,1.0,3.0,CLIMAT,,
61080,Maradi,2023,6,73.0,6.0,6.0,CLIMAT,,
61090,Zinder,2023,6,93.0,5.0,8.0,CLIMAT,,
61091,Magaria,2023,6,113.0,5.0,8.0,CLIMAT,,
61096,Maine-Soroa,2023,6,67.0,5.0,5.0,CLIMAT,,
61099,Gaya,2023,6,82.0,2.0,8.0,CLIMAT,,
61085,Diffa,2023,6,0.0,0.0,0.0,CLIMAT,,
61024,Agadez,2023,7,5.0,1.0,1.0,CLIMAT,,
61036,Tillabery,2023,7,118.0,3.0,12.0,CLIMAT,,
61043,Tahoua,2023,7,92.0,2.0,9.0,CLIMAT,,
61052,Niamey-Aero,2023,7,185.0,4.0,10.0,CLIMAT,,
61053,Dosso,2023,7,80.0,,7.0,CLIMAT,,
61075,Birni-N Konni,2023,7,211.0,5.0,9.0,CLIMAT,,
61080,Maradi,2023,7,163.0,6.0,9.0,CLIMAT,,
61085,Diffa,2023,7,53.0,5.0,4.0,CLIMAT,,
61090,Zinder,2023,7,255.0,5.0,11.0,CLIMAT,,
61091,Magaria,2023,7,207.0,4.0,9.0,CLIMAT,,
61096,Maine-Soroa,2023,7,91.0,2.0,8.0,CLIMAT,,
61099,Gaya,2023,7,98.0,1.0,10.0,CLIMAT,,
61017,Bilma,2023,7,0.0,0.0,0.0,CLIMAT,,
61045,Goure,2023,7,0.0,0.0,0.0,CLIMAT,,
61049,N Guigmi,2023,7,0.0,0.0,0.0,CLIMAT,,
61017,Bilma,2023,8,0.0,2.0,0.0,CLIMAT,,
61024,Agadez,2023,8,65.0,3.0,8.0,CLIMAT,,
61036,Tillabery,2023,8,128.0,2.0,10.0,CLIMAT,,
61043,Tahoua,2023,8,149.0,4.0,11.0,CLIMAT,,
61045,Goure,2023,8,184.0,4.0,7.0,CLIMAT,,
61049,N Guigmi,2023,8,98.0,3.0,7.0,CLIMAT,,
61052,Niamey-Aero,2023,8,73.0,0.0,11.0,CLIMAT,,
61053,Dosso,2023,8,139.0,,9.0,CLIMAT,,
61075,Birni-N Konni,2023,8,134.0,1.0,11.0,CLIMAT,,
61080,Maradi,2023,8,129.0,6.0,13.0,CLIMAT,,
61085,Diffa,2023,8,165.0,4.0,8.0,CLIMAT,,
61090,Zinder,2023,8,93.0,1.0,5.0,CLIMAT,,
61091,Magaria,2023,8,167.0,2.0,11.0,CLIMAT,,
61096,Maine-Soroa,2023,8,150.0,3.0,9.0,CLIMAT,,
61099,Gaya,2023,8,334.0,6.0,19.0,CLIMAT,,
61017,Bilma,2024,7,1.0,3.0,1.0,CLIMAT,,
61024,Agadez,2024,7,86.0,5.0,9.0,CLIMAT,,
61036,Tillabery,2024,7,237.0,5.0,13.0,CLIMAT,,
61043,Tahoua,2024,7,121.0,6.0,9.0,CLIMAT,,
61045,Goure,2024,7,168.0,5.0,10.0,CLIMAT,,
61049,N Guigmi,2024,7,197.0,6.0,6.0,CLIMAT,,
61052,Niamey-Aero,2024,7,194.0,5.0,9.0,CLIMAT,,
61053,Dosso,2024,7,204.0,,9.0,CLIMAT,,
61075,Birni-N Konni,2024,7,198.0,5.0,8.0,CLIMAT,,
61080,Maradi,2024,7,199.0,6.0,9.0,CLIMAT,,
61085,Diffa,2024,7,157.0,3.0,9.0,CLIMAT,,
61090,Zinder,2024,7,211.0,5.0,10.0,CLIMAT,,
61091,Magaria,2024,7,174.0,3.0,12.0,CLIMAT,,
61096,Maine-Soroa,2024,7,124.0,4.0,8.0,CLIMAT,,
61099,Gaya,2024,7,188.0,4.0,12.0,CLIMAT,,
61017,Bilma,2024,8,62.0,5.0,6.0,CLIMAT,,
61024,Agadez,2024,8,93.0,4.0,14.0,CLIMAT,,
61036,Tillabery,2024,8,359.0,5.0,13.0,CLIMAT,,
61043,Tahoua,2024,8,227.0,6.0,11.0,CLIMAT,,
61045,Goure,2024,8,194.0,5.0,13.0,CLIMAT,,
61049,N Guigmi,2024,8,273.0,5.0,11.0,CLIMAT,,
61052,Niamey-Aero,2024,8,181.0,3.0,16.0,CLIMAT,,
61053,Dosso,2024,8,314.0,,15.0,CLIMAT,,
61075,Birni-N Konni,2024,8,119.0,3.0,7.0,CLIMAT,,
61080,Maradi,2024,8,303.0,6.0,13.0,CLIMAT,,
61085,Diffa,2024,8,246.0,5.0,3.0,CLIMAT,,
61090,Zinder,2024,8,419.0,5.0,19.0,CLIMAT,,
61091,Magaria,2024,8,363.0,5.0,17.0,CLIMAT,,
61096,Maine-Soroa,2024,8,119.0,2.0,17.0,CLIMAT,,
61099,Gaya,2024,8,458.0,6.0,14.0,CLIMAT,,
61017,Bilma,2025,6,0.0,4.0,0.0,CLIMAT,,
61024,Agadez,2025,6,4.0,2.0,1.0,CLIMAT,,
61036,Tillabery,2025,6,32.0,2.0,7.0,CLIMAT,,
61043,Tahoua,2025,6,93.0,5.0,6.0,CLIMAT,,
61045,Goure,2025,6,48.0,4.0,4.0,CLIMAT,,
61049,N Guigmi,2025,6,16.0,5.0,2.0,CLIMAT,,
61052,Niamey-Aero,2025,6,118.0,5.0,9.0,CLIMAT,,
61053,Dosso,2025,6,89.0,,7.0,CLIMAT,,
61075,Birni-N Konni,2025,6,35.0,1.0,5.0,CLIMAT,,
61080,Maradi,2025,6,95.0,6.0,4.0,CLIMAT,,
61085,Diffa,2025,6,89.0,2.0,3.0,CLIMAT,,
61090,Zinder,2025,6,41.0,3.0,5.0,CLIMAT,,
61091,Magaria,2025,6,83.0,4.0,4.0,CLIMAT,,
61096,Maine-Soroa,2025,6,112.0,6.0,3.0,CLIMAT,,
61099,Gaya,2025,6,35.0,1.0,5.0,CLIMAT,,
61017,Bilma,2025,7,0.0,3.0,23.0,CLIMAT,,
61024,Agadez,2025,7,72.0,5.0,4.0,CLIMAT,,
61036,Tillabery,2025,7,189.0,5.0,10.0,CLIMAT,,
61043,Tahoua,2025,7,90.0,6.0,8.0,CLIMAT,,
61045,Goure,2025,7,142.0,5.0,8.0,CLIMAT,,
61049,N Guigmi,2025,7,52.0,3.0,6.0,CLIMAT,,
61052,Niamey-Aero,2025,7,168.0,4.0,9.0,CLIMAT,,
61053,Dosso,2025,7,137.0,,11.0,CLIMAT,,
61075,Birni-N Konni,2025,7,88.0,1.0,6.0,CLIMAT,,
61080,Maradi,2025,7,234.0,6.0,11.0,CLIMAT,,
61085,Diffa,2025,7,88.0,3.0,6.0,CLIMAT,,
61090,Zinder,2025,7,242.0,5.0,12.0,CLIMAT,,
61091,Magaria,2025,7,172.0,3.0,6.0,CLIMAT,,
61096,Maine-Soroa,2025,7,83.0,2.0,8.0,CLIMAT,,
61099,Gaya,2025,7,292.0,6.0,15.0,CLIMAT,,
61017,Bilma,2026,6,0.0,4.0,0.0,CLIMAT,,
61024,Agadez,2026,6,24.0,5.0,3.0,CLIMAT,,
61036,Tillabery,2026,6,138.0,5.0,8.0,CLIMAT,,
61043,Tahoua,2026,6,43.0,2.0,7.0,CLIMAT,,
61045,Goure,2026,6,53.0,4.0,4.0,CLIMAT,,
61049,N Guigmi,2026,6,0.0,5.0,0.0,CLIMAT,,
61052,Niamey-Aero,2026,6,139.0,5.0,9.0,CLIMAT,,
61053,Dosso,2026,6,118.0,6.0,7.0,CLIMAT,,
61075,Birni-N Konni,2026,6,71.0,4.0,8.0,CLIMAT,,
61085,Diffa,2026,6,12.0,2.0,4.0,CLIMAT,,
61090,Zinder,2026,6,99.0,5.0,8.0,CLIMAT,,
61091,Magaria,2026,6,61.0,4.0,7.0,CLIMAT,,
61096,Maine-Soroa,2026,6,57.0,5.0,5.0,CLIMAT,,
61099,Gaya,2026,6,163.0,6.0,7.0,CLIMAT,,
61080,Maradi,2026,6,0.0,0.0,0.0,CLIMAT,,
61017,Bilma,2026,7,2.0,4.0,1.0,CLIMAT,,
61024,Agadez,2026,7,26.0,2.0,7.0,CLIMAT,,
61036,Tillabery,2026,7,172.0,5.0,5.0,CLIMAT,,
61043,Tahoua,2026,7,128.0,6.0,14.0,CLIMAT,,
61045,Goure,2026,7,93.0,4.0,8.0,CLIMAT,,
61049,N Guigmi,2026,7,75.0,4.0,4.0,CLIMAT,,
61052,Niamey-Aero,2026,7,144.0,3.0,8.0,CLIMAT,,
61053,Dosso,2026,7,142.0,6.0,9.0,CLIMAT,,
61075,Birni-N Konni,2026,7,141.0,3.0,9.0,CLIMAT,,
61080,Maradi,2026,7,187.0,5.0,11.0,CLIMAT,,
61085,Diffa,2026,7,447.0,5.0,4.0,CLIMAT,,
61090,Zinder,2026,7,112.0,2.0,7.0,CLIMAT,,
61091,Magaria,2026,7,125.0,2.0,7.0,CLIMAT,,
61096,Maine-Soroa,2026,7,33.0,0.0,4.0,CLIMAT,,
61099,Gaya,2026,7,121.0,6.0,9.0,CLIMAT,,
