pcode,year,junaug_mm,n_days
NE001001,1998,133.56084148401501,91
NE001001,1999,131.07360824745,91
NE001001,2000,105.261890145881,91
NE001001,2001,89.704877612553,91
NE001001,2002,95.13420979737,91
NE001001,2003,76.08637080067,91
NE001001,2004,67.43510046692,91
NE001001,2005,99.2131522558204,91
NE001001,2006,63.798277871824,91
NE001001,2007,155.79995227465,91
NE001001,2008,99.61754898371,91
NE001001,2009,90.1665850199825,91
NE001001,2010,128.073289562975,91
NE001001,2011,107.960055563718,91
NE001001,2012,98.86746934513,91
NE001001,2013,88.2719831224855,91
NE001001,2014,133.3915669087755,91
NE001001,2015,118.51867338154,91
NE001001,2016,99.617619203784,91
NE001001,2017,97.762480158878,91
NE001001,2018,139.224854929881,91
NE001001,2019,127.8415093646,91
NE001001,2020,132.78531064762,91
NE001001,2021,137.1467479213905,91
NE001001,2022,98.0891859751905,91
NE001001,2023,99.4830457254575,91
NE001001,2024,184.93981489518,91
NE001001,2025,149.566667303118,91
NE001001,2026,117.89628734327,90
NE001002,1998,93.63765661604,91
NE001002,1999,113.50345776009,91
NE001002,2000,93.12687827401,91
NE001002,2001,87.981987293343,91
NE001002,2002,86.80500748444,91
NE001002,2003,95.154025110725,91
NE001002,2004,73.028183325847,91
NE001002,2005,104.14057458443,91
NE001002,2006,96.923261445696,91
NE001002,2007,145.691771788902,91
NE001002,2008,112.227570691646,91
NE001002,2009,73.028197604332,91
NE001002,2010,133.02011663596,91
NE001002,2011,126.005376889972,91
NE001002,2012,136.00689591081,91
NE001002,2013,59.009426994249,91
NE001002,2014,68.592612946207,91
NE001002,2015,147.15326655417,91
NE001002,2016,83.995639707497,91
NE001002,2017,123.573517321179,91
NE001002,2018,115.660551219595,91
NE001002,2019,158.001301581778,91
NE001002,2020,116.315486563731,91
NE001002,2021,80.89415508967001,91
NE001002,2022,111.10470877875001,91
NE001002,2023,81.092818967211,91
NE001002,2024,114.670898587039,91
NE001002,2025,135.73977227286,91
NE001002,2026,73.67947165755,90
NE001003,1998,10.8554795858064,91
NE001003,1999,37.711887425285,91
NE001003,2000,10.5501787741824,91
NE001003,2001,4.4970680776297005,91
NE001003,2002,13.393338204174,91
NE001003,2003,13.8056851541518,91
NE001003,2004,19.439062934226,91
NE001003,2005,20.9022582254,91
NE001003,2006,22.3627280773256,91
NE001003,2007,29.728300153133798,91
NE001003,2008,27.2933402818,91
NE001003,2009,11.7773886152999,91
NE001003,2010,25.759264856575,91
NE001003,2011,23.00381702999,91
NE001003,2012,25.587649715342,91
NE001003,2013,16.621048427005,91
NE001003,2014,9.34089383535,91
NE001003,2015,22.26312584859,91
NE001003,2016,17.260576925241,91
NE001003,2017,32.148317568210004,91
NE001003,2018,25.6573538271227,91
NE001003,2019,33.962705154003004,91
NE001003,2020,17.840743368095,91
NE001003,2021,12.780727265404,91
NE001003,2022,17.8872456190827,91
NE001003,2023,17.95654533495,91
NE001003,2024,43.93692483648,91
NE001003,2025,20.039250093588,91
NE001003,2026,9.908689007259,90
NE001004,1998,37.283573337795,91
NE001004,1999,65.83901111728,91
NE001004,2000,22.2554764430754,91
NE001004,2001,14.303727954432,91
NE001004,2002,27.198846037244,91
NE001004,2003,35.384088688702,91
NE001004,2004,24.810388714071,91
NE001004,2005,36.19043800533,91
NE001004,2006,34.28109808718,91
NE001004,2007,42.052943883903,91
NE001004,2008,32.2414264963016,91
NE001004,2009,19.02924087414,91
NE001004,2010,49.357155629848,91
NE001004,2011,30.7737109104996,91
NE001004,2012,38.01072885323,91
NE001004,2013,20.173846048677,91
NE001004,2014,18.014342393342,91
NE001004,2015,52.131628429770004,91
NE001004,2016,21.417135225481,91
NE001004,2017,48.744596006060995,91
NE001004,2018,38.782558625306,91
NE001004,2019,48.38940714462,91
NE001004,2020,33.923304707366,91
NE001004,2021,23.332331416354,91
NE001004,2022,54.151711052806,91
NE001004,2023,19.207870921705,91
NE001004,2024,59.31257249577,91
NE001004,2025,44.85799018305,91
NE001004,2026,27.62442467027,90
NE001005,1998,167.741866227513,91
NE001005,1999,184.774645369209,91
NE001005,2000,172.13525936286,91
NE001005,2001,183.94154890484398,91
NE001005,2002,156.87790655323,91
NE001005,2003,188.2693672399,91
NE001005,2004,123.93670667703,91
NE001005,2005,184.59778565653,91
NE001005,2006,126.47814181727,91
NE001005,2007,204.8667760228,91
NE001005,2008,195.6800479012,91
NE001005,2009,160.03657250672362,91
NE001005,2010,228.66336661263,91
NE001005,2011,181.9730321705,91
NE001005,2012,236.1145297765,91
NE001005,2013,123.062467957606,91
NE001005,2014,140.66685494876,91
NE001005,2015,217.82532043249398,91
NE001005,2016,131.92705524008,91
NE001005,2017,183.70956477702,91
NE001005,2018,165.52916051045,91
NE001005,2019,199.887308917979,91
NE001005,2020,166.314077666688,91
NE001005,2021,226.62227246954,91
NE001005,2022,178.8451377499,91
NE001005,2023,126.527033835502,91
NE001005,2024,189.40549236025,91
NE001005,2025,272.18345362838,91
NE001005,2026,165.156286405,90
NE001006,1998,129.84633108283,91
NE001006,1999,188.02551169546,91
NE001006,2000,102.06327381573,91
NE001006,2001,90.768648969857,91
NE001006,2002,145.42814960872,91
NE001006,2003,135.17361559927,91
NE001006,2004,120.243833225295,91
NE001006,2005,119.67336015991,91
NE001006,2006,97.56812308841,91
NE001006,2007,165.159937955964,91
NE001006,2008,127.78377881004,91
NE001006,2009,115.342480617272,91
NE001006,2010,166.32488965688,91
NE001006,2011,129.68385635762,91
NE001006,2012,145.044136886537,91
NE001006,2013,73.775888264198,91
NE001006,2014,112.3490990153,91
NE001006,2015,193.094055670734,91
NE001006,2016,90.959287282665,91
NE001006,2017,149.803214355045,91
NE001006,2018,154.806646471172,91
NE001006,2019,170.3305861296,91
NE001006,2020,175.94973456585,91
NE001006,2021,137.4937981252,91
NE001006,2022,132.6143200167,91
NE001006,2023,78.847767119662,91
NE001006,2024,167.802250292614,91
NE001006,2025,193.18465454277998,91
NE001006,2026,147.27441683597002,90
NE002001,1998,310.87064871833,91
NE002001,1999,262.0450755177,91
NE002001,2000,258.6431908204,91
NE002001,2001,214.47606043533,91
NE002001,2002,216.37729020129999,91
NE002001,2003,255.64122584433,91
NE002001,2004,210.3302419096,91
NE002001,2005,293.3845013974,91
NE002001,2006,164.1365549357,91
NE002001,2007,421.6618768308,91
NE002001,2008,204.5227828917,91
NE002001,2009,244.53868234501,91
NE002001,2010,295.62909560957,91
NE002001,2011,246.081794379,91
NE002001,2012,395.2828656449,91
NE002001,2013,313.70400716673,91
NE002001,2014,280.32122165358,91
NE002001,2015,266.74515625780003,91
NE002001,2016,253.08761767305,91
NE002001,2017,387.16629826336,91
NE002001,2018,466.50777556415,91
NE002001,2019,306.09598037625,91
NE002001,2020,348.774901034,91
NE002001,2021,375.66523270863,91
NE002001,2022,394.35244283231,91
NE002001,2023,231.40434190098,91
NE002001,2024,449.36851159153,91
NE002001,2025,507.2295777383,91
NE002001,2026,92.09368690853,90
NE002002,1998,311.236959081,91
NE002002,1999,228.4087023748,91
NE002002,2000,296.09193169716,91
NE002002,2001,250.72788755210001,91
NE002002,2002,235.202384805,91
NE002002,2003,272.358227516558,91
NE002002,2004,204.08423645405,91
NE002002,2005,371.389937619208,91
NE002002,2006,203.17268940034,91
NE002002,2007,373.146841252738,91
NE002002,2008,207.66092162139998,91
NE002002,2009,252.25999589893,91
NE002002,2010,341.965327056965,91
NE002002,2011,209.17997071871,91
NE002002,2012,318.57002440381,91
NE002002,2013,284.32822319581,91
NE002002,2014,214.450726707288,91
NE002002,2015,254.65471645785,91
NE002002,2016,285.79659252182,91
NE002002,2017,337.457915569055,91
NE002002,2018,420.93650762666,91
NE002002,2019,374.61889829786,91
NE002002,2020,274.38707592698,91
NE002002,2021,389.9858830039,91
NE002002,2022,414.9779053441,91
NE002002,2023,212.82496264536,91
NE002002,2024,465.41088479891,91
NE002002,2025,484.6352341933,91
NE002002,2026,147.476203184688,90
NE002003,1998,315.38676663,91
NE002003,1999,166.14791973001,91
NE002003,2000,261.64286100324,91
NE002003,2001,205.90589900007998,91
NE002003,2002,248.16297654153,91
NE002003,2003,344.61767196631,91
NE002003,2004,226.95986369274002,91
NE002003,2005,324.94957491226,91
NE002003,2006,247.27501191775,91
NE002003,2007,329.02640627494,91
NE002003,2008,260.90238899883,91
NE002003,2009,221.80278782254,91
NE002003,2010,387.629989082274,91
NE002003,2011,158.64182873942,91
NE002003,2012,372.13327936202,91
NE002003,2013,255.49890244328,91
NE002003,2014,156.070376686194,91
NE002003,2015,320.81385982431,91
NE002003,2016,404.044892527444,91
NE002003,2017,270.38605080032,91
NE002003,2018,395.16649599237,91
NE002003,2019,415.25600953101997,91
NE002003,2020,237.92242496736,91
NE002003,2021,482.02812157657,91
NE002003,2022,424.1981421593,91
NE002003,2023,180.690107920124,91
NE002003,2024,469.69521239027,91
NE002003,2025,362.56761410466,91
NE002003,2026,182.15203370868,90
NE002004,1998,269.72479238866003,91
NE002004,1999,189.34325505035,91
NE002004,2000,254.76855779909,91
NE002004,2001,199.393314559534,91
NE002004,2002,204.894650468474,91
NE002004,2003,290.557401894,91
NE002004,2004,186.71849538601,91
NE002004,2005,346.67102371973,91
NE002004,2006,229.745621461364,91
NE002004,2007,357.26533330164,91
NE002004,2008,233.44746240904,91
NE002004,2009,208.37598770495,91
NE002004,2010,334.58544056938,91
NE002004,2011,139.543886100478,91
NE002004,2012,317.2299960812,91
NE002004,2013,276.1635743417,91
NE002004,2014,183.700076359189,91
NE002004,2015,288.57262413264,91
NE002004,2016,336.4767544999,91
NE002004,2017,262.41899965218,91
NE002004,2018,386.84470639534,91
NE002004,2019,384.4404081338,91
NE002004,2020,244.361854924115,91
NE002004,2021,446.44634272083,91
NE002004,2022,437.64362942016,91
NE002004,2023,212.387954628114,91
NE002004,2024,424.26788494313,91
NE002004,2025,353.952073524,91
NE002004,2026,160.53973437016,90
NE002005,1998,73.8649003408612,91
NE002005,1999,139.409056231925,91
NE002005,2000,61.8384686361805,91
NE002005,2001,33.7630024219055,91
NE002005,2002,64.165202527655,91
NE002005,2003,53.152481468018,91
NE002005,2004,41.3136943689735,91
NE002005,2005,95.063353702903,91
NE002005,2006,55.70047730202,91
NE002005,2007,74.87340075796,91
NE002005,2008,76.460353033075,91
NE002005,2009,81.49614015037601,91
NE002005,2010,76.71326123213,91
NE002005,2011,58.45745806633,91
NE002005,2012,93.40044156253,91
NE002005,2013,86.8194344400612,91
NE002005,2014,55.7693419027665,91
NE002005,2015,60.12364049137,91
NE002005,2016,92.4572071593544,91
NE002005,2017,62.26706793817,91
NE002005,2018,151.43604974236,91
NE002005,2019,72.264315933501,91
NE002005,2020,143.8744229191725,91
NE002005,2021,115.640886935035,91
NE002005,2022,98.422525887586,91
NE002005,2023,85.568981270979,91
NE002005,2024,209.352295983756,91
NE002005,2025,163.0021573286,91
NE002005,2026,39.4166724800581,90
NE002006,1998,206.26927704241,91
NE002006,1999,255.6776481903,91
NE002006,2000,203.80050288575,91
NE002006,2001,175.04202096457,91
NE002006,2002,168.22278514233,91
NE002006,2003,210.43304702812,91
NE002006,2004,133.65154487683,91
NE002006,2005,253.52211065702,91
NE002006,2006,177.89211487,91
NE002006,2007,329.1896009876,91
NE002006,2008,170.40386271896,91
NE002006,2009,191.78537789871,91
NE002006,2010,243.16527414626,91
NE002006,2011,189.4849806849,91
NE002006,2012,246.28493172721,91
NE002006,2013,186.16194248505,91
NE002006,2014,183.44543949058,91
NE002006,2015,225.78085471400001,91
NE002006,2016,231.16737187035,91
NE002006,2017,259.380637424334,91
NE002006,2018,392.237492258504,91
NE002006,2019,229.87207630911,91
NE002006,2020,308.63879807263,91
NE002006,2021,355.72519320833,91
NE002006,2022,323.05776614955,91
NE002006,2023,199.81898614167,91
NE002006,2024,436.8971680191,91
NE002006,2025,439.5322441924,91
NE002006,2026,102.790811687094,90
NE003001,1998,379.433310152,91
NE003001,1999,365.2008576814,91
NE003001,2000,415.11157443998997,91
NE003001,2001,355.82191875797,91
NE003001,2002,519.21186531164,91
NE003001,2003,343.7482623636,91
NE003001,2004,537.856764826713,91
NE003001,2005,484.25657587797,91
NE003001,2006,490.96046793789003,91
NE003001,2007,447.076329426286,91
NE003001,2008,305.97888733648,91
NE003001,2009,372.81057470658,91
NE003001,2010,511.82580330098,91
NE003001,2011,386.448451703103,91
NE003001,2012,531.7146986086,91
NE003001,2013,410.62186759178,91
NE003001,2014,410.332875168136,91
NE003001,2015,519.330907602306,91
NE003001,2016,272.93480568559,91
NE003001,2017,366.521768245252,91
NE003001,2018,549.6663852905,91
NE003001,2019,623.29089567149,91
NE003001,2020,348.74816726403,91
NE003001,2021,472.5846533951,91
NE003001,2022,374.1223482897,91
NE003001,2023,292.31374136861,91
NE003001,2024,523.295467898026,91
NE003001,2025,525.93719490884,91
NE003001,2026,294.19913113192,90
NE003002,1998,435.45887819666,91
NE003002,1999,358.5722183985,91
NE003002,2000,471.46804714837003,91
NE003002,2001,478.76405544815,91
NE003002,2002,596.57665404395,91
NE003002,2003,384.6638859052,91
NE003002,2004,569.58461487758,91
NE003002,2005,430.39637753499,91
NE003002,2006,489.02656309572,91
NE003002,2007,466.73193847538,91
NE003002,2008,310.7204540994,91
NE003002,2009,308.31212236446,91
NE003002,2010,532.43203040127,91
NE003002,2011,408.7076745021,91
NE003002,2012,533.6026754451,91
NE003002,2013,439.21479832124,91
NE003002,2014,351.97888587017,91
NE003002,2015,478.7047107449,91
NE003002,2016,432.22406225928,91
NE003002,2017,496.68683713964003,91
NE003002,2018,613.9226725905501,91
NE003002,2019,548.48471583718,91
NE003002,2020,378.65268309115,91
NE003002,2021,458.61285899483,91
NE003002,2022,596.87323369275,91
NE003002,2023,437.36286530842,91
NE003002,2024,565.7224902101,91
NE003002,2025,520.68832219051,91
NE003002,2026,364.05813754951,90
NE003003,1998,297.49717174004996,91
NE003003,1999,316.54222512205,91
NE003003,2000,334.82866591172,91
NE003003,2001,374.8630923069,91
NE003003,2002,328.25479280904,91
NE003003,2003,304.044917035102,91
NE003003,2004,451.498468296105,91
NE003003,2005,431.50880953897,91
NE003003,2006,459.8533298893,91
NE003003,2007,335.72342474404,91
NE003003,2008,331.68650559841,91
NE003003,2009,247.86141422537,91
NE003003,2010,469.85264275927,91
NE003003,2011,285.25464265087,91
NE003003,2012,301.109697864518,91
NE003003,2013,459.93254102753,91
NE003003,2014,425.792296509922,91
NE003003,2015,504.63667865487,91
NE003003,2016,228.54841386067,91
NE003003,2017,222.192065745234,91
NE003003,2018,376.1615008612,91
NE003003,2019,322.9610074681,91
NE003003,2020,415.57641289216,91
NE003003,2021,375.48469434177,91
NE003003,2022,390.69602562608,91
NE003003,2023,321.80272052501,91
NE003003,2024,401.487228747705,91
NE003003,2025,431.6843220654,91
NE003003,2026,290.31846135797,90
NE003004,1998,420.39756406239997,91
NE003004,1999,378.38670534002,91
NE003004,2000,404.5385478243,91
NE003004,2001,416.181922498652,91
NE003004,2002,546.653579376385,91
NE003004,2003,371.81334470248,91
NE003004,2004,554.9150200763199,91
NE003004,2005,466.92563090406003,91
NE003004,2006,496.05757843351,91
NE003004,2007,403.44315603546,91
NE003004,2008,314.27167246627,91
NE003004,2009,346.46340218652,91
NE003004,2010,508.94907023564,91
NE003004,2011,361.807011741,91
NE003004,2012,488.98541187549,91
NE003004,2013,431.34592344661,91
NE003004,2014,347.02017970153,91
NE003004,2015,494.73658293046,91
NE003004,2016,319.45017556949,91
NE003004,2017,420.14897156955,91
NE003004,2018,584.389819683042,91
NE003004,2019,562.648226605,91
NE003004,2020,360.30261537415,91
NE003004,2021,502.19688605364,91
NE003004,2022,480.5615102194,91
NE003004,2023,350.49735158977,91
NE003004,2024,493.304649055669,91
NE003004,2025,533.1500565301,91
NE003004,2026,321.14741885784,90
NE003005,1998,443.520375793514,91
NE003005,1999,372.751170180178,91
NE003005,2000,460.47449565916,91
NE003005,2001,443.24627207756004,91
NE003005,2002,520.87391545936,91
NE003005,2003,464.68488653185403,91
NE003005,2004,583.72282988002,91
NE003005,2005,533.991361246714,91
NE003005,2006,484.08862141936,91
NE003005,2007,447.091362488154,91
NE003005,2008,372.75744161553,91
NE003005,2009,428.099893617998,91
NE003005,2010,612.6250829583,91
NE003005,2011,449.22891503750003,91
NE003005,2012,526.5688149272399,91
NE003005,2013,433.18175286277,91
NE003005,2014,290.9383256357,91
NE003005,2015,528.19184918026,91
NE003005,2016,354.23283806116,91
NE003005,2017,472.44890956083,91
NE003005,2018,744.5743978195001,91
NE003005,2019,675.923219324,91
NE003005,2020,398.9987212299,91
NE003005,2021,581.1973494608,91
NE003005,2022,453.1054770375,91
NE003005,2023,374.2804826143,91
NE003005,2024,546.3470500764,91
NE003005,2025,512.0749881791,91
NE003005,2026,374.3315618724,90
NE003006,1998,453.25349199994,91
NE003006,1999,505.2925560965,91
NE003006,2000,481.12917397094,91
NE003006,2001,623.681558734,91
NE003006,2002,640.30567374,91
NE003006,2003,455.6534872959,91
NE003006,2004,616.63386727766,91
NE003006,2005,564.2363676169,91
NE003006,2006,580.5424891061,91
NE003006,2007,604.864923608,91
NE003006,2008,361.50336437037,91
NE003006,2009,412.79787180430003,91
NE003006,2010,588.26761333077,91
NE003006,2011,422.92074450949,91
NE003006,2012,591.237484483996,91
NE003006,2013,524.56592404927,91
NE003006,2014,285.475180482096,91
NE003006,2015,556.0674924082,91
NE003006,2016,452.8611751579,91
NE003006,2017,696.5512993854,91
NE003006,2018,848.68910346438,91
NE003006,2019,577.7951773318,91
NE003006,2020,423.13961323624,91
NE003006,2021,503.8454271319,91
NE003006,2022,620.4963690819,91
NE003006,2023,474.1216822146,91
NE003006,2024,568.9926096747,91
NE003006,2025,542.2986095735,91
NE003006,2026,357.83086572197,90
NE003007,1998,333.6342931172,91
NE003007,1999,372.650263046,91
NE003007,2000,339.33681825958,91
NE003007,2001,333.1959024965,91
NE003007,2002,434.33821450327997,91
NE003007,2003,329.6830037572,91
NE003007,2004,472.19031129202,91
NE003007,2005,427.62896704525997,91
NE003007,2006,476.7898843028,91
NE003007,2007,361.21096332648,91
NE003007,2008,265.70193436804,91
NE003007,2009,288.86397309935,91
NE003007,2010,392.0871397955,91
NE003007,2011,299.24402875938,91
NE003007,2012,358.60649948242,91
NE003007,2013,434.93381061553,91
NE003007,2014,383.78810493648,91
NE003007,2015,556.90686481938,91
NE003007,2016,216.8628405483,91
NE003007,2017,232.97972610144,91
NE003007,2018,474.6283772463,91
NE003007,2019,416.6832186081,91
NE003007,2020,359.53778691942,91
NE003007,2021,374.78623621807003,91
NE003007,2022,444.31143855751,91
NE003007,2023,288.89778989754,91
NE003007,2024,421.25251478215,91
NE003007,2025,524.02192587731,91
NE003007,2026,262.02736073826,90
NE003008,1998,404.28861874471,91
NE003008,1999,370.777139050592,91
NE003008,2000,408.64778496396,91
NE003008,2001,496.1297740659,91
NE003008,2002,540.48938694996,91
NE003008,2003,361.73658550053,91
NE003008,2004,471.07449909692,91
NE003008,2005,445.1275720702,91
NE003008,2006,438.96685669132,91
NE003008,2007,394.536969805922,91
NE003008,2008,302.18911423385,91
NE003008,2009,314.25966863670703,91
NE003008,2010,536.38448845612,91
NE003008,2011,268.35279542055,91
NE003008,2012,368.7046156668,91
NE003008,2013,393.1470261304,91
NE003008,2014,353.50740527274,91
NE003008,2015,439.377356831,91
NE003008,2016,297.7859838708,91
NE003008,2017,348.5878455087,91
NE003008,2018,522.83306309651,91
NE003008,2019,488.76647387663996,91
NE003008,2020,346.22466719773,91
NE003008,2021,491.6522416651,91
NE003008,2022,537.85317798242,91
NE003008,2023,357.03641716077,91
NE003008,2024,479.67174653408,91
NE003008,2025,521.7552079959,91
NE003008,2026,344.62702487998,90
NE004001,1998,494.23727852483,91
NE004001,1999,362.1921096115,91
NE004001,2000,444.14507345369,91
NE004001,2001,437.7381227442,91
NE004001,2002,381.46923047943,91
NE004001,2003,458.38931143795,91
NE004001,2004,401.8456694133,91
NE004001,2005,368.95965333325,91
NE004001,2006,321.0954972727,91
NE004001,2007,376.3477016453,91
NE004001,2008,277.394059207,91
NE004001,2009,310.4855851102,91
NE004001,2010,564.2548218314801,91
NE004001,2011,395.62601490486,91
NE004001,2012,394.75592262096,91
NE004001,2013,384.5777017271,91
NE004001,2014,265.9088062893,91
NE004001,2015,368.86956361538,91
NE004001,2016,362.17999132655,91
NE004001,2017,464.31846454679,91
NE004001,2018,490.78735493095,91
NE004001,2019,367.44719269535,91
NE004001,2020,441.21041570875,91
NE004001,2021,445.19422755799,91
NE004001,2022,428.7416008141,91
NE004001,2023,458.4346526109,91
NE004001,2024,463.47380252422,91
NE004001,2025,632.2890521766,91
NE004001,2026,455.43541238545,90
NE004002,1998,393.90684674426,91
NE004002,1999,273.83532169065,91
NE004002,2000,264.43459239,91
NE004002,2001,434.58682347406,91
NE004002,2002,197.34884115146,91
NE004002,2003,299.21523164783,91
NE004002,2004,225.76370478918,91
NE004002,2005,284.76190144538,91
NE004002,2006,195.08962000698,91
NE004002,2007,264.0425206088,91
NE004002,2008,241.35483468487,91
NE004002,2009,279.80198397398,91
NE004002,2010,336.32386609362,91
NE004002,2011,285.83937756222,91
NE004002,2012,285.2482473972,91
NE004002,2013,236.5538939033,91
NE004002,2014,310.72700830508,91
NE004002,2015,277.26657539705,91
NE004002,2016,285.44790033603,91
NE004002,2017,206.94897276844,91
NE004002,2018,321.9412599505,91
NE004002,2019,344.86768071815,91
NE004002,2020,205.3112046565,91
NE004002,2021,379.53149499807,91
NE004002,2022,248.59373103399,91
NE004002,2023,221.91454128826,91
NE004002,2024,372.72310803106,91
NE004002,2025,321.80289986646,91
NE004002,2026,233.66399812058,90
NE004003,1998,423.02386083436,91
NE004003,1999,268.48857497844,91
NE004003,2000,333.55079281004,91
NE004003,2001,481.20629666912,91
NE004003,2002,268.40361396725,91
NE004003,2003,322.83634285646,91
NE004003,2004,325.76514806465,91
NE004003,2005,337.54819626141,91
NE004003,2006,299.91863230946,91
NE004003,2007,333.82802935416,91
NE004003,2008,250.050259610765,91
NE004003,2009,262.75390767363,91
NE004003,2010,346.890505292885,91
NE004003,2011,301.76039619672497,91
NE004003,2012,322.05551031529603,91
NE004003,2013,303.49546791295,91
NE004003,2014,332.16889540684997,91
NE004003,2015,350.553724059952,91
NE004003,2016,304.42815690244,91
NE004003,2017,342.15677457819,91
NE004003,2018,379.54806935719,91
NE004003,2019,359.71544113313,91
NE004003,2020,291.0614151808,91
NE004003,2021,322.643773307,91
NE004003,2022,333.55166395733,91
NE004003,2023,275.84456517093,91
NE004003,2024,435.0819769594,91
NE004003,2025,435.11925186505,91
NE004003,2026,302.208338689676,90
NE004004,1998,573.84346973001,91
NE004004,1999,443.9458938937,91
NE004004,2000,483.93362367599997,91
NE004004,2001,419.0840873822,91
NE004004,2002,408.824535582,91
NE004004,2003,443.67347795119997,91
NE004004,2004,467.9566581477,91
NE004004,2005,374.4340821533,91
NE004004,2006,385.7331778024,91
NE004004,2007,434.11726495826,91
NE004004,2008,299.1740870109,91
NE004004,2009,320.7769648486,91
NE004004,2010,477.5124134857,91
NE004004,2011,396.5648390843,91
NE004004,2012,413.21362546103,91
NE004004,2013,428.77362636396003,91
NE004004,2014,276.636204949,91
NE004004,2015,367.79044715175,91
NE004004,2016,316.34983963475,91
NE004004,2017,526.91422634215,91
NE004004,2018,500.10589984605997,91
NE004004,2019,391.7542328442,91
NE004004,2020,523.60968753553,91
NE004004,2021,480.961503955,91
NE004004,2022,429.7959032583,91
NE004004,2023,443.7277208323,91
NE004004,2024,424.3434801058,91
NE004004,2025,580.5830198484,91
NE004004,2026,433.4033307455,90
NE004005,1998,455.41005006822,91
NE004005,1999,282.34078627918,91
NE004005,2000,444.1507823985,91
NE004005,2001,513.09726709868,91
NE004005,2002,357.13732942636,91
NE004005,2003,426.15296714983,91
NE004005,2004,356.16467585462,91
NE004005,2005,377.45770894777,91
NE004005,2006,400.40467089866,91
NE004005,2007,375.02565419399997,91
NE004005,2008,245.77426573245,91
NE004005,2009,280.928285469,91
NE004005,2010,512.67438202556,91
NE004005,2011,323.55005060407,91
NE004005,2012,364.6099331031,91
NE004005,2013,322.9392036456,91
NE004005,2014,267.52496414611,91
NE004005,2015,434.77084816647,91
NE004005,2016,320.07885633179,91
NE004005,2017,408.55460949365,91
NE004005,2018,385.29002290911,91
NE004005,2019,416.36451636865,91
NE004005,2020,413.672773129,91
NE004005,2021,393.35354018709,91
NE004005,2022,428.75587853462,91
NE004005,2023,370.6252457738,91
NE004005,2024,410.77154144297,91
NE004005,2025,553.7524199801101,91
NE004005,2026,429.53068259767997,90
NE004006,1998,547.102939021407,91
NE004006,1999,377.17888808600003,91
NE004006,2000,487.52429446009,91
NE004006,2001,500.18503444363,91
NE004006,2002,450.09097424413,91
NE004006,2003,454.95560775826,91
NE004006,2004,402.262735124807,91
NE004006,2005,447.71696243033,91
NE004006,2006,439.7618330092,91
NE004006,2007,453.055279533307,91
NE004006,2008,303.33949957299,91
NE004006,2009,367.9741701341,91
NE004006,2010,659.659487225447,91
NE004006,2011,394.19023814465,91
NE004006,2012,445.8349895439,91
NE004006,2013,380.62396238098,91
NE004006,2014,256.7468399307,91
NE004006,2015,477.43994771974,91
NE004006,2016,378.54204184,91
NE004006,2017,460.0541357035,91
NE004006,2018,523.00441661515,91
NE004006,2019,439.16359835089,91
NE004006,2020,471.81543867786,91
NE004006,2021,458.4301139375,91
NE004006,2022,466.16998852882,91
NE004006,2023,468.84691632166,91
NE004006,2024,440.74462256515,91
NE004006,2025,615.893302201457,91
NE004006,2026,449.448187133184,90
NE004007,1998,491.517492004,91
NE004007,1999,344.634991594,91
NE004007,2000,481.799985393,91
NE004007,2001,477.067489255,91
NE004007,2002,446.444996261,91
NE004007,2003,464.529990554,91
NE004007,2004,332.797492232,91
NE004007,2005,419.394989998,91
NE004007,2006,438.56748682,91
NE004007,2007,383.04498315,91
NE004007,2008,226.604995543,91
NE004007,2009,368.899985535,91
NE004007,2010,579.8024837,91
NE004007,2011,377.009995221,91
NE004007,2012,360.109999048,91
NE004007,2013,348.847492475,91
NE004007,2014,286.77999956,91
NE004007,2015,400.89248580000003,91
NE004007,2016,360.27999735000003,91
NE004007,2017,426.149982462,91
NE004007,2018,449.022496233,91
NE004007,2019,400.457493218,91
NE004007,2020,410.832496489,91
NE004007,2021,415.552489258,91
NE004007,2022,455.285002973,91
NE004007,2023,402.667491387,91
NE004007,2024,443.299991956,91
NE004007,2025,596.22999125,91
NE004007,2026,427.70498101199996,90
NE004008,1998,439.566378750547,91
NE004008,1999,345.217761314323,91
NE004008,2000,321.35352185369,91
NE004008,2001,524.493993985632,91
NE004008,2002,326.547366614367,91
NE004008,2003,375.692343827907,91
NE004008,2004,394.76960106852,91
NE004008,2005,407.017803135853,91
NE004008,2006,290.465842936144,91
NE004008,2007,331.798888104104,91
NE004008,2008,239.483729089094,91
NE004008,2009,279.353842524037,91
NE004008,2010,341.790689982844,91
NE004008,2011,352.50897954999,91
NE004008,2012,330.188426154221,91
NE004008,2013,303.65361031566,91
NE004008,2014,286.134188644054,91
NE004008,2015,367.228194104047,91
NE004008,2016,252.98640162374102,91
NE004008,2017,397.148706991003,91
NE004008,2018,398.830270469923,91
NE004008,2019,350.20568505465,91
NE004008,2020,313.541929206713,91
NE004008,2021,322.61282994163,91
NE004008,2022,385.818168864347,91
NE004008,2023,353.24162847002,91
NE004008,2024,449.843673404987,91
NE004008,2025,506.06652883168,91
NE004008,2026,323.82243669577,90
NE004009,1998,493.458746524,91
NE004009,1999,443.3685476917,91
NE004009,2000,307.26545514574,91
NE004009,2001,443.866661098564,91
NE004009,2002,365.146639460234,91
NE004009,2003,372.863194911793,91
NE004009,2004,453.70311502577,91
NE004009,2005,395.849985521607,91
NE004009,2006,314.63224768294,91
NE004009,2007,403.794325546027,91
NE004009,2008,288.01638215808,91
NE004009,2009,309.61721825894,91
NE004009,2010,334.398778637433,91
NE004009,2011,360.73898021117003,91
NE004009,2012,324.97715797431,91
NE004009,2013,344.27279591873,91
NE004009,2014,289.046149247533,91
NE004009,2015,389.552534757733,91
NE004009,2016,255.565000723834,91
NE004009,2017,424.96524976237,91
NE004009,2018,424.104220378174,91
NE004009,2019,345.971205477001,91
NE004009,2020,403.41901203342996,91
NE004009,2021,417.27392291814,91
NE004009,2022,428.69406824922,91
NE004009,2023,474.118544527737,91
NE004009,2024,463.614589200266,91
NE004009,2025,478.21330646476997,91
NE004009,2026,327.28785142717,90
NE005001,1998,411.511456464072,91
NE005001,1999,325.565495676326,91
NE005001,2000,260.163221402385,91
NE005001,2001,281.379102250385,91
NE005001,2002,224.06816939517,91
NE005001,2003,255.0621849935,91
NE005001,2004,276.377963142605,91
NE005001,2005,252.280840593162,91
NE005001,2006,223.04493306787,91
NE005001,2007,303.500942803606,91
NE005001,2008,247.82958483357,91
NE005001,2009,288.534246745891,91
NE005001,2010,311.85843363707,91
NE005001,2011,270.498091556,91
NE005001,2012,241.813105863777,91
NE005001,2013,199.127302850187,91
NE005001,2014,267.891593892022,91
NE005001,2015,242.4996858929,91
NE005001,2016,183.40958081304998,91
NE005001,2017,248.95423564419002,91
NE005001,2018,258.780616561961,91
NE005001,2019,311.9243831479,91
NE005001,2020,213.08695172883,91
NE005001,2021,411.068323791042,91
NE005001,2022,260.7668625595,91
NE005001,2023,232.54951528916,91
NE005001,2024,387.78516070809997,91
NE005001,2025,350.912003691,91
NE005001,2026,288.756607017142,90
NE005002,1998,302.80156343289997,91
NE005002,1999,330.34156863415,91
NE005002,2000,368.3214665424,91
NE005002,2001,307.51171226599,91
NE005002,2002,311.97899600737003,91
NE005002,2003,224.76114076636,91
NE005002,2004,380.86203736318,91
NE005002,2005,376.25165826294,91
NE005002,2006,408.55180386248,91
NE005002,2007,364.9855616965,91
NE005002,2008,313.54475629399997,91
NE005002,2009,272.79628087265,91
NE005002,2010,462.40865578038,91
NE005002,2011,297.77961203863,91
NE005002,2012,287.62033067032996,91
NE005002,2013,348.68475519496997,91
NE005002,2014,373.61184554863,91
NE005002,2015,430.38560641848,91
NE005002,2016,221.01885363768,91
NE005002,2017,198.15347599176,91
NE005002,2018,360.72465499534,91
NE005002,2019,302.44227835119,91
NE005002,2020,393.95680107863,91
NE005002,2021,339.49794725715003,91
NE005002,2022,331.957039703644,91
NE005002,2023,328.70879687946,91
NE005002,2024,319.20761190866,91
NE005002,2025,379.125946097284,91
NE005002,2026,289.17575528053,90
NE005003,1998,384.389988831636,91
NE005003,1999,324.30561984026997,91
NE005003,2000,422.09792699319,91
NE005003,2001,392.33273559794,91
NE005003,2002,434.79354535652,91
NE005003,2003,285.92205965005,91
NE005003,2004,467.751138118,91
NE005003,2005,488.95724870953,91
NE005003,2006,479.8489768406,91
NE005003,2007,396.408785520386,91
NE005003,2008,354.87729896812,91
NE005003,2009,282.98499102803,91
NE005003,2010,439.26325566193,91
NE005003,2011,363.571096712356,91
NE005003,2012,324.312587343476,91
NE005003,2013,357.21253982676603,91
NE005003,2014,403.102540233286,91
NE005003,2015,557.7083038609001,91
NE005003,2016,297.23139036555,91
NE005003,2017,276.24354887064,91
NE005003,2018,428.129703599616,91
NE005003,2019,317.1469152128,91
NE005003,2020,401.14244396946003,91
NE005003,2021,348.0447033438,91
NE005003,2022,432.67027676108,91
NE005003,2023,339.12686459499,91
NE005003,2024,395.292870684293,91
NE005003,2025,446.36287719636,91
NE005003,2026,324.94514166509,90
NE005004,1998,521.49406244165,91
NE005004,1999,284.07827395977,91
NE005004,2000,342.86352388042,91
NE005004,2001,336.1726404408,91
NE005004,2002,321.1351231407,91
NE005004,2003,347.6768855741,91
NE005004,2004,366.930242544628,91
NE005004,2005,455.1401564551,91
NE005004,2006,342.44982637757,91
NE005004,2007,402.1112111941,91
NE005004,2008,287.6898682798,91
NE005004,2009,305.2691935181,91
NE005004,2010,370.59020192123,91
NE005004,2011,331.553645109914,91
NE005004,2012,321.38755931183,91
NE005004,2013,313.4871761426,91
NE005004,2014,394.22650507983,91
NE005004,2015,419.63327036932003,91
NE005004,2016,322.46163166982,91
NE005004,2017,298.455034746797,91
NE005004,2018,416.2604541448,91
NE005004,2019,354.02515775069,91
NE005004,2020,342.39906953343,91
NE005004,2021,327.293186897608,91
NE005004,2022,325.933393221934,91
NE005004,2023,308.27138326492,91
NE005004,2024,487.318776895524,91
NE005004,2025,473.724441509047,91
NE005004,2026,308.13734739440997,90
NE005005,1998,478.616670385914,91
NE005005,1999,355.350332586314,91
NE005005,2000,395.995573972007,91
NE005005,2001,313.76457712034,91
NE005005,2002,426.824823704214,91
NE005005,2003,330.90995563283,91
NE005005,2004,401.15658086707003,91
NE005005,2005,482.218061415107,91
NE005005,2006,421.80402445298,91
NE005005,2007,469.6882641138,91
NE005005,2008,339.52624944707,91
NE005005,2009,328.90734528686,91
NE005005,2010,418.65289364258,91
NE005005,2011,343.968347859034,91
NE005005,2012,280.6800760608,91
NE005005,2013,343.28688464524,91
NE005005,2014,373.31734502895,91
NE005005,2015,489.48994834656,91
NE005005,2016,285.37562092928,91
NE005005,2017,258.88411108733,91
NE005005,2018,420.18104032257,91
NE005005,2019,331.2192348841,91
NE005005,2020,372.13948609493997,91
NE005005,2021,336.13915396190697,91
NE005005,2022,372.40053918894,91
NE005005,2023,384.2925538106,91
NE005005,2024,428.970328517847,91
NE005005,2025,525.94545235096,91
NE005005,2026,315.801718743647,90
NE005006,1998,539.38269744195,91
NE005006,1999,312.96324256268,91
NE005006,2000,333.568661271616,91
NE005006,2001,325.50011948342,91
NE005006,2002,325.524242675616,91
NE005006,2003,335.728912390006,91
NE005006,2004,418.8511177444,91
NE005006,2005,369.74028844869997,91
NE005006,2006,363.85495013973,91
NE005006,2007,411.3827393354,91
NE005006,2008,320.2317849176,91
NE005006,2009,372.07340826986,91
NE005006,2010,415.58824196102,91
NE005006,2011,336.67378887192,91
NE005006,2012,325.523364352,91
NE005006,2013,253.3440384024,91
NE005006,2014,358.40119729756,91
NE005006,2015,396.88190936937,91
NE005006,2016,284.91736722483597,91
NE005006,2017,302.23433016741,91
NE005006,2018,408.45257782456997,91
NE005006,2019,337.4625775862,91
NE005006,2020,341.72457757886997,91
NE005006,2021,358.08924577426,91
NE005006,2022,357.65120126936,91
NE005006,2023,360.63070163901,91
NE005006,2024,442.1147442865,91
NE005006,2025,546.77673933163,91
NE005006,2026,297.06595270866,90
NE005007,1998,377.93110304253,91
NE005007,1999,274.25904890074,91
NE005007,2000,424.34516097115,91
NE005007,2001,370.39458430075,91
NE005007,2002,378.815806946265,91
NE005007,2003,356.53823664076,91
NE005007,2004,358.5256341139,91
NE005007,2005,484.32755803768003,91
NE005007,2006,414.62218330977,91
NE005007,2007,423.10549761791,91
NE005007,2008,272.188238935,91
NE005007,2009,266.52002926043997,91
NE005007,2010,373.9194504707,91
NE005007,2011,322.96350513445,91
NE005007,2012,395.01925137567,91
NE005007,2013,350.42137310444997,91
NE005007,2014,353.42337542324,91
NE005007,2015,473.996914702985,91
NE005007,2016,283.80884700753,91
NE005007,2017,345.35185210737,91
NE005007,2018,472.71079652715997,91
NE005007,2019,338.45073482033,91
NE005007,2020,431.52803303446,91
NE005007,2021,351.3687725015,91
NE005007,2022,392.86455512557,91
NE005007,2023,339.92512609916,91
NE005007,2024,451.23292891802,91
NE005007,2025,509.2141118457,91
NE005007,2026,383.04307033832,90
NE005008,1998,511.28142304569997,91
NE005008,1999,365.11407437675,91
NE005008,2000,429.60019134024,91
NE005008,2001,337.54815436641,91
NE005008,2002,456.654375553916,91
NE005008,2003,348.22233915981,91
NE005008,2004,429.30692755522,91
NE005008,2005,566.3799838291,91
NE005008,2006,408.281728649816,91
NE005008,2007,440.035906471086,91
NE005008,2008,382.63978742059,91
NE005008,2009,304.853157840816,91
NE005008,2010,428.35264502362,91
NE005008,2011,392.6004960001,91
NE005008,2012,384.54437564953,91
NE005008,2013,326.01417873897,91
NE005008,2014,384.9093853466,91
NE005008,2015,554.8515156990001,91
NE005008,2016,322.23417926163,91
NE005008,2017,328.69692607397,91
NE005008,2018,520.08774140138,91
NE005008,2019,298.7320346716,91
NE005008,2020,335.921625535746,91
NE005008,2021,395.80326015049997,91
NE005008,2022,428.14162239791597,91
NE005008,2023,352.22611767603,91
NE005008,2024,489.910601532496,91
NE005008,2025,577.691509756832,91
NE005008,2026,360.51346235413,90
NE005009,1998,458.48473200299,91
NE005009,1999,359.12210476951,91
NE005009,2000,350.70822051699,91
NE005009,2001,335.03089983325,91
NE005009,2002,313.369733452,91
NE005009,2003,266.695018938855,91
NE005009,2004,283.2032846698,91
NE005009,2005,367.37617069387,91
NE005009,2006,313.70476418065,91
NE005009,2007,348.191217387324,91
NE005009,2008,355.76776464111003,91
NE005009,2009,331.741806580125,91
NE005009,2010,344.82830931668,91
NE005009,2011,249.56922858472,91
NE005009,2012,303.923852657,91
NE005009,2013,253.69860944175,91
NE005009,2014,285.58839817869,91
NE005009,2015,388.0920362228,91
NE005009,2016,175.52470897635,91
NE005009,2017,252.75554930192,91
NE005009,2018,307.852623925645,91
NE005009,2019,279.40941151613,91
NE005009,2020,338.97004012566504,91
NE005009,2021,372.22939379582,91
NE005009,2022,297.8221169375,91
NE005009,2023,314.30007967078,91
NE005009,2024,318.973220452144,91
NE005009,2025,423.9125646785,91
NE005009,2026,286.1190782942,90
NE005010,1998,210.79204098233,91
NE005010,1999,165.02864644343,91
NE005010,2000,162.7361429501,91
NE005010,2001,197.06769628386,91
NE005010,2002,118.770849810272,91
NE005010,2003,143.625718674926,91
NE005010,2004,130.109472456047,91
NE005010,2005,183.29017560734,91
NE005010,2006,108.15083556578,91
NE005010,2007,189.81700172429998,91
NE005010,2008,183.27039890295998,91
NE005010,2009,156.89759537455,91
NE005010,2010,165.95152546808,91
NE005010,2011,168.41171129722,91
NE005010,2012,195.7310598345,91
NE005010,2013,118.21941748096,91
NE005010,2014,123.2338220101,91
NE005010,2015,183.34548800686,91
NE005010,2016,100.675809654186,91
NE005010,2017,156.63232805824,91
NE005010,2018,146.4202447674707,91
NE005010,2019,160.710263431,91
NE005010,2020,128.77205627669,91
NE005010,2021,210.452098754792,91
NE005010,2022,174.37868582534,91
NE005010,2023,128.300537404454,91
NE005010,2024,163.29488660907,91
NE005010,2025,228.545340463,91
NE005010,2026,150.504935527,90
NE005011,1998,371.78446939991,91
NE005011,1999,371.798381306418,91
NE005011,2000,287.66521195504,91
NE005011,2001,265.05051190945,91
NE005011,2002,265.218212157528,91
NE005011,2003,255.0157591556,91
NE005011,2004,202.111236491533,91
NE005011,2005,274.012312563878,91
NE005011,2006,227.194027716336,91
NE005011,2007,324.75931082004,91
NE005011,2008,291.5042857307,91
NE005011,2009,282.70890063013,91
NE005011,2010,237.4513300116,91
NE005011,2011,280.46161091272,91
NE005011,2012,249.36079878664,91
NE005011,2013,213.92401184238,91
NE005011,2014,221.05266467158,91
NE005011,2015,277.3157805467,91
NE005011,2016,166.018263568533,91
NE005011,2017,261.37763594467003,91
NE005011,2018,274.12590648846003,91
NE005011,2019,326.459624220656,91
NE005011,2020,234.45107048652,91
NE005011,2021,438.09094134779,91
NE005011,2022,246.76552475561,91
NE005011,2023,226.36970591845,91
NE005011,2024,379.08627369784,91
NE005011,2025,391.2614078917,91
NE005011,2026,262.3699096885,90
NE005012,1998,357.2209732342,91
NE005012,1999,312.989656650417,91
NE005012,2000,235.583306427973,91
NE005012,2001,299.409355122315,91
NE005012,2002,207.32773385571,91
NE005012,2003,186.402181412651,91
NE005012,2004,190.06534226699,91
NE005012,2005,260.447349287,91
NE005012,2006,194.9750638034,91
NE005012,2007,272.33741160155,91
NE005012,2008,295.16660950403,91
NE005012,2009,269.44126251617,91
NE005012,2010,195.522667027074,91
NE005012,2011,230.012759302367,91
NE005012,2012,278.8848576507,91
NE005012,2013,221.11021359632,91
NE005012,2014,238.01979897587,91
NE005012,2015,272.65591815496,91
NE005012,2016,116.738973476407,91
NE005012,2017,204.859559943972,91
NE005012,2018,229.74248345507,91
NE005012,2019,251.19472669614998,91
NE005012,2020,187.77619904124,91
NE005012,2021,338.683200065744,91
NE005012,2022,233.874192427767,91
NE005012,2023,227.05324652952,91
NE005012,2024,263.052515328844,91
NE005012,2025,376.62576899412,91
NE005012,2026,232.8174142392,90
NE005013,1998,502.11541762350004,91
NE005013,1999,326.6276050826,91
NE005013,2000,405.7858568863,91
NE005013,2001,357.3204242924,91
NE005013,2002,380.5054266684,91
NE005013,2003,327.188689009,91
NE005013,2004,302.3030366675,91
NE005013,2005,433.9447787958,91
NE005013,2006,335.8378124755,91
NE005013,2007,380.0617325354,91
NE005013,2008,368.5904267218,91
NE005013,2009,401.5023834946,91
NE005013,2010,387.2804261356,91
NE005013,2011,272.4008636322,91
NE005013,2012,304.6708685457,91
NE005013,2013,256.9330384357,91
NE005013,2014,300.0406472731,91
NE005013,2015,398.5412957587,91
NE005013,2016,166.5954271956,91
NE005013,2017,291.7276019822,91
NE005013,2018,327.4547778162,91
NE005013,2019,277.9282524803,91
NE005013,2020,371.4543387686,91
NE005013,2021,418.9291201372,91
NE005013,2022,322.2221704907,91
NE005013,2023,363.2543391771,91
NE005013,2024,356.95303956419997,91
NE005013,2025,492.1556355345,91
NE005013,2026,293.6099929236,90
NE006001,1998,383.227468594454,91
NE006001,1999,328.058425838,91
NE006001,2000,251.16832277336,91
NE006001,2001,279.93991611436,91
NE006001,2002,248.259331825886,91
NE006001,2003,237.96347992356,91
NE006001,2004,236.11177414911,91
NE006001,2005,300.29112889533,91
NE006001,2006,226.41305227125,91
NE006001,2007,293.20167713455,91
NE006001,2008,337.13708790559,91
NE006001,2009,195.97402584754,91
NE006001,2010,272.70017237994,91
NE006001,2011,232.34708136832,91
NE006001,2012,303.1416880891,91
NE006001,2013,280.5476387307,91
NE006001,2014,263.750253907204,91
NE006001,2015,324.754722286,91
NE006001,2016,160.370294692225,91
NE006001,2017,243.949187918275,91
NE006001,2018,265.058218390095,91
NE006001,2019,289.997425194195,91
NE006001,2020,266.34007649817,91
NE006001,2021,329.38461540987,91
NE006001,2022,218.234044197451,91
NE006001,2023,269.993532161944,91
NE006001,2024,338.9651589992,91
NE006001,2025,299.6214972414,91
NE006001,2026,246.158500223185,90
NE006002,1998,316.86930104255,91
NE006002,1999,375.00424642504,91
NE006002,2000,345.8868709995,91
NE006002,2001,283.35865486555,91
NE006002,2002,306.38994456115,91
NE006002,2003,219.7834131366,91
NE006002,2004,246.78737163725,91
NE006002,2005,436.3804360394,91
NE006002,2006,281.2595479018,91
NE006002,2007,260.4575695255,91
NE006002,2008,300.6113794632,91
NE006002,2009,166.2763843656,91
NE006002,2010,382.97508932513,91
NE006002,2011,296.64212271015003,91
NE006002,2012,348.7359354313,91
NE006002,2013,334.06172737675,91
NE006002,2014,333.94038685233,91
NE006002,2015,384.8678125941,91
NE006002,2016,255.7129183412,91
NE006002,2017,279.64063492519,91
NE006002,2018,431.68430097426,91
NE006002,2019,323.8446990752,91
NE006002,2020,377.4318705547,91
NE006002,2021,296.84484161175,91
NE006002,2022,237.72489427485,91
NE006002,2023,352.76211784921,91
NE006002,2024,384.10518908748,91
NE006002,2025,431.88618038953,91
NE006002,2026,178.27885531905,90
NE006003,1998,310.374080118854,91
NE006003,1999,394.31158338809996,91
NE006003,2000,388.846356906,91
NE006003,2001,349.46954172836,91
NE006003,2002,428.330438030364,91
NE006003,2003,335.0993149749,91
NE006003,2004,528.30885293592,91
NE006003,2005,381.5861237843,91
NE006003,2006,447.8641983266,91
NE006003,2007,392.94408198293,91
NE006003,2008,267.62999432453,91
NE006003,2009,329.73658754093003,91
NE006003,2010,393.75669800236,91
NE006003,2011,297.023739714064,91
NE006003,2012,383.7291880687,91
NE006003,2013,366.085787302,91
NE006003,2014,472.65225861253003,91
NE006003,2015,525.294078068764,91
NE006003,2016,242.34283734342,91
NE006003,2017,298.5890799412,91
NE006003,2018,437.25033135033,91
NE006003,2019,455.0755617371,91
NE006003,2020,377.78681482413,91
NE006003,2021,353.8441989903,91
NE006003,2022,346.5455576927,91
NE006003,2023,264.0562460955,91
NE006003,2024,540.4157856308,91
NE006003,2025,505.3966953183,91
NE006003,2026,225.13771950343,90
NE006004,1998,271.403822398,91
NE006004,1999,344.49981138100003,91
NE006004,2000,237.941559057,91
NE006004,2001,187.30589124797,91
NE006004,2002,295.25290839028,91
NE006004,2003,260.03279347939,91
NE006004,2004,263.9851586843,91
NE006004,2005,309.80027036359996,91
NE006004,2006,256.9662372038,91
NE006004,2007,317.2476520626,91
NE006004,2008,309.0728594275,91
NE006004,2009,158.22650943957,91
NE006004,2010,256.06013266416,91
NE006004,2011,217.56607639127,91
NE006004,2012,280.8036158611,91
NE006004,2013,268.42313429937,91
NE006004,2014,296.91873427293,91
NE006004,2015,292.99224217704,91
NE006004,2016,187.39034072903,91
NE006004,2017,299.24269612381,91
NE006004,2018,306.75987668353997,91
NE006004,2019,297.44283474501,91
NE006004,2020,305.59678116943996,91
NE006004,2021,350.51639352481,91
NE006004,2022,216.14206287754,91
NE006004,2023,334.7642339182,91
NE006004,2024,394.26566162645,91
NE006004,2025,364.54031031748997,91
NE006004,2026,217.62483576446,90
NE006005,1998,332.25438436683,91
NE006005,1999,397.889688151516,91
NE006005,2000,308.57397394629,91
NE006005,2001,384.816011541716,91
NE006005,2002,417.17856170414,91
NE006005,2003,271.45040233986,91
NE006005,2004,251.86458567063,91
NE006005,2005,424.85611214927,91
NE006005,2006,330.76764565798,91
NE006005,2007,326.54815773966,91
NE006005,2008,339.300297752,91
NE006005,2009,204.6994838421,91
NE006005,2010,361.70877356015,91
NE006005,2011,284.1561183585,91
NE006005,2012,442.6348904575,91
NE006005,2013,404.93815846867,91
NE006005,2014,365.40489379954,91
NE006005,2015,438.20865903697,91
NE006005,2016,294.58335823583,91
NE006005,2017,380.83713327466,91
NE006005,2018,513.02304781436,91
NE006005,2019,349.65479409137,91
NE006005,2020,521.66785112133,91
NE006005,2021,333.747950886416,91
NE006005,2022,282.75907658504,91
NE006005,2023,354.8001972347,91
NE006005,2024,413.3151953155,91
NE006005,2025,424.28815660780003,91
NE006005,2026,239.92407411143,90
NE006006,1998,314.397168267814,91
NE006006,1999,388.41655023289,91
NE006006,2000,296.68312260165,91
NE006006,2001,323.163404436,91
NE006006,2002,391.387008752904,91
NE006006,2003,291.364936951458,91
NE006006,2004,445.08343425815997,91
NE006006,2005,373.059660601045,91
NE006006,2006,363.30773942434,91
NE006006,2007,327.873866066125,91
NE006006,2008,342.34062795816,91
NE006006,2009,199.166265258175,91
NE006006,2010,362.472323450227,91
NE006006,2011,285.65800539610603,91
NE006006,2012,361.78778774518,91
NE006006,2013,395.242596314054,91
NE006006,2014,319.942543543195,91
NE006006,2015,479.31010910503,91
NE006006,2016,203.6939880445,91
NE006006,2017,251.253628327608,91
NE006006,2018,410.921190114738,91
NE006006,2019,340.31783024655,91
NE006006,2020,379.44022504491,91
NE006006,2021,337.593331141365,91
NE006006,2022,278.985799789755,91
NE006006,2023,285.41685042125,91
NE006006,2024,374.69731023621,91
NE006006,2025,443.50649099882196,91
NE006006,2026,235.9004836789,90
NE006007,1998,410.1839678005,91
NE006007,1999,422.5797356522,91
NE006007,2000,370.9486710905,91
NE006007,2001,261.9494828954,91
NE006007,2002,435.03794689823,91
NE006007,2003,312.4847392673,91
NE006007,2004,378.06389954814,91
NE006007,2005,597.0765564447,91
NE006007,2006,315.5299553457,91
NE006007,2007,380.5679120128,91
NE006007,2008,379.4422854344,91
NE006007,2009,255.0392670692,91
NE006007,2010,410.3299184744,91
NE006007,2011,305.212183582,91
NE006007,2012,561.41108114874,91
NE006007,2013,401.16061109831,91
NE006007,2014,378.1874011749,91
NE006007,2015,525.30896570711,91
NE006007,2016,210.22382621951,91
NE006007,2017,403.04729115934,91
NE006007,2018,669.9666665366,91
NE006007,2019,405.7385646591,91
NE006007,2020,429.17733469698,91
NE006007,2021,503.4856725697,91
NE006007,2022,361.57601596694,91
NE006007,2023,398.51579444255003,91
NE006007,2024,543.0491129175,91
NE006007,2025,371.73159395035003,91
NE006007,2026,315.51017775686,90
NE006008,1998,413.17619416965,91
NE006008,1999,374.23960830627,91
NE006008,2000,429.768931173134,91
NE006008,2001,350.97975993876,91
NE006008,2002,506.3881880893,91
NE006008,2003,306.38339086895,91
NE006008,2004,585.93372531225,91
NE006008,2005,508.66225342065,91
NE006008,2006,436.3842800922,91
NE006008,2007,397.2468785689,91
NE006008,2008,340.36001410836,91
NE006008,2009,329.40501445028,91
NE006008,2010,421.38399716427,91
NE006008,2011,339.69975792136,91
NE006008,2012,533.5717955207,91
NE006008,2013,397.67293839474,91
NE006008,2014,434.87452269214,91
NE006008,2015,512.87008983014,91
NE006008,2016,248.19014363268,91
NE006008,2017,396.17620209486,91
NE006008,2018,537.71669715642,91
NE006008,2019,452.3581523547,91
NE006008,2020,394.92699686314,91
NE006008,2021,457.71167602951,91
NE006008,2022,330.5541476473,91
NE006008,2023,331.80820224295,91
NE006008,2024,542.88207507706,91
NE006008,2025,469.35209815626,91
NE006008,2026,289.37098661,90
NE006009,1998,302.9366260343,91
NE006009,1999,417.937862232554,91
NE006009,2000,292.58669818666,91
NE006009,2001,256.172956882873,91
NE006009,2002,398.97669714575,91
NE006009,2003,283.631316581528,91
NE006009,2004,394.31244914229,91
NE006009,2005,412.8037982661,91
NE006009,2006,364.41269557420003,91
NE006009,2007,343.882492682392,91
NE006009,2008,337.612449657204,91
NE006009,2009,187.5758932237,91
NE006009,2010,344.28663806195,91
NE006009,2011,234.05063770982701,91
NE006009,2012,393.7697290933,91
NE006009,2013,354.27766717703,91
NE006009,2014,355.95999258919,91
NE006009,2015,422.47421695033,91
NE006009,2016,214.53988211063,91
NE006009,2017,364.941377764191,91
NE006009,2018,411.34515909336,91
NE006009,2019,348.85472957609,91
NE006009,2020,388.20497976191,91
NE006009,2021,375.76272856202,91
NE006009,2022,231.70830842977,91
NE006009,2023,350.88330868497,91
NE006009,2024,467.75453472945,91
NE006009,2025,420.98038727658,91
NE006009,2026,226.1061444077,90
NE006010,1998,418.1741589109,91
NE006010,1999,430.84992048196,91
NE006010,2000,517.51226230437,91
NE006010,2001,441.30904412508,91
NE006010,2002,489.08880271285,91
NE006010,2003,417.69209763432,91
NE006010,2004,684.59524817011,91
NE006010,2005,606.585623671178,91
NE006010,2006,495.01873100964997,91
NE006010,2007,465.7211517819,91
NE006010,2008,316.157339361863,91
NE006010,2009,433.409038391683,91
NE006010,2010,557.16735348427,91
NE006010,2011,461.14150413364,91
NE006010,2012,558.939205198794,91
NE006010,2013,466.23662770378,91
NE006010,2014,306.47328886489,91
NE006010,2015,589.3202267540651,91
NE006010,2016,354.112123008933,91
NE006010,2017,524.48368615897,91
NE006010,2018,685.28375116577,91
NE006010,2019,621.1687346448,91
NE006010,2020,424.19532841592,91
NE006010,2021,569.41593576287,91
NE006010,2022,449.29231212704,91
NE006010,2023,393.14928450272,91
NE006010,2024,602.316737672718,91
NE006010,2025,506.1424790154,91
NE006010,2026,324.902763971953,90
NE006011,1998,351.35010602401,91
NE006011,1999,399.82033003306,91
NE006011,2000,331.9128831878,91
NE006011,2001,333.96534894701597,91
NE006011,2002,398.18195924546,91
NE006011,2003,290.95033575828,91
NE006011,2004,311.43233336413,91
NE006011,2005,468.6350803006,91
NE006011,2006,308.02831686302,91
NE006011,2007,326.72542997226003,91
NE006011,2008,371.78952175316,91
NE006011,2009,205.11670139428,91
NE006011,2010,403.6989621451,91
NE006011,2011,289.78999070158,91
NE006011,2012,483.35559431613,91
NE006011,2013,450.21852054121996,91
NE006011,2014,347.12200674006,91
NE006011,2015,474.35112763145,91
NE006011,2016,257.92962308073,91
NE006011,2017,386.37447060615,91
NE006011,2018,556.24668649821,91
NE006011,2019,407.9926573418,91
NE006011,2020,499.36286914134,91
NE006011,2021,391.03274786378,91
NE006011,2022,317.00944229305,91
NE006011,2023,391.71159647108,91
NE006011,2024,448.37270059458,91
NE006011,2025,417.65588068482,91
NE006011,2026,259.69933110973,90
NE006012,1998,321.48027950224,91
NE006012,1999,412.0762927608,91
NE006012,2000,345.89427156751,91
NE006012,2001,276.41715721547,91
NE006012,2002,394.37811544591,91
NE006012,2003,249.9912650894,91
NE006012,2004,351.3078807584,91
NE006012,2005,471.72363045247,91
NE006012,2006,343.917104219567,91
NE006012,2007,371.71698897511,91
NE006012,2008,324.86351638733,91
NE006012,2009,185.850775834034,91
NE006012,2010,385.721956054524,91
NE006012,2011,263.818898266604,91
NE006012,2012,443.37548057870004,91
NE006012,2013,365.76975902307,91
NE006012,2014,372.1606841642,91
NE006012,2015,473.3230475321,91
NE006012,2016,220.79843353948002,91
NE006012,2017,381.670078796911,91
NE006012,2018,478.868977315377,91
NE006012,2019,366.47421453236,91
NE006012,2020,430.51163643776397,91
NE006012,2021,426.3567470372,91
NE006012,2022,243.613316124107,91
NE006012,2023,390.16553810677,91
NE006012,2024,475.14212070284,91
NE006012,2025,415.51551414224,91
NE006012,2026,261.90531039843,90
NE006013,1998,528.43732000045,91
NE006013,1999,443.39491875519,91
NE006013,2000,381.78648367559,91
NE006013,2001,347.4693952876,91
NE006013,2002,453.194645497,91
NE006013,2003,322.42651123325,91
NE006013,2004,571.6484087185399,91
NE006013,2005,591.68573832008,91
NE006013,2006,426.55215528016,91
NE006013,2007,407.96322737039003,91
NE006013,2008,307.2226258755,91
NE006013,2009,374.81934845031003,91
NE006013,2010,482.6550685602,91
NE006013,2011,456.5794145981,91
NE006013,2012,575.58806975792,91
NE006013,2013,457.03111344256,91
NE006013,2014,301.70364800613,91
NE006013,2015,543.669632397,91
NE006013,2016,300.31924814957,91
NE006013,2017,452.09006004082,91
NE006013,2018,586.44117662443,91
NE006013,2019,441.74038487315,91
NE006013,2020,480.48822651625,91
NE006013,2021,587.19302187016,91
NE006013,2022,415.50307003047,91
NE006013,2023,400.43989275588,91
NE006013,2024,558.3932678683,91
NE006013,2025,416.3704360642,91
NE006013,2026,307.13613913872,90
NE007001,1998,315.33240679308,91
NE007001,1999,273.45417667107,91
NE007001,2000,195.13051648412,91
NE007001,2001,260.080024605645,91
NE007001,2002,216.475208282705,91
NE007001,2003,268.10895388343,91
NE007001,2004,236.88206213946,91
NE007001,2005,271.58167000351,91
NE007001,2006,139.29980142439,91
NE007001,2007,219.57867617195,91
NE007001,2008,263.6786092745,91
NE007001,2009,208.69414917374502,91
NE007001,2010,257.22919235947,91
NE007001,2011,251.80012378575,91
NE007001,2012,218.67373909158,91
NE007001,2013,268.07229084029,91
NE007001,2014,285.22543812726,91
NE007001,2015,248.79084120163,91
NE007001,2016,201.93271694343,91
NE007001,2017,229.566508167615,91
NE007001,2018,315.176116515015,91
NE007001,2019,261.99595346856,91
NE007001,2020,213.72888656799,91
NE007001,2021,321.852580141774,91
NE007001,2022,259.094050439178,91
NE007001,2023,226.9987394978,91
NE007001,2024,362.300888646245,91
NE007001,2025,363.32535368161,91
NE007001,2026,246.96720756679,90
NE007002,1998,380.93436517891,91
NE007002,1999,262.3607155335,91
NE007002,2000,320.77235880912997,91
NE007002,2001,464.19780612042,91
NE007002,2002,295.15325652456,91
NE007002,2003,402.4081075012,91
NE007002,2004,353.65382586348,91
NE007002,2005,254.69822524789,91
NE007002,2006,258.37975204822,91
NE007002,2007,369.86037837453,91
NE007002,2008,271.4339456562,91
NE007002,2009,220.63182633972,91
NE007002,2010,437.68888278842,91
NE007002,2011,258.26565120999,91
NE007002,2012,316.46292921229997,91
NE007002,2013,303.33768654275,91
NE007002,2014,252.15786953089,91
NE007002,2015,285.82762979435,91
NE007002,2016,295.42511250139,91
NE007002,2017,351.6345374689,91
NE007002,2018,437.1570566059,91
NE007002,2019,352.68363904227,91
NE007002,2020,266.12807585785,91
NE007002,2021,528.30791735045,91
NE007002,2022,420.67330881538,91
NE007002,2023,324.61726891752,91
NE007002,2024,524.81543615689,91
NE007002,2025,399.9347791423,91
NE007002,2026,282.87738979576,90
NE007003,1998,433.874106112522,91
NE007003,1999,305.691557852326,91
NE007003,2000,373.406351497129,91
NE007003,2001,505.39611178309997,91
NE007003,2002,392.552644594006,91
NE007003,2003,453.868736837203,91
NE007003,2004,366.01835707455,91
NE007003,2005,376.27597752635,91
NE007003,2006,438.592514857425,91
NE007003,2007,368.73798411335997,91
NE007003,2008,317.658361939576,91
NE007003,2009,474.12260654246,91
NE007003,2010,477.770162439996,91
NE007003,2011,368.70012690923,91
NE007003,2012,392.45400252961,91
NE007003,2013,394.3024415194,91
NE007003,2014,349.23475625746,91
NE007003,2015,412.66645485105,91
NE007003,2016,463.745562263746,91
NE007003,2017,419.2328168536,91
NE007003,2018,448.8248514595,91
NE007003,2019,501.89424499424,91
NE007003,2020,296.3334617221,91
NE007003,2021,456.669820021316,91
NE007003,2022,448.18730406411,91
NE007003,2023,327.180332339453,91
NE007003,2024,517.03756697223,91
NE007003,2025,372.48236856272,91
NE007003,2026,318.46985550722,90
NE007004,1998,346.3195828248,91
NE007004,1999,203.27204342577,91
NE007004,2000,309.0117057328,91
NE007004,2001,400.55193198126,91
NE007004,2002,283.6251167044,91
NE007004,2003,350.4676946869,91
NE007004,2004,340.76529639049,91
NE007004,2005,309.14167037384,91
NE007004,2006,278.77529101361,91
NE007004,2007,334.54649852716,91
NE007004,2008,245.526159853386,91
NE007004,2009,238.02004709817,91
NE007004,2010,394.7292705952,91
NE007004,2011,199.145871607,91
NE007004,2012,350.02861388036,91
NE007004,2013,289.11055647912,91
NE007004,2014,194.705790975,91
NE007004,2015,308.32312107437,91
NE007004,2016,379.4272977111,91
NE007004,2017,311.84947178183,91
NE007004,2018,392.8661537919,91
NE007004,2019,382.69117931501,91
NE007004,2020,258.74076587771003,91
NE007004,2021,479.38130534239997,91
NE007004,2022,355.99935733636,91
NE007004,2023,208.1221237485,91
NE007004,2024,475.83947699297,91
NE007004,2025,398.86993409946,91
NE007004,2026,226.03925661447,90
NE007005,1998,529.1390927776,91
NE007005,1999,463.1049191232,91
NE007005,2000,355.59498900535,91
NE007005,2001,454.44930895875,91
NE007005,2002,418.53176363527,91
NE007005,2003,394.97224932604,91
NE007005,2004,537.0769043280001,91
NE007005,2005,385.82924201162,91
NE007005,2006,365.6785494075,91
NE007005,2007,367.0236916002,91
NE007005,2008,351.9171885278,91
NE007005,2009,412.42793090795,91
NE007005,2010,456.2084781267,91
NE007005,2011,327.2569785145,91
NE007005,2012,427.01170409309,91
NE007005,2013,399.07753668167,91
NE007005,2014,330.55135538795,91
NE007005,2015,372.46369273555,91
NE007005,2016,286.4425988927,91
NE007005,2017,429.80862723846997,91
NE007005,2018,474.1219087356,91
NE007005,2019,524.7042380834,91
NE007005,2020,387.11129697178,91
NE007005,2021,436.0076593713,91
NE007005,2022,480.3251263007,91
NE007005,2023,456.3736152155,91
NE007005,2024,453.7268402522,91
NE007005,2025,457.0752668773,91
NE007005,2026,408.7019775875,90
NE007006,1998,495.476970216,91
NE007006,1999,394.24878869663,91
NE007006,2000,421.5566215834,91
NE007006,2001,515.52580438309,91
NE007006,2002,390.04763008497997,91
NE007006,2003,476.02363564963,91
NE007006,2004,472.74522226778,91
NE007006,2005,374.07650383605,91
NE007006,2006,387.73619621526,91
NE007006,2007,381.98344406226,91
NE007006,2008,359.79743410555,91
NE007006,2009,492.46541592723,91
NE007006,2010,475.59847954455,91
NE007006,2011,396.32886947796,91
NE007006,2012,495.8520354467,91
NE007006,2013,448.93758825459,91
NE007006,2014,343.47790263015,91
NE007006,2015,376.916191813225,91
NE007006,2016,373.33216030499,91
NE007006,2017,452.30735316765,91
NE007006,2018,487.22991057987997,91
NE007006,2019,585.73436652082,91
NE007006,2020,351.73030206471003,91
NE007006,2021,463.7759205331,91
NE007006,2022,490.73588883605,91
NE007006,2023,436.05417059938003,91
NE007006,2024,463.19615472505,91
NE007006,2025,417.24808943105,91
NE007006,2026,403.518636459,90
NE007007,1998,460.478048112898,91
NE007007,1999,371.67141715023,91
NE007007,2000,432.4926150887,91
NE007007,2001,481.30963019085,91
NE007007,2002,331.876971045166,91
NE007007,2003,480.460742778558,91
NE007007,2004,444.5891177661,91
NE007007,2005,331.85519139862,91
NE007007,2006,317.82423964716,91
NE007007,2007,355.9575289774,91
NE007007,2008,310.8193241627,91
NE007007,2009,327.127607770666,91
NE007007,2010,373.72677887457,91
NE007007,2011,315.772808221366,91
NE007007,2012,369.05130206826,91
NE007007,2013,343.998760203268,91
NE007007,2014,346.71070586679,91
NE007007,2015,322.004240812684,91
NE007007,2016,285.14543102989,91
NE007007,2017,405.37308176465,91
NE007007,2018,446.352847878052,91
NE007007,2019,515.233958426566,91
NE007007,2020,301.87626206722,91
NE007007,2021,510.12570261725,91
NE007007,2022,462.1873710956,91
NE007007,2023,401.489753215,91
NE007007,2024,445.82058438881,91
NE007007,2025,406.94951938284,91
NE007007,2026,387.58832734377603,90
NE007008,1998,382.22233263544,91
NE007008,1999,443.501116027832,91
NE007008,2000,327.5262046055,91
NE007008,2001,448.6555691948,91
NE007008,2002,337.2911601945,91
NE007008,2003,430.73476588265,91
NE007008,2004,409.82634414669997,91
NE007008,2005,383.2249912186,91
NE007008,2006,305.6759856301,91
NE007008,2007,401.5387319209,91
NE007008,2008,353.059133725445,91
NE007008,2009,272.03296437734997,91
NE007008,2010,307.77107643857,91
NE007008,2011,317.61219833406,91
NE007008,2012,341.64310660079,91
NE007008,2013,286.7559420375,91
NE007008,2014,289.395803089607,91
NE007008,2015,364.878099455687,91
NE007008,2016,223.20954641484,91
NE007008,2017,458.1788209406,91
NE007008,2018,379.389228199662,91
NE007008,2019,348.4316603079,91
NE007008,2020,360.52030686618,91
NE007008,2021,515.64651786412,91
NE007008,2022,443.42183747316,91
NE007008,2023,384.98061970218,91
NE007008,2024,469.93012545749,91
NE007008,2025,442.18057555333,91
NE007008,2026,326.10269626573,90
NE007009,1998,250.175509019904,91
NE007009,1999,234.811797661874,91
NE007009,2000,168.333277261904,91
NE007009,2001,277.56262823721,91
NE007009,2002,180.98377136646002,91
NE007009,2003,248.787198228855,91
NE007009,2004,205.34260176226,91
NE007009,2005,206.478539885929,91
NE007009,2006,109.89760793531799,91
NE007009,2007,225.84210196467,91
NE007009,2008,244.13916562770999,91
NE007009,2009,178.221092798776,91
NE007009,2010,256.856006674813,91
NE007009,2011,214.60298075983,91
NE007009,2012,219.201716522307,91
NE007009,2013,225.063770152445,91
NE007009,2014,230.01437526908,91
NE007009,2015,245.954420016148,91
NE007009,2016,206.28647414530002,91
NE007009,2017,240.570479964202,91
NE007009,2018,292.469916004406,91
NE007009,2019,194.755522458731,91
NE007009,2020,195.307855983604,91
NE007009,2021,255.005531964825,91
NE007009,2022,259.2489280464,91
NE007009,2023,177.555340089585,91
NE007009,2024,349.982486068247,91
NE007009,2025,302.597661973657,91
NE007009,2026,164.480993717864,90
NE007010,1998,117.609879014355,91
NE007010,1999,133.4734802466594,91
NE007010,2000,99.99345642871,91
NE007010,2001,99.65442444466,91
NE007010,2002,94.16954180531,91
NE007010,2003,96.2421381046,91
NE007010,2004,86.191180390298,91
NE007010,2005,122.833928257935,91
NE007010,2006,80.15406005204,91
NE007010,2007,140.67307932046,91
NE007010,2008,109.45494455577,91
NE007010,2009,64.195319397454,91
NE007010,2010,119.940551279233,91
NE007010,2011,91.060961856967,91
NE007010,2012,135.4925943027791,91
NE007010,2013,119.12060792637,91
NE007010,2014,97.79005556385701,91
NE007010,2015,127.157610589291,91
NE007010,2016,122.81318227997,91
NE007010,2017,113.787754106096,91
NE007010,2018,179.856057987983,91
NE007010,2019,129.448853002332,91
NE007010,2020,143.22389885945,91
NE007010,2021,151.20808137035002,91
NE007010,2022,144.948916396869,91
NE007010,2023,75.042035081559,91
NE007010,2024,238.460324499113,91
NE007010,2025,200.467673580596,91
NE007010,2026,78.132846303193,90
NE007011,1998,430.97123942950003,91
NE007011,1999,465.658120241,91
NE007011,2000,446.14968201,91
NE007011,2001,440.9334237453,91
NE007011,2002,322.14655747300003,91
NE007011,2003,513.4546901249,91
NE007011,2004,420.6309303818,91
NE007011,2005,350.69905805679997,91
NE007011,2006,304.2924914589,91
NE007011,2007,386.781233468,91
NE007011,2008,358.7018724788,91
NE007011,2009,285.977495862,91
NE007011,2010,321.7824979187,91
NE007011,2011,301.727494868,91
NE007011,2012,366.70623658799997,91
NE007011,2013,281.1174962068,91
NE007011,2014,362.7149892937,91
NE007011,2015,337.08686472060003,91
NE007011,2016,231.7581226221,91
NE007011,2017,383.7287365783,91
NE007011,2018,434.3434290988,91
NE007011,2019,485.63530393459996,91
NE007011,2020,343.2659337826,91
NE007011,2021,536.4702970609,91
NE007011,2022,471.24312146569997,91
NE007011,2023,390.9912411575,91
NE007011,2024,457.2531171837,91
NE007011,2025,433.4487449436,91
NE007011,2026,392.8018645999,90
NE008001,1998,446.80420255309997,91
NE008001,1999,376.951570391,91
NE008001,2000,412.32788728557,91
NE008001,2001,367.3855123395,91
NE008001,2002,526.638931503,91
NE008001,2003,265.13657188854,91
NE008001,2004,547.90235873261,91
NE008001,2005,536.03420803817,91
NE008001,2006,428.00393102280003,91
NE008001,2007,377.02288142897004,91
NE008001,2008,396.2334107907,91
NE008001,2009,325.77525394765,91
NE008001,2010,387.33025094239997,91
NE008001,2011,315.3173642777,91
NE008001,2012,537.2560382896,91
NE008001,2013,391.5747279186,91
NE008001,2014,483.10788220548,91
NE008001,2015,551.407354671,91
NE008001,2016,212.08867872844,91
NE008001,2017,388.35894797697,91
NE008001,2018,534.3239433509,91
NE008001,2019,346.6721020962,91
NE008001,2020,395.913135306,91
NE008001,2021,481.11024937359997,91
NE008001,2022,320.1278873607,91
NE008001,2023,379.51261985953,91
NE008001,2024,532.4744700664,91
NE008001,2025,465.8499905378,91
NE008001,2026,282.56762929738,90
